-- MySQL dump 10.13  Distrib 8.0.36, for Win64 (x86_64)
--
-- Host: localhost    Database: guesthouse_db
-- ------------------------------------------------------
-- Server version	8.3.0

/*!40101 SET @OLD_CHARACTER_SET_CLIENT=@@CHARACTER_SET_CLIENT */;
/*!40101 SET @OLD_CHARACTER_SET_RESULTS=@@CHARACTER_SET_RESULTS */;
/*!40101 SET @OLD_COLLATION_CONNECTION=@@COLLATION_CONNECTION */;
/*!50503 SET NAMES utf8 */;
/*!40103 SET @OLD_TIME_ZONE=@@TIME_ZONE */;
/*!40103 SET TIME_ZONE='+00:00' */;
/*!40014 SET @OLD_UNIQUE_CHECKS=@@UNIQUE_CHECKS, UNIQUE_CHECKS=0 */;
/*!40014 SET @OLD_FOREIGN_KEY_CHECKS=@@FOREIGN_KEY_CHECKS, FOREIGN_KEY_CHECKS=0 */;
/*!40101 SET @OLD_SQL_MODE=@@SQL_MODE, SQL_MODE='NO_AUTO_VALUE_ON_ZERO' */;
/*!40111 SET @OLD_SQL_NOTES=@@SQL_NOTES, SQL_NOTES=0 */;

--
-- Table structure for table `assignment`
--

DROP TABLE IF EXISTS `assignment`;
/*!40101 SET @saved_cs_client     = @@character_set_client */;
/*!50503 SET character_set_client = utf8mb4 */;
CREATE TABLE `assignment` (
  `room_no` int NOT NULL,
  `reservation_id` int DEFAULT NULL,
  `wifi_password` varchar(20) DEFAULT NULL,
  PRIMARY KEY (`room_no`),
  KEY `reservation_id` (`reservation_id`),
  CONSTRAINT `assignment_ibfk_1` FOREIGN KEY (`room_no`) REFERENCES `room` (`room_no`) ON DELETE CASCADE,
  CONSTRAINT `assignment_ibfk_2` FOREIGN KEY (`reservation_id`) REFERENCES `reservation` (`reservation_id`) ON DELETE CASCADE
) ENGINE=InnoDB DEFAULT CHARSET=utf8mb4 COLLATE=utf8mb4_0900_ai_ci;
/*!40101 SET character_set_client = @saved_cs_client */;

--
-- Dumping data for table `assignment`
--

LOCK TABLES `assignment` WRITE;
/*!40000 ALTER TABLE `assignment` DISABLE KEYS */;
INSERT INTO `assignment` VALUES (100,43,'pE8TiKVj=oUXMF'),(138,18,'wW0ms|KGTl'),(145,17,'uI7r=|/l'),(161,29,'fB5RKz2}A7r'),(194,9,'gM5aFjkA'),(204,13,'wE30@?b2?nKt8\\\''),(208,50,'kY8~`?GuX$D'),(223,3,'kS5b3xp<vi'),(227,6,'iH5s7LuT\"M\"'),(231,41,'sC2k5&HS=9\"H.'),(241,23,'qY9JtZb('),(242,30,'qI7jvVMdd>fIM0'),(244,24,'aG2=_VQW'),(272,19,'rV5{o/UF}'),(273,36,'vT9X}5j0z2,?Y9Y6'),(277,16,'zG8`k%r&Wt!yF'),(285,40,'nA4*2FjazE&nJ'),(299,10,'iE7\\\"{.)tczfyf4e\"'),(314,49,'lY1}%ayxB.5vb`'),(323,37,'xC6gsbC~\"LGbeAx\"'),(327,14,'rH06qhI1=jy'),(328,1,'qS541P&}xJ*,\\w%+'),(329,25,'bM7Ts0Zy'),(353,34,'oC7Rgj99h8{'),(356,21,'wR5iC4bC4JF'),(360,42,'pO4fR.yU'),(364,33,'oK1L*7\\`T'),(371,5,'zU4*<p%|cCtu2'),(383,8,'aU2<R\'7z<'),(390,4,'aV6/AS=J'),(407,38,'sI7D=@k@{\'k_ZXQ?'),(409,45,'gW2yP`<LckfZm'),(413,44,'tG0L$Tefkeej/'),(414,39,'xQ5x\'vA\\L3yZ$v'),(419,2,'iN3yYa8+A}\\\"n\"'),(432,15,'dK2Yhtgt'),(442,27,'mA6uEf.?'),(450,11,'aR1?.uNkcC=3'),(458,26,'oP4\"PNHvaG+Tv*(\"'),(469,20,'gU5$O{c`puP|m7'),(473,7,'oD4}KBeEcdkZNEn\"\"'),(478,35,'nO5sDH$fY'),(486,12,'nT0WoZQmf'),(487,28,'nV4Dgv45*(kq/j'),(493,46,'lW21TP.7L/,$I'),(495,48,'aP4G&UD1`M7Hc\"\"'),(497,32,'oK8&tOQ<u');
/*!40000 ALTER TABLE `assignment` ENABLE KEYS */;
UNLOCK TABLES;

--
-- Table structure for table `bill`
--

DROP TABLE IF EXISTS `bill`;
/*!40101 SET @saved_cs_client     = @@character_set_client */;
/*!50503 SET character_set_client = utf8mb4 */;
CREATE TABLE `bill` (
  `bill_id` int NOT NULL,
  `date_created` date DEFAULT NULL,
  `time_created` time DEFAULT NULL,
  `amount` decimal(10,0) NOT NULL,
  `bill_type` varchar(20) NOT NULL,
  `payment_method` varchar(15) DEFAULT NULL,
  `paid_status` tinyint(1) DEFAULT NULL,
  `generated_by` varchar(30) DEFAULT NULL,
  `description` text,
  PRIMARY KEY (`bill_id`),
  CONSTRAINT `bill_chk_1` CHECK ((`amount` < 100000))
) ENGINE=InnoDB DEFAULT CHARSET=utf8mb4 COLLATE=utf8mb4_0900_ai_ci;
/*!40101 SET character_set_client = @saved_cs_client */;

--
-- Dumping data for table `bill`
--

LOCK TABLES `bill` WRITE;
/*!40000 ALTER TABLE `bill` DISABLE KEYS */;
INSERT INTO `bill` VALUES (1,'2023-12-19','11:22:05',8976,'Room','Cash',1,'Dani','libero ut massa volutpat convallis morbi odio'),(2,'2023-03-08','08:32:20',273,'Room','Net Banking',1,'Theresina','cursus urna ut tellus nulla ut erat id mauris'),(3,'2023-11-09','07:35:54',2904,'Food','Debit Card',0,'Joye','non velit donec diam neque'),(4,'2023-03-24','20:46:09',5729,'Room','Debit Card',1,'Marthena','dui vel'),(5,'2023-09-08','02:52:33',8944,'Others','Credit Card',1,'Byrom','arcu adipiscing molestie'),(6,'2023-06-08','21:59:59',6560,'Others','Cash',0,'Lucila','est risus auctor'),(7,'2023-08-29','08:14:37',4898,'Food','UPI',0,'Guenevere','tellus nisi eu orci mauris'),(8,'2023-07-01','00:36:56',5127,'Travel','Net Banking',1,'Martino','faucibus orci luctus et ultrices posuere cubilia curae nulla'),(9,'2023-07-07','23:26:33',6924,'Food','Credit Card',1,'Chickie','nibh in hac habitasse platea dictumst aliquam augue quam'),(10,'2023-03-16','19:19:45',7912,'Room','Debit Card',0,'Katalin','sagittis nam congue risus semper porta volutpat quam pede'),(11,'2023-06-06','09:05:24',9587,'Travel','Debit Card',1,'Jeane','cursus vestibulum proin eu mi nulla ac enim'),(12,'2023-12-31','01:06:32',8512,'Food','Net Banking',1,'Julianne','aliquam non mauris morbi non lectus aliquam sit'),(13,'2023-06-05','18:24:07',1233,'Others','Net Banking',1,'Cloe','ligula in lacus curabitur at ipsum ac tellus'),(14,'2023-07-28','16:01:34',5252,'Others','Net Banking',0,'Mal','ultrices vel augue vestibulum ante ipsum primis in'),(15,'2023-04-05','09:32:04',554,'Others','Credit Card',1,'Vita','in porttitor pede justo eu massa donec dapibus duis at'),(16,'2023-11-13','10:59:03',1360,'Others','Cash',1,'Shanan','ut blandit non interdum in ante vestibulum ante ipsum primis'),(17,'2023-04-17','19:09:09',2967,'Travel','Cash',1,'Amalia','non velit nec nisi vulputate nonummy maecenas'),(18,'2023-07-24','09:39:03',8079,'Travel','UPI',0,'Hilda','quis libero nullam sit amet turpis elementum ligula'),(19,'2023-09-18','07:21:39',4139,'Food','Debit Card',0,'Elvina','ultricies eu nibh quisque id justo sit'),(20,'2023-11-13','10:34:11',2612,'Travel','UPI',0,'Cthrine','iaculis congue vivamus metus arcu adipiscing molestie hendrerit'),(21,'2023-12-19','14:37:00',6683,'Room','Debit Card',1,'Shel','lorem quisque ut erat curabitur gravida nisi'),(22,'2023-08-11','03:47:24',6696,'Travel','Cash',1,'Merwin','suspendisse potenti cras in purus eu magna'),(23,'2023-06-02','05:52:36',1519,'Food','Credit Card',0,'Rowney','ultrices enim lorem ipsum dolor'),(24,'2023-10-07','17:54:54',5123,'Food','Debit Card',0,'Ransell','aliquet maecenas leo odio condimentum id'),(25,'2023-04-06','11:19:42',7589,'Food','Debit Card',1,'Kipp','nam ultrices libero non mattis pulvinar nulla'),(26,'2023-11-24','16:05:30',9758,'Food','Cash',1,'Diane','sem duis aliquam convallis nunc proin'),(27,'2023-03-18','21:29:57',7276,'Travel','Credit Card',1,'Othello','lectus aliquam sit amet diam in'),(28,'2023-08-09','09:12:24',540,'Others','UPI',1,'Bernhard','nam congue risus semper porta volutpat quam pede'),(29,'2023-04-25','23:28:41',9068,'Travel','Net Banking',0,'Goldy','auctor sed tristique in tempus'),(30,'2023-08-25','06:55:44',891,'Room','UPI',0,'Tomaso','molestie sed justo pellentesque viverra pede ac diam cras pellentesque'),(31,'2023-11-23','23:22:30',2320,'Others','Credit Card',0,'Cosme','justo maecenas rhoncus aliquam lacus morbi quis tortor id'),(32,'2023-12-29','08:45:25',761,'Travel','Debit Card',1,'Ward','donec odio justo sollicitudin ut suscipit a feugiat et eros'),(33,'2023-10-24','15:04:34',8539,'Travel','Net Banking',0,'Claretta','aliquet maecenas leo odio condimentum id luctus nec molestie'),(34,'2023-04-18','18:33:15',5325,'Food','UPI',1,'Klarika','nisi eu orci mauris lacinia sapien quis'),(35,'2023-02-24','14:37:46',6067,'Food','Credit Card',0,'Chet','velit eu est congue elementum in hac habitasse platea dictumst'),(36,'2024-01-10','14:39:11',3111,'Others','Cash',0,'Lind','enim leo rhoncus sed'),(37,'2023-06-04','21:47:34',262,'Room','Cash',0,'Cozmo','augue vel accumsan tellus nisi eu'),(38,'2023-07-21','08:54:11',9835,'Food','Debit Card',0,'Elvera','ultrices enim lorem ipsum dolor sit amet'),(39,'2023-09-04','00:11:46',7719,'Travel','Cash',0,'Kahlil','porta volutpat quam pede lobortis ligula'),(40,'2023-09-27','22:14:37',9739,'Travel','Debit Card',0,'Mattie','blandit lacinia'),(41,'2023-02-27','13:34:03',8124,'Travel','Debit Card',0,'Shermie','pellentesque ultrices'),(42,'2023-06-26','15:50:21',4978,'Others','Net Banking',0,'Jocko','vestibulum sed magna at'),(43,'2023-09-17','17:44:28',3241,'Food','UPI',0,'Lek','maecenas tincidunt lacus at'),(44,'2023-03-05','20:28:28',8452,'Others','Debit Card',1,'Issie','dolor morbi'),(45,'2023-04-08','08:02:54',2808,'Food','Credit Card',0,'Thorsten','in leo'),(46,'2023-12-16','00:20:58',7720,'Others','Cash',1,'Maryjane','vitae ipsum aliquam non mauris morbi'),(47,'2024-01-22','08:20:38',9094,'Others','Debit Card',1,'Gayelord','eros elementum'),(48,'2023-04-28','14:14:29',8027,'Room','Cash',1,'Brennen','donec diam neque vestibulum eget vulputate ut ultrices'),(49,'2024-01-24','07:54:04',7743,'Room','Credit Card',0,'Lamond','nisi vulputate nonummy'),(50,'2024-02-10','19:28:47',3646,'Food','Net Banking',0,'Bordy','ultrices aliquet maecenas leo odio condimentum'),(51,'2023-11-29','22:23:37',3511,'Room','UPI',1,'Frank','nec molestie sed'),(52,'2023-10-30','02:02:50',182,'Food','Cash',0,'Francoise','id nisl'),(53,'2024-02-09','17:52:20',8317,'Food','Debit Card',1,'Udell','vestibulum vestibulum ante ipsum primis'),(54,'2023-05-10','06:58:52',1205,'Room','Credit Card',1,'Homer','amet diam in magna bibendum'),(55,'2023-03-18','17:55:42',2380,'Others','Net Banking',0,'Daveen','quisque arcu libero rutrum ac lobortis vel'),(56,'2023-09-24','05:19:10',9059,'Travel','Credit Card',1,'Marj','eu mi nulla ac'),(57,'2024-01-20','09:25:54',2564,'Others','UPI',0,'Jayson','id nisl venenatis lacinia aenean sit amet'),(58,'2023-07-19','10:37:25',1106,'Travel','Cash',1,'Phaedra','nisl venenatis lacinia aenean sit amet'),(59,'2024-01-02','14:14:31',5056,'Food','Net Banking',1,'Adelbert','nulla ultrices aliquet maecenas leo odio condimentum id luctus nec'),(60,'2023-03-26','19:57:32',8975,'Room','Net Banking',1,'Ardene','convallis tortor risus dapibus augue vel'),(61,'2023-09-14','03:57:34',3988,'Others','Cash',0,'Sophi','ullamcorper augue a'),(62,'2023-03-04','19:41:57',5492,'Others','UPI',0,'Dyana','ac nulla sed vel enim sit amet nunc viverra dapibus'),(63,'2023-07-11','04:06:49',3196,'Room','Credit Card',0,'Wilma','molestie nibh in lectus pellentesque at nulla suspendisse potenti'),(64,'2023-12-03','02:26:32',1943,'Travel','UPI',1,'Xever','ante ipsum primis in'),(65,'2023-03-18','13:12:32',8318,'Food','Cash',1,'Joline','volutpat sapien arcu sed augue aliquam erat volutpat'),(66,'2023-11-09','11:34:10',8561,'Room','Net Banking',0,'Conni','ac leo pellentesque ultrices'),(67,'2023-02-13','08:17:46',490,'Others','UPI',1,'Gilbert','nulla elit ac nulla sed'),(68,'2023-09-23','00:04:13',8716,'Room','UPI',1,'Polly','bibendum imperdiet nullam orci pede venenatis non sodales sed tincidunt'),(69,'2024-01-29','23:16:58',6584,'Food','Debit Card',1,'Meridith','amet cursus id turpis integer aliquet massa'),(70,'2023-09-11','01:12:29',8391,'Food','Cash',0,'Vidovik','magnis dis parturient montes nascetur ridiculus mus etiam'),(71,'2023-10-08','16:49:01',44,'Room','Debit Card',0,'Lion','elit proin risus praesent lectus vestibulum quam sapien varius'),(72,'2023-03-26','22:07:33',557,'Room','Net Banking',1,'Trever','justo maecenas rhoncus aliquam lacus morbi quis tortor id'),(73,'2024-01-20','00:17:09',9707,'Travel','Net Banking',1,'Norene','vestibulum ac'),(74,'2024-02-07','01:25:05',3094,'Food','UPI',1,'Nelia','platea dictumst morbi vestibulum'),(75,'2023-11-19','05:05:01',5254,'Others','Net Banking',0,'Aubrie','donec ut dolor morbi vel lectus in quam fringilla rhoncus'),(76,'2023-10-04','00:50:05',8280,'Food','UPI',0,'Analiese','eu orci mauris lacinia sapien quis'),(77,'2023-04-01','11:21:39',1958,'Food','Credit Card',0,'Nona','habitasse platea dictumst etiam faucibus cursus urna ut tellus'),(78,'2023-03-07','23:41:06',6801,'Room','UPI',0,'Antoni','nibh in hac habitasse platea dictumst aliquam'),(79,'2023-11-19','02:07:39',6673,'Food','Net Banking',0,'Terra','at nulla suspendisse potenti cras'),(80,'2024-01-24','11:19:24',5722,'Food','UPI',0,'Valenka','maecenas ut massa quis augue luctus tincidunt'),(81,'2023-07-26','03:09:21',2399,'Others','Cash',1,'Raye','vivamus in felis eu sapien'),(82,'2023-07-05','11:40:42',3013,'Room','UPI',0,'Noe','nisl duis bibendum felis sed interdum venenatis turpis'),(83,'2023-06-30','23:58:12',1477,'Others','Credit Card',1,'Caritta','erat nulla tempus vivamus in felis eu'),(84,'2024-01-09','06:29:38',7575,'Travel','Net Banking',0,'Kirby','congue risus semper porta volutpat quam pede lobortis'),(85,'2024-01-25','13:30:46',8518,'Others','Debit Card',1,'Rustie','luctus et ultrices posuere cubilia curae duis faucibus accumsan odio'),(86,'2023-05-13','06:14:28',565,'Food','UPI',1,'Gusta','turpis integer aliquet'),(87,'2024-01-19','14:36:49',916,'Travel','Net Banking',0,'Enrica','imperdiet sapien'),(88,'2023-08-14','21:38:01',587,'Others','Cash',0,'Rae','lectus in est'),(89,'2023-05-05','19:27:06',7184,'Travel','Credit Card',0,'Rosco','pellentesque volutpat dui maecenas tristique est et tempus semper'),(90,'2023-10-17','18:00:09',7273,'Travel','Net Banking',1,'Laurella','felis sed interdum venenatis turpis'),(91,'2023-02-04','11:12:05',7873,'Travel','Debit Card',1,'Sybila','donec posuere metus vitae'),(92,'2023-08-25','14:24:33',3420,'Travel','Debit Card',0,'Gerald','suspendisse potenti nullam porttitor lacus at turpis donec posuere'),(93,'2023-06-27','20:44:53',8800,'Room','Net Banking',0,'Herb','turpis sed ante vivamus tortor'),(94,'2023-05-10','19:18:28',2447,'Others','Net Banking',0,'Leighton','augue luctus tincidunt nulla mollis molestie lorem quisque ut'),(95,'2023-02-14','12:11:38',4019,'Room','Net Banking',0,'Jaquith','natoque penatibus et magnis dis parturient montes nascetur ridiculus'),(96,'2023-08-15','14:21:05',788,'Others','Cash',1,'Ogdan','rhoncus sed vestibulum sit amet cursus id turpis'),(97,'2023-02-01','06:14:17',240,'Travel','Cash',1,'Petey','nulla sed accumsan'),(98,'2024-01-27','14:04:58',9778,'Room','UPI',1,'Albert','mattis pulvinar nulla pede ullamcorper augue a suscipit'),(99,'2023-11-25','10:33:10',8843,'Travel','Cash',1,'Kathrine','non mauris'),(100,'2023-03-08','14:00:30',9095,'Food','Cash',1,'Neely','porttitor lacus at turpis'),(101,'2023-11-03','16:45:25',4482,'Food','Cash',1,'Ronni','eros viverra eget congue eget semper rutrum nulla'),(102,'2023-06-29','10:12:22',8932,'Room','UPI',1,'Rozele','consequat in consequat ut'),(103,'2023-07-30','04:21:49',985,'Travel','Debit Card',0,'Carmita','odio cras mi pede malesuada in'),(104,'2023-09-01','17:47:54',5013,'Travel','Debit Card',1,'Virginia','consequat nulla nisl nunc nisl duis bibendum felis'),(105,'2023-09-20','15:03:32',5291,'Travel','Net Banking',1,'Maggie','porttitor lacus at turpis donec posuere metus vitae'),(106,'2023-10-31','12:01:40',7524,'Others','Credit Card',1,'Trevor','sed vel enim sit'),(107,'2023-05-03','15:50:53',6479,'Food','UPI',1,'Michale','sit amet lobortis sapien sapien non'),(108,'2024-02-09','01:33:59',1475,'Travel','Net Banking',1,'Maxine','aenean lectus'),(109,'2023-08-08','02:08:43',8017,'Others','Credit Card',1,'Collete','sapien dignissim vestibulum vestibulum ante ipsum primis in faucibus orci'),(110,'2023-04-30','22:22:50',7470,'Travel','Cash',1,'Brad','sagittis sapien cum sociis natoque penatibus'),(111,'2024-01-02','21:03:57',5320,'Travel','Credit Card',0,'Deeann','tempor turpis nec'),(112,'2023-02-07','14:21:49',1438,'Food','UPI',1,'Almire','quisque porta'),(113,'2024-01-19','08:00:40',2715,'Travel','Cash',0,'Leona','cubilia curae nulla dapibus dolor vel est donec'),(114,'2023-11-23','03:00:21',7025,'Travel','Credit Card',0,'Marcella','lacinia erat'),(115,'2023-04-16','14:02:06',9723,'Room','UPI',0,'Jessy','lacus morbi quis tortor id nulla ultrices'),(116,'2023-05-22','07:00:52',8127,'Room','Credit Card',0,'Ethelin','est et tempus semper est'),(117,'2023-09-08','18:43:50',7250,'Food','Net Banking',0,'Gayleen','sem mauris laoreet ut rhoncus aliquet pulvinar sed'),(118,'2024-02-03','14:28:15',4052,'Food','Net Banking',0,'Evelin','donec semper sapien a libero nam dui proin'),(119,'2023-06-27','13:50:29',3750,'Others','Debit Card',0,'Elvira','nisl nunc rhoncus dui vel sem sed sagittis nam'),(120,'2023-06-22','14:09:31',9058,'Others','Credit Card',1,'Jacinthe','faucibus cursus urna ut tellus nulla'),(121,'2023-11-16','05:12:02',7793,'Others','UPI',1,'Mariska','fusce posuere'),(122,'2023-12-06','08:42:41',6575,'Others','UPI',0,'Hildegaard','vestibulum ante ipsum primis in faucibus'),(123,'2023-08-12','22:33:53',2337,'Others','UPI',0,'Isidora','odio porttitor id consequat in consequat'),(124,'2023-12-06','03:06:13',3058,'Others','UPI',1,'Riannon','magna ac consequat metus sapien ut nunc vestibulum'),(125,'2023-07-24','02:39:20',4444,'Travel','Cash',0,'Ernie','mauris laoreet ut rhoncus aliquet pulvinar sed nisl nunc rhoncus'),(126,'2023-09-14','05:34:30',2372,'Room','Credit Card',0,'Sunshine','rutrum nulla nunc'),(127,'2023-07-14','20:41:51',5696,'Room','Net Banking',1,'Clarice','hac habitasse platea dictumst morbi'),(128,'2023-11-18','13:27:55',1167,'Food','UPI',0,'Lorie','proin interdum mauris non ligula pellentesque ultrices phasellus id'),(129,'2024-02-04','03:34:00',4429,'Room','Net Banking',0,'Frankie','a libero nam dui proin leo odio porttitor'),(130,'2023-12-21','17:27:06',8767,'Others','UPI',0,'Eddie','phasellus in felis donec'),(131,'2024-01-22','00:39:44',663,'Others','Debit Card',0,'Irving','vel dapibus at diam nam tristique'),(132,'2023-04-29','19:49:16',9713,'Travel','Credit Card',0,'Ursala','augue aliquam erat volutpat in congue etiam justo etiam pretium'),(133,'2023-03-30','17:37:46',1803,'Others','Cash',0,'Genvieve','orci luctus et ultrices posuere cubilia'),(134,'2023-07-28','16:43:57',1229,'Room','Credit Card',0,'Lilla','vel nulla eget eros elementum pellentesque quisque porta'),(135,'2023-10-21','20:56:24',5813,'Food','Debit Card',0,'Rianon','odio justo sollicitudin ut'),(136,'2023-09-04','14:51:09',4576,'Food','Net Banking',0,'Agnola','phasellus sit amet erat nulla tempus vivamus in felis eu'),(137,'2024-01-04','05:42:36',1118,'Others','UPI',0,'Sheelah','ultrices aliquet maecenas leo odio condimentum'),(138,'2023-10-17','02:49:46',543,'Travel','UPI',0,'Alano','felis fusce posuere felis sed lacus morbi sem mauris'),(139,'2023-11-24','08:56:13',3889,'Others','Net Banking',0,'Minnaminnie','accumsan felis ut at dolor quis odio consequat varius'),(140,'2023-12-21','05:25:35',3668,'Travel','Cash',1,'Abbie','pulvinar lobortis est'),(141,'2024-02-11','09:54:44',5733,'Room','Net Banking',1,'Elysia','tincidunt lacus at velit'),(142,'2023-03-20','17:03:03',3904,'Others','Cash',1,'Bonita','turpis nec euismod scelerisque quam turpis adipiscing lorem vitae mattis'),(143,'2023-06-10','18:12:24',2363,'Room','Credit Card',0,'Garreth','in tempus sit amet sem fusce consequat nulla nisl'),(144,'2023-09-24','12:21:54',9614,'Room','Credit Card',0,'Reynolds','augue aliquam erat volutpat in congue etiam justo etiam pretium'),(145,'2024-02-14','15:20:35',9376,'Food','Cash',0,'Odella','nec dui luctus rutrum'),(146,'2023-11-11','08:14:32',134,'Room','Debit Card',0,'Karil','convallis nulla neque libero convallis eget eleifend luctus ultricies eu'),(147,'2023-10-05','06:22:05',7877,'Room','UPI',1,'Claire','sit amet erat nulla tempus'),(148,'2023-08-29','11:59:49',8420,'Room','Net Banking',0,'Royal','luctus et ultrices posuere cubilia curae donec pharetra magna vestibulum'),(149,'2023-06-29','05:52:05',4447,'Travel','Net Banking',1,'Iseabal','id ligula suspendisse ornare consequat lectus in est'),(150,'2023-11-17','11:57:02',5399,'Travel','Net Banking',1,'Jaime','purus eu magna vulputate'),(151,'2023-09-29','01:55:23',10000,'Room','Net Banking',1,'Franny','dui vel sem'),(152,'2024-01-09','02:40:52',9383,'Room','Net Banking',1,'Salomi','lacus at turpis donec'),(153,'2023-05-12','19:18:30',8839,'Others','Credit Card',0,'Inessa','in felis eu sapien cursus vestibulum proin eu mi nulla'),(154,'2023-10-05','18:58:15',405,'Travel','Debit Card',0,'Maribelle','consequat lectus in est risus auctor'),(155,'2023-04-11','15:51:13',6169,'Room','Credit Card',0,'Audrey','praesent id massa id nisl venenatis lacinia aenean sit'),(156,'2023-08-26','02:28:11',1898,'Others','Net Banking',0,'Audy','pede ac diam cras pellentesque volutpat dui maecenas tristique'),(157,'2023-04-04','03:33:49',1108,'Room','Cash',1,'Glenna','nibh in quis justo maecenas'),(158,'2023-08-10','06:40:12',2207,'Others','Net Banking',0,'Lorilee','nec nisi volutpat eleifend donec ut dolor morbi vel'),(159,'2023-03-14','09:55:52',7667,'Travel','UPI',0,'Jermaine','augue vel accumsan tellus nisi eu orci mauris'),(160,'2023-11-13','20:10:20',2395,'Food','Credit Card',0,'Ruth','luctus rutrum'),(161,'2023-10-15','12:56:43',6556,'Room','Debit Card',1,'Carlynne','ultrices aliquet maecenas'),(162,'2023-10-29','15:34:02',4384,'Room','UPI',1,'Mara','nulla nisl nunc nisl duis bibendum felis sed interdum venenatis'),(163,'2023-03-01','05:36:05',5977,'Room','Credit Card',0,'Domingo','blandit non interdum in ante vestibulum ante'),(164,'2023-03-09','13:23:04',4433,'Travel','UPI',1,'Dian','ut ultrices vel augue'),(165,'2023-06-23','14:22:02',247,'Travel','UPI',0,'Dee dee','lacinia aenean sit'),(166,'2023-03-14','04:37:34',8243,'Travel','Cash',1,'Amie','at velit eu est congue'),(167,'2024-01-12','13:52:51',3271,'Room','UPI',1,'Haleigh','tristique fusce congue diam id ornare imperdiet sapien'),(168,'2023-05-14','04:10:47',8309,'Others','Credit Card',1,'Zea','id pretium iaculis'),(169,'2024-01-09','14:16:07',216,'Others','Net Banking',0,'Opal','vel accumsan tellus nisi'),(170,'2023-10-06','09:01:04',8258,'Others','Net Banking',0,'Dehlia','sed augue aliquam'),(171,'2023-08-16','05:18:19',8413,'Food','Debit Card',0,'Hillel','vulputate nonummy maecenas tincidunt lacus at velit vivamus vel'),(172,'2023-12-16','13:47:34',7756,'Food','Net Banking',0,'Perry','suscipit ligula in'),(173,'2023-12-01','00:45:29',6061,'Others','UPI',0,'Tybi','ultrices enim lorem ipsum dolor sit amet consectetuer adipiscing elit'),(174,'2023-04-23','13:12:15',7960,'Others','Net Banking',0,'Laraine','id justo sit amet sapien dignissim vestibulum vestibulum'),(175,'2023-02-08','20:23:29',7186,'Others','Net Banking',1,'Mariejeanne','in sagittis dui vel nisl duis ac nibh fusce'),(176,'2023-05-07','02:40:25',7829,'Room','Debit Card',0,'Bruno','habitasse platea'),(177,'2023-07-01','11:54:54',6420,'Travel','Credit Card',0,'Chaim','sed justo pellentesque viverra pede ac diam cras'),(178,'2023-10-29','10:52:14',9055,'Others','Debit Card',0,'Lesli','rhoncus aliquet pulvinar sed nisl'),(179,'2023-06-05','07:48:51',6393,'Travel','Net Banking',0,'Lewes','quam nec dui luctus rutrum'),(180,'2023-04-23','09:53:48',8723,'Others','Cash',0,'Skipper','cras in purus eu magna vulputate luctus'),(181,'2024-02-03','12:39:17',1505,'Travel','UPI',0,'Leeanne','eget orci vehicula condimentum curabitur'),(182,'2023-03-08','09:33:04',7840,'Food','Cash',1,'Karney','vestibulum quam'),(183,'2023-02-07','20:23:25',7710,'Food','Credit Card',0,'Dulcie','commodo placerat'),(184,'2024-01-09','20:59:16',4863,'Room','Cash',1,'Bernie','cursus urna ut tellus nulla ut'),(185,'2023-08-15','18:16:27',2048,'Room','Debit Card',1,'Val','dapibus augue'),(186,'2023-09-15','11:53:05',5863,'Room','Cash',1,'Emma','faucibus accumsan odio curabitur convallis duis consequat dui nec'),(187,'2023-08-24','22:17:57',4391,'Room','UPI',0,'Zachary','blandit mi in porttitor'),(188,'2023-08-22','21:11:31',4953,'Travel','UPI',1,'Kori','auctor gravida sem praesent id massa id'),(189,'2023-09-03','06:54:24',7934,'Travel','Debit Card',1,'Adiana','in tempor turpis nec euismod scelerisque quam'),(190,'2024-01-24','03:50:24',1857,'Travel','Net Banking',0,'Clotilda','id massa id nisl venenatis lacinia aenean'),(191,'2024-01-23','07:50:58',5794,'Travel','Cash',1,'Roi','nullam varius nulla facilisi cras'),(192,'2023-03-12','14:06:44',2617,'Travel','UPI',0,'Hewett','metus vitae ipsum aliquam non mauris morbi non'),(193,'2023-07-05','01:15:14',8766,'Travel','Cash',0,'Holmes','sodales scelerisque mauris sit amet eros suspendisse accumsan'),(194,'2023-03-04','02:19:33',4917,'Travel','Net Banking',1,'Noell','libero non mattis pulvinar nulla pede ullamcorper augue'),(195,'2023-07-23','01:39:09',510,'Others','Net Banking',0,'Pansy','ut dolor morbi vel lectus in quam fringilla rhoncus mauris'),(196,'2024-01-09','18:01:38',3410,'Food','UPI',0,'Nefen','natoque penatibus et magnis dis parturient montes nascetur ridiculus'),(197,'2023-05-27','07:44:14',5453,'Food','Net Banking',0,'Mariann','nonummy integer non velit donec diam neque vestibulum eget'),(198,'2023-08-20','19:56:09',3508,'Food','Cash',0,'Anderson','nisl duis ac'),(199,'2023-05-26','05:17:49',471,'Travel','Cash',1,'Axel','in sapien iaculis congue vivamus metus arcu'),(200,'2023-10-08','06:22:55',685,'Room','Credit Card',1,'Brose','nulla pede ullamcorper'),(201,'2023-04-01','01:14:06',8038,'Room','Credit Card',1,'Arron','pretium quis lectus suspendisse potenti in eleifend quam'),(202,'2023-12-17','07:44:53',7086,'Room','Cash',1,'Yancey','amet consectetuer adipiscing elit proin interdum'),(203,'2023-03-16','00:50:25',8258,'Others','Net Banking',1,'Allsun','nam dui proin leo odio porttitor id consequat'),(204,'2023-04-29','04:58:17',3250,'Others','Debit Card',1,'Emily','duis consequat dui nec nisi volutpat eleifend donec'),(205,'2023-05-30','13:11:22',4280,'Others','Cash',1,'Tamarra','tincidunt in leo maecenas pulvinar lobortis est phasellus'),(206,'2023-03-20','23:34:00',9352,'Others','UPI',1,'Kala','ultrices aliquet maecenas leo odio condimentum id luctus'),(207,'2023-10-11','15:32:38',1256,'Food','Debit Card',1,'Chad','vestibulum aliquet ultrices erat tortor sollicitudin'),(208,'2024-01-07','14:08:18',6368,'Travel','Debit Card',0,'Nannie','eget eleifend luctus ultricies eu nibh quisque'),(209,'2024-01-17','10:30:10',7100,'Food','Net Banking',0,'Krishna','vitae consectetuer eget rutrum at lorem integer'),(210,'2024-01-05','00:13:41',5247,'Room','Cash',1,'Germain','suspendisse accumsan tortor quis turpis sed ante vivamus'),(211,'2024-01-02','21:15:33',9829,'Travel','UPI',1,'Tootsie','augue aliquam erat volutpat in congue etiam'),(212,'2023-07-13','17:17:09',423,'Others','Credit Card',0,'Darcee','tempus semper est quam pharetra magna ac consequat metus sapien'),(213,'2023-02-12','01:49:46',2460,'Others','Cash',0,'Yorker','lacus at turpis donec posuere metus'),(214,'2023-09-23','14:23:00',7510,'Room','Net Banking',0,'Clotilda','ante ipsum primis in faucibus orci luctus et ultrices posuere'),(215,'2023-04-30','16:59:05',5135,'Travel','Debit Card',1,'Brandice','at dolor quis odio'),(216,'2023-09-10','23:20:03',5046,'Others','Debit Card',1,'Ax','ligula suspendisse ornare consequat lectus in est risus auctor sed'),(217,'2024-02-14','05:13:39',5370,'Room','Net Banking',1,'Em','molestie sed justo'),(218,'2023-04-07','23:04:37',7368,'Travel','Net Banking',1,'Gwennie','amet lobortis sapien'),(219,'2023-11-22','10:14:45',1080,'Others','Net Banking',0,'Ly','fermentum justo nec condimentum'),(220,'2024-01-05','19:11:34',2128,'Others','Credit Card',1,'Giff','donec pharetra magna'),(221,'2023-09-16','11:50:54',7798,'Food','Debit Card',0,'Tally','lobortis ligula sit amet eleifend pede libero quis orci nullam'),(222,'2023-06-29','18:18:08',1012,'Food','Credit Card',0,'Nikolaus','quis tortor id nulla ultrices aliquet'),(223,'2023-11-03','07:46:34',2771,'Food','Debit Card',1,'Claiborne','parturient montes nascetur ridiculus mus etiam vel augue vestibulum'),(224,'2023-10-06','10:58:04',8513,'Travel','UPI',1,'Albrecht','purus phasellus in felis donec'),(225,'2023-02-28','18:43:29',4059,'Others','UPI',0,'Averyl','orci luctus et ultrices'),(226,'2023-05-17','00:07:43',7865,'Room','Credit Card',0,'Marion','purus phasellus in felis'),(227,'2023-07-09','06:32:26',7495,'Room','Debit Card',0,'Andrei','in libero ut massa volutpat convallis morbi odio odio elementum'),(228,'2023-11-21','01:40:10',9297,'Others','Debit Card',0,'Jo ann','consequat ut nulla sed accumsan'),(229,'2023-07-03','04:42:36',9241,'Travel','Debit Card',1,'Emmanuel','pede posuere nonummy integer non velit donec diam neque vestibulum'),(230,'2023-08-22','01:14:56',2767,'Travel','Net Banking',1,'Odella','at diam'),(231,'2023-04-28','10:58:12',7463,'Travel','Net Banking',0,'Adrienne','justo nec'),(232,'2023-10-23','03:29:06',6094,'Others','Cash',1,'Ysabel','lacus at velit vivamus vel nulla eget eros'),(233,'2024-01-19','14:39:04',2827,'Food','Credit Card',0,'Sophronia','volutpat quam'),(234,'2023-08-14','10:37:34',5558,'Others','Cash',1,'Law','pellentesque viverra pede ac diam cras pellentesque volutpat'),(235,'2023-06-19','22:24:25',5639,'Room','Net Banking',1,'Fanny','blandit ultrices enim lorem ipsum dolor sit amet consectetuer'),(236,'2023-11-10','23:28:52',8712,'Food','Net Banking',1,'Sharleen','quam fringilla rhoncus mauris enim'),(237,'2023-11-11','00:36:25',307,'Others','Cash',1,'Carlyn','nam dui proin'),(238,'2023-12-20','17:36:57',7426,'Others','Credit Card',0,'Dyana','odio cras mi pede malesuada in imperdiet'),(239,'2023-09-21','07:15:42',9546,'Travel','Cash',0,'Justinn','proin at turpis a'),(240,'2024-01-08','11:55:49',4656,'Others','Cash',0,'Lacie','duis ac nibh'),(241,'2023-07-19','15:01:34',2624,'Travel','Cash',1,'Vanda','dolor morbi vel lectus in quam fringilla rhoncus mauris'),(242,'2024-02-06','22:10:16',3097,'Travel','Credit Card',0,'Brnaby','purus phasellus in felis donec semper sapien a libero'),(243,'2023-02-16','22:04:21',1461,'Food','Debit Card',0,'Esmaria','tincidunt lacus at velit vivamus vel'),(244,'2023-12-26','12:28:21',6247,'Travel','UPI',1,'Tabbie','in imperdiet et'),(245,'2023-02-04','03:27:11',6475,'Others','UPI',1,'Corena','libero nam dui proin leo odio porttitor'),(246,'2023-12-17','17:50:23',9243,'Others','Debit Card',0,'Patrice','elementum nullam varius nulla facilisi cras non'),(247,'2023-10-09','02:05:22',6685,'Others','Debit Card',0,'Bianka','nulla neque libero convallis eget'),(248,'2023-08-19','13:24:03',1141,'Travel','Net Banking',1,'Rollin','porttitor lacus at turpis donec posuere'),(249,'2023-10-14','00:58:48',4202,'Others','Cash',1,'Ashbey','justo pellentesque viverra pede ac'),(250,'2023-12-20','02:24:36',6523,'Room','Debit Card',0,'Regine','at turpis donec posuere metus vitae'),(251,'2023-03-03','17:42:14',5923,'Room','Cash',1,'Annecorinne','ultricies eu nibh quisque id justo sit amet sapien dignissim'),(252,'2023-09-28','03:29:47',2854,'Travel','Cash',1,'Kendrick','pede justo eu massa donec dapibus'),(253,'2023-11-07','13:35:36',7053,'Food','Net Banking',1,'Toby','ac diam cras pellentesque volutpat'),(254,'2023-10-20','15:36:24',4559,'Others','Credit Card',1,'Sib','sit amet eros suspendisse accumsan tortor quis turpis sed ante'),(255,'2023-10-28','20:24:30',461,'Travel','Credit Card',0,'Lyndel','vel sem sed sagittis nam'),(256,'2023-08-21','07:13:46',8400,'Travel','UPI',1,'Kevon','volutpat convallis morbi odio odio elementum'),(257,'2023-11-11','00:04:29',1135,'Room','Cash',0,'Wileen','turpis a pede posuere nonummy integer non velit'),(258,'2024-01-26','03:49:51',4435,'Others','Debit Card',1,'Patrice','sed vestibulum sit amet'),(259,'2023-08-07','22:23:18',4189,'Food','Cash',1,'Obed','potenti in eleifend'),(260,'2023-09-03','07:11:10',5476,'Travel','Credit Card',1,'Krisha','morbi porttitor lorem id ligula suspendisse ornare'),(261,'2023-09-11','11:12:57',8376,'Food','Credit Card',0,'Margarette','in porttitor'),(262,'2023-09-24','16:59:06',867,'Others','UPI',1,'Toinette','quis augue luctus tincidunt nulla mollis'),(263,'2023-10-21','03:34:12',4391,'Food','Credit Card',0,'Frank','aliquam erat volutpat in congue etiam justo etiam pretium iaculis'),(264,'2023-09-04','17:22:36',5196,'Travel','Net Banking',0,'Cynthie','vestibulum quam sapien'),(265,'2023-11-01','04:25:34',4897,'Others','Net Banking',0,'Chiquita','viverra eget congue eget semper'),(266,'2023-03-30','02:14:08',4470,'Travel','Cash',0,'Evangeline','luctus et'),(267,'2023-09-08','08:13:19',4076,'Travel','Debit Card',0,'Alphonso','pretium quis lectus suspendisse potenti'),(268,'2023-12-08','08:56:18',9109,'Room','UPI',0,'Esta','ac enim in tempor turpis nec'),(269,'2023-03-17','17:36:56',6188,'Food','Net Banking',1,'Nannie','in hac habitasse'),(270,'2023-11-04','17:45:35',2856,'Room','Net Banking',1,'Ashien','augue aliquam erat volutpat in congue etiam justo'),(271,'2024-02-14','18:43:28',69,'Room','UPI',1,'Cassey','semper rutrum nulla nunc purus phasellus in felis'),(272,'2023-07-18','19:40:55',4656,'Food','Cash',0,'Gray','justo sit'),(273,'2023-08-03','19:19:46',5854,'Others','Net Banking',1,'Rochella','est donec odio justo sollicitudin ut suscipit'),(274,'2023-12-05','23:14:19',1641,'Others','Credit Card',0,'Cosette','adipiscing lorem vitae mattis nibh ligula'),(275,'2023-11-07','10:28:09',3770,'Food','UPI',0,'Susy','sapien quis libero nullam sit amet turpis'),(276,'2023-07-07','22:52:03',6418,'Travel','UPI',0,'Julianna','vitae nisi nam'),(277,'2023-09-09','19:48:23',5192,'Food','UPI',1,'Elijah','quis orci nullam molestie'),(278,'2023-05-25','17:57:43',5955,'Others','UPI',0,'Phyllis','sed accumsan felis ut'),(279,'2023-10-25','21:53:35',7225,'Others','Net Banking',0,'Sarge','id lobortis convallis tortor risus dapibus'),(280,'2023-04-01','22:36:33',2969,'Food','Net Banking',0,'Cale','nec nisi volutpat eleifend donec ut'),(281,'2023-12-13','13:22:40',4573,'Travel','Net Banking',1,'Rock','duis consequat dui nec nisi volutpat eleifend'),(282,'2023-07-07','21:17:23',34,'Food','UPI',0,'Nevin','nec condimentum'),(283,'2024-02-11','18:38:24',8939,'Travel','Cash',0,'Pierre','luctus et ultrices posuere'),(284,'2023-11-23','04:25:05',7373,'Food','UPI',0,'Kerrill','diam vitae quam suspendisse potenti'),(285,'2023-06-28','20:41:44',7060,'Travel','UPI',0,'Ailbert','fusce lacus'),(286,'2024-01-27','17:47:30',8704,'Food','Debit Card',1,'Claudelle','nulla tempus'),(287,'2023-07-11','23:40:08',9700,'Room','UPI',1,'Nady','justo etiam pretium iaculis justo in hac habitasse platea dictumst'),(288,'2023-09-27','06:25:36',5422,'Others','Cash',0,'Myrna','vel ipsum praesent blandit lacinia erat vestibulum sed'),(289,'2023-12-22','20:36:50',9083,'Travel','Debit Card',1,'Damita','nullam sit amet turpis elementum ligula vehicula'),(290,'2023-12-04','04:01:05',4021,'Others','Debit Card',1,'Allix','ultrices posuere cubilia curae mauris viverra'),(291,'2023-06-16','22:22:22',5161,'Room','Credit Card',0,'Rollo','eu est congue elementum in hac habitasse platea'),(292,'2023-12-25','15:08:33',4792,'Food','Debit Card',1,'Kayne','urna pretium nisl ut volutpat sapien arcu sed augue'),(293,'2023-04-11','03:20:06',740,'Food','UPI',0,'Wylma','ac diam cras'),(294,'2023-10-23','13:06:27',749,'Travel','Debit Card',1,'Sherman','dis parturient montes nascetur ridiculus'),(295,'2023-09-01','19:36:59',4455,'Travel','UPI',1,'Julius','scelerisque quam turpis adipiscing'),(296,'2023-05-24','01:24:16',1622,'Room','Debit Card',1,'Jedd','fusce congue diam id ornare'),(297,'2023-04-20','11:22:38',5519,'Room','Credit Card',1,'Webster','fusce consequat nulla nisl'),(298,'2023-06-18','07:12:40',820,'Others','Net Banking',1,'Angelico','semper rutrum nulla nunc purus phasellus'),(299,'2023-04-08','01:45:49',2282,'Travel','Debit Card',0,'Ailene','leo pellentesque'),(300,'2023-03-04','05:22:37',182,'Room','UPI',0,'Natalina','odio porttitor'),(301,'2023-09-05','02:24:48',2401,'Room','UPI',1,'Morly','luctus et ultrices posuere cubilia curae mauris viverra'),(302,'2023-07-13','17:46:01',8645,'Food','UPI',1,'Hughie','consequat in consequat ut nulla sed accumsan felis ut'),(303,'2023-05-26','05:46:24',1407,'Food','Debit Card',0,'Engracia','lorem ipsum dolor sit amet'),(304,'2023-08-02','23:32:24',5050,'Room','Net Banking',0,'Elisha','integer aliquet massa id lobortis convallis tortor risus'),(305,'2023-07-04','04:32:33',4742,'Others','Net Banking',0,'Reinhold','libero rutrum ac lobortis vel dapibus'),(306,'2023-11-08','00:32:52',3387,'Food','Credit Card',1,'Jillane','malesuada in imperdiet et commodo vulputate justo'),(307,'2023-12-17','13:53:06',310,'Travel','Debit Card',1,'Janeva','id nisl venenatis lacinia'),(308,'2023-05-12','21:18:46',3434,'Travel','UPI',0,'Cloe','et eros vestibulum ac est lacinia'),(309,'2023-02-21','02:09:27',1954,'Room','UPI',0,'Gregoire','at nibh in hac habitasse platea dictumst aliquam'),(310,'2023-09-14','08:40:33',2568,'Others','Debit Card',1,'Lindsey','dapibus at diam nam tristique tortor eu pede'),(311,'2024-01-13','08:50:22',3324,'Room','Cash',1,'Lizette','vestibulum proin eu mi nulla'),(312,'2023-02-02','06:19:48',4871,'Food','UPI',1,'Davidson','proin risus praesent lectus vestibulum quam sapien varius ut blandit'),(313,'2023-03-22','02:12:22',7094,'Food','Credit Card',0,'Nicoline','a feugiat et eros'),(314,'2023-11-06','00:48:00',6898,'Others','Cash',1,'Dwayne','et ultrices posuere cubilia curae donec pharetra magna vestibulum aliquet'),(315,'2023-05-09','20:03:56',2857,'Food','Credit Card',1,'Fleurette','mauris eget massa'),(316,'2023-03-23','01:12:43',4008,'Food','Debit Card',1,'Fremont','nulla integer pede justo lacinia eget tincidunt eget tempus'),(317,'2023-10-04','09:47:41',3912,'Room','UPI',1,'Thia','magna ac consequat metus sapien ut nunc'),(318,'2023-11-09','00:24:42',30,'Travel','UPI',1,'Terese','sed justo pellentesque viverra pede ac'),(319,'2023-06-15','08:59:40',3130,'Others','Cash',0,'Tomasina','nibh fusce lacus purus aliquet at feugiat non'),(320,'2024-02-15','01:49:50',8191,'Food','UPI',1,'Pincas','urna pretium nisl ut volutpat sapien arcu sed augue aliquam'),(321,'2023-06-18','21:12:05',7131,'Food','Cash',0,'Rosamond','lacinia aenean sit amet justo'),(322,'2023-03-19','23:30:00',9547,'Food','Credit Card',0,'Hannah','a odio in hac habitasse platea dictumst maecenas ut'),(323,'2023-06-18','11:15:50',3197,'Travel','Net Banking',1,'Nyssa','in felis'),(324,'2023-07-12','01:43:05',2597,'Food','Net Banking',0,'Imogene','risus semper porta volutpat quam'),(325,'2023-03-13','11:44:42',3558,'Others','Net Banking',0,'Lebbie','molestie nibh in lectus'),(326,'2023-09-14','06:37:26',1661,'Others','Net Banking',0,'Kingston','luctus et ultrices posuere'),(327,'2023-09-28','16:46:58',1364,'Others','Debit Card',0,'Harwilll','ac nulla sed vel enim sit amet nunc viverra dapibus'),(328,'2023-04-28','14:06:00',1517,'Travel','Cash',1,'Loella','sapien quis libero'),(329,'2023-05-09','11:18:33',1734,'Food','Net Banking',0,'Loreen','suspendisse potenti'),(330,'2023-10-19','23:41:39',8386,'Others','UPI',1,'Lena','sagittis dui vel'),(331,'2023-12-20','13:17:17',9810,'Travel','Debit Card',1,'Tania','convallis nunc proin at turpis a pede'),(332,'2023-09-15','06:14:07',7742,'Others','Cash',0,'Petronia','etiam pretium iaculis justo'),(333,'2024-01-13','13:29:51',4906,'Room','UPI',0,'Arden','sapien placerat ante nulla'),(334,'2024-02-14','17:11:30',4967,'Travel','UPI',0,'Theodoric','etiam faucibus cursus urna ut'),(335,'2023-04-26','07:06:46',9217,'Others','Cash',0,'Tanny','sollicitudin mi sit amet lobortis sapien sapien non'),(336,'2023-02-07','07:08:09',3323,'Travel','Cash',1,'Alva','nibh fusce'),(337,'2023-12-29','23:53:52',4247,'Travel','Debit Card',1,'Renault','ac tellus semper interdum mauris ullamcorper'),(338,'2023-07-06','03:05:28',2739,'Room','Debit Card',0,'Kermy','nunc viverra dapibus nulla suscipit ligula in lacus curabitur'),(339,'2023-10-06','09:39:42',9206,'Room','UPI',1,'Domingo','eu interdum eu tincidunt in leo maecenas pulvinar lobortis est'),(340,'2023-11-06','16:55:49',9418,'Others','Cash',0,'Bent','nec euismod scelerisque quam'),(341,'2023-10-11','17:14:49',9046,'Travel','Credit Card',0,'Raimund','odio consequat varius integer ac leo pellentesque'),(342,'2023-03-10','07:08:43',7848,'Travel','UPI',0,'Dane','vulputate nonummy maecenas tincidunt lacus'),(343,'2023-11-30','06:09:37',1861,'Food','Net Banking',1,'Benny','mattis nibh ligula nec sem duis aliquam convallis nunc'),(344,'2023-09-21','10:17:54',7322,'Room','Cash',0,'Jess','adipiscing molestie hendrerit'),(345,'2024-01-06','06:21:14',9737,'Travel','Debit Card',1,'Chloe','ante ipsum primis in faucibus orci luctus'),(346,'2023-03-07','10:29:43',3364,'Food','Credit Card',0,'Esme','mauris laoreet ut rhoncus aliquet pulvinar sed nisl'),(347,'2024-01-03','08:27:24',4632,'Others','Cash',1,'Kippar','risus auctor sed tristique in tempus sit'),(348,'2023-02-26','14:33:57',8888,'Travel','Debit Card',1,'Rob','posuere felis sed'),(349,'2023-10-28','03:39:22',5738,'Travel','Net Banking',0,'Collete','maecenas tristique est et tempus semper est quam pharetra'),(350,'2024-01-20','22:40:46',7453,'Room','Cash',0,'Bobbie','habitasse platea dictumst'),(351,'2023-07-22','00:21:38',3155,'Travel','Debit Card',1,'Cookie','nulla ac enim in'),(352,'2023-02-04','03:39:45',2316,'Travel','UPI',0,'Jock','cursus urna ut tellus nulla ut erat id mauris'),(353,'2023-02-27','20:15:37',9260,'Travel','UPI',1,'Lolita','pellentesque ultrices mattis odio donec vitae nisi'),(354,'2023-08-24','23:58:39',5413,'Travel','UPI',1,'Gage','curabitur convallis duis consequat dui nec nisi volutpat eleifend donec'),(355,'2023-12-10','04:27:15',5797,'Travel','Debit Card',1,'Fernando','in magna'),(356,'2023-02-22','13:49:56',2298,'Food','Credit Card',1,'Ruthie','diam neque vestibulum eget vulputate ut ultrices'),(357,'2024-01-06','23:47:47',5505,'Food','Debit Card',0,'Weber','quisque id justo sit amet'),(358,'2023-12-12','20:57:53',5868,'Room','Credit Card',1,'Malcolm','diam vitae quam suspendisse'),(359,'2023-06-25','11:46:28',5119,'Others','Net Banking',1,'Burch','sem mauris laoreet ut rhoncus aliquet pulvinar sed'),(360,'2023-07-31','00:45:52',8906,'Food','Cash',0,'Cyrus','justo in hac habitasse platea dictumst etiam faucibus cursus'),(361,'2024-01-15','18:28:51',3341,'Food','Net Banking',1,'Linnet','justo nec condimentum neque sapien'),(362,'2023-11-08','20:08:22',7069,'Others','UPI',0,'Meryl','volutpat erat quisque erat eros viverra'),(363,'2023-12-05','09:15:18',4174,'Travel','UPI',1,'Bertina','sed lacus morbi sem mauris laoreet ut rhoncus aliquet pulvinar'),(364,'2023-02-28','02:08:22',7957,'Food','Debit Card',1,'Talia','odio porttitor id'),(365,'2023-04-24','01:40:13',9384,'Travel','Debit Card',1,'Eleanore','ligula sit amet'),(366,'2023-06-03','14:16:28',4577,'Room','Debit Card',0,'Darbie','porttitor lacus at turpis donec'),(367,'2023-07-28','15:59:37',6273,'Others','Cash',0,'Jay','luctus et ultrices posuere cubilia curae donec pharetra magna'),(368,'2023-12-14','10:22:24',3688,'Room','Cash',0,'Latisha','mus etiam vel augue vestibulum'),(369,'2024-01-13','00:24:31',2450,'Travel','Net Banking',0,'Kizzee','a suscipit nulla elit ac'),(370,'2023-09-24','06:29:15',3168,'Room','UPI',1,'Ingra','eget massa tempor convallis nulla'),(371,'2023-10-24','06:49:07',29,'Room','Cash',1,'Shelli','sapien urna pretium nisl'),(372,'2023-12-27','23:15:22',448,'Room','UPI',1,'Jamal','dui nec'),(373,'2023-08-12','22:05:24',6197,'Travel','Credit Card',0,'Hector','dictumst aliquam augue'),(374,'2023-12-08','21:45:51',3243,'Travel','Debit Card',1,'Rae','sed sagittis nam congue'),(375,'2023-03-18','00:54:55',6365,'Travel','Credit Card',0,'Nealon','elit proin risus praesent lectus'),(376,'2023-02-17','21:34:40',9683,'Food','Cash',0,'Jeanne','quis orci eget orci vehicula condimentum curabitur in libero'),(377,'2024-01-02','13:41:52',6288,'Travel','Net Banking',0,'Kettie','condimentum id luctus nec molestie sed justo'),(378,'2023-04-22','12:05:41',9621,'Others','Cash',1,'Dorothea','aliquet massa id lobortis convallis tortor risus dapibus'),(379,'2023-07-09','00:30:52',2040,'Others','Net Banking',1,'Esme','porta volutpat quam pede lobortis ligula sit amet eleifend'),(380,'2023-10-14','18:28:01',1857,'Food','UPI',0,'Silva','mauris non ligula pellentesque ultrices phasellus'),(381,'2023-03-03','00:39:16',3117,'Room','Debit Card',1,'Wyndham','congue vivamus metus arcu adipiscing molestie hendrerit at vulputate vitae'),(382,'2023-10-08','19:16:23',9026,'Travel','Debit Card',1,'Margery','eget semper rutrum'),(383,'2024-01-29','16:12:31',7700,'Travel','Debit Card',1,'Marena','quis orci nullam molestie nibh in lectus pellentesque at'),(384,'2023-11-09','14:19:36',4461,'Food','UPI',1,'Garrett','dui nec nisi'),(385,'2023-08-22','01:35:02',5698,'Food','Credit Card',1,'Luce','massa id'),(386,'2024-02-03','00:56:39',4081,'Others','Credit Card',1,'Rodi','pede morbi'),(387,'2024-02-14','21:44:12',4745,'Food','Credit Card',1,'Melicent','maecenas rhoncus'),(388,'2024-01-07','06:54:33',8040,'Others','UPI',1,'Pansie','lectus pellentesque eget nunc donec quis orci eget'),(389,'2024-01-30','00:57:51',6919,'Food','Cash',1,'Wilek','urna ut'),(390,'2023-08-04','12:12:48',3785,'Room','Net Banking',0,'Meryl','vel accumsan'),(391,'2023-02-04','07:57:28',6677,'Room','Debit Card',0,'Ortensia','rhoncus sed vestibulum sit amet cursus id turpis'),(392,'2023-08-27','08:24:07',4354,'Travel','Debit Card',0,'Debbie','elit proin interdum mauris non ligula pellentesque ultrices phasellus'),(393,'2023-09-02','03:15:32',5001,'Room','Debit Card',1,'Walther','sed ante vivamus'),(394,'2023-08-27','04:07:48',1815,'Room','Credit Card',0,'Nalani','ridiculus mus etiam vel augue vestibulum rutrum rutrum neque aenean'),(395,'2023-02-24','12:15:47',5096,'Travel','Credit Card',0,'Mona','platea dictumst etiam'),(396,'2023-09-10','03:53:40',5962,'Travel','Credit Card',0,'Gib','placerat ante nulla justo aliquam quis turpis eget'),(397,'2023-04-18','08:22:27',5887,'Travel','Cash',1,'Evelina','placerat ante'),(398,'2023-08-21','12:40:09',7204,'Others','Credit Card',0,'Karyl','condimentum neque sapien placerat ante nulla justo'),(399,'2024-01-18','02:24:39',345,'Food','Cash',1,'Petr','diam vitae quam suspendisse potenti nullam porttitor lacus'),(400,'2023-08-06','03:53:26',6311,'Others','Net Banking',1,'Merl','in faucibus orci luctus et'),(401,'2023-06-11','05:29:31',9445,'Travel','Net Banking',0,'Noe','nibh in'),(402,'2024-01-06','18:56:58',432,'Others','UPI',0,'Brenna','proin risus praesent lectus vestibulum'),(403,'2023-04-13','22:16:36',814,'Room','Credit Card',1,'Ray','ut suscipit a feugiat et'),(404,'2023-05-02','05:19:04',7252,'Others','UPI',0,'Tally','morbi porttitor lorem'),(405,'2023-06-01','12:51:36',7689,'Room','Credit Card',0,'Alicia','turpis sed ante vivamus tortor duis mattis egestas metus aenean'),(406,'2024-01-13','04:04:10',2265,'Food','Debit Card',1,'Grata','lorem quisque ut'),(407,'2023-06-18','03:46:27',6580,'Food','UPI',1,'Robinette','in faucibus orci luctus et ultrices posuere cubilia curae mauris'),(408,'2023-11-19','09:23:29',1779,'Food','Debit Card',0,'Brion','in purus eu magna vulputate luctus'),(409,'2023-07-01','14:41:50',1636,'Others','Cash',0,'Bert','proin eu mi nulla ac'),(410,'2023-11-10','20:18:27',7240,'Travel','UPI',0,'Birch','sodales scelerisque mauris sit amet eros suspendisse accumsan'),(411,'2023-11-15','20:49:10',4729,'Food','Debit Card',1,'Carlin','varius ut blandit non interdum in ante vestibulum'),(412,'2023-10-27','06:24:37',4578,'Room','Debit Card',1,'Vidovic','pulvinar nulla pede ullamcorper augue'),(413,'2024-02-04','05:48:13',4991,'Travel','UPI',1,'Harrison','in purus eu magna vulputate luctus cum'),(414,'2023-12-01','13:56:06',9922,'Food','Credit Card',0,'Enid','adipiscing molestie hendrerit at vulputate vitae nisl aenean lectus'),(415,'2023-02-01','14:17:07',791,'Food','Debit Card',0,'Perice','tempus vivamus in felis'),(416,'2023-04-03','05:39:36',9599,'Travel','Credit Card',0,'Vite','sagittis nam congue'),(417,'2024-02-15','15:07:42',8982,'Travel','Cash',0,'Ada','sit amet cursus id turpis integer aliquet'),(418,'2023-03-29','18:36:02',4879,'Food','Debit Card',1,'Duffy','ipsum integer a'),(419,'2023-10-07','05:24:28',2783,'Travel','Debit Card',0,'Emlen','eget eleifend luctus'),(420,'2023-02-24','11:56:47',3585,'Food','Debit Card',0,'Molli','nulla justo'),(421,'2023-12-27','00:09:58',2942,'Food','Cash',1,'Benji','sem sed'),(422,'2023-04-28','02:37:51',2845,'Travel','Net Banking',0,'Scarlett','cras non velit'),(423,'2024-02-12','06:04:28',6105,'Room','Cash',0,'Arny','nibh ligula'),(424,'2023-08-22','06:51:10',3682,'Food','Credit Card',0,'Arliene','habitasse platea dictumst etiam faucibus cursus urna ut tellus nulla'),(425,'2023-03-15','16:23:56',8143,'Room','Net Banking',1,'Elihu','non interdum in ante vestibulum ante ipsum primis'),(426,'2023-10-26','02:21:57',7991,'Travel','UPI',0,'Hieronymus','sem mauris laoreet ut rhoncus aliquet'),(427,'2023-12-22','17:28:28',3887,'Travel','Credit Card',1,'Peyton','ultricies eu nibh quisque'),(428,'2023-11-29','21:16:06',3543,'Travel','UPI',0,'Dione','consequat ut nulla sed accumsan felis'),(429,'2023-06-07','12:06:00',114,'Others','Debit Card',1,'Jewelle','etiam faucibus cursus urna ut tellus nulla ut erat'),(430,'2023-10-17','19:02:58',156,'Others','Debit Card',0,'Deb','vitae consectetuer eget'),(431,'2023-04-06','02:16:51',5646,'Room','Net Banking',0,'Dorothy','amet consectetuer adipiscing elit proin interdum mauris non'),(432,'2023-12-18','10:00:43',9761,'Others','Cash',1,'Kimball','ut massa'),(433,'2023-03-10','14:33:01',614,'Room','Cash',0,'Zebulen','nulla ut erat id mauris vulputate elementum'),(434,'2023-07-05','01:22:32',4191,'Others','UPI',1,'Byrann','luctus nec molestie'),(435,'2023-11-15','17:52:26',9732,'Room','Net Banking',1,'Garv','nam dui proin leo odio porttitor id consequat in consequat'),(436,'2023-11-29','06:54:59',270,'Travel','Net Banking',0,'Gilburt','accumsan felis ut at dolor quis odio consequat varius'),(437,'2023-04-12','09:37:42',4885,'Room','Credit Card',0,'Vinnie','habitasse platea dictumst aliquam augue quam sollicitudin vitae consectetuer'),(438,'2023-07-01','21:27:53',8481,'Food','Net Banking',0,'Linoel','quam a odio in hac habitasse platea'),(439,'2023-11-02','21:31:28',2712,'Others','Credit Card',0,'Craig','pede morbi porttitor lorem id ligula suspendisse ornare consequat'),(440,'2023-03-04','06:22:44',514,'Travel','Debit Card',1,'Joscelin','libero quis orci nullam molestie'),(441,'2023-04-17','13:50:30',7354,'Travel','Credit Card',1,'Tanitansy','etiam justo etiam pretium iaculis justo in hac habitasse platea'),(442,'2023-09-19','22:30:58',1739,'Others','Net Banking',1,'Monti','sit amet turpis elementum ligula vehicula consequat morbi a'),(443,'2023-09-13','07:19:09',4510,'Food','UPI',0,'Jeni','purus sit amet nulla quisque arcu libero rutrum'),(444,'2023-02-07','17:24:39',7765,'Travel','Credit Card',0,'Ulrica','neque duis bibendum morbi non quam nec dui luctus rutrum'),(445,'2023-02-26','14:27:06',2272,'Room','Cash',1,'Rhody','facilisi cras'),(446,'2023-12-17','12:42:12',6975,'Travel','UPI',0,'Eadie','donec semper sapien'),(447,'2023-03-21','03:42:09',1929,'Travel','Credit Card',0,'Cordie','fringilla rhoncus mauris enim'),(448,'2023-08-05','01:40:02',4353,'Others','Cash',1,'Mara','lacus curabitur at ipsum ac tellus semper interdum mauris ullamcorper'),(449,'2023-02-16','13:26:48',4185,'Room','Cash',1,'Avrom','lorem quisque'),(450,'2023-03-12','15:11:48',4271,'Others','UPI',0,'Urbano','tellus nulla ut erat id mauris vulputate'),(451,'2023-03-16','20:22:48',4488,'Travel','Net Banking',0,'Ashil','et tempus semper est'),(452,'2023-10-31','13:49:40',3784,'Travel','UPI',1,'Nikolas','risus semper porta volutpat quam pede lobortis ligula sit amet'),(453,'2024-01-25','12:34:18',7402,'Food','UPI',1,'Roda','proin leo odio'),(454,'2023-10-23','05:06:21',4049,'Food','Debit Card',0,'Angelita','pellentesque ultrices phasellus id sapien in sapien iaculis'),(455,'2023-06-07','14:33:19',8880,'Travel','UPI',0,'Austina','volutpat quam pede lobortis ligula sit amet eleifend pede'),(456,'2023-11-29','05:42:30',9216,'Travel','Net Banking',1,'Amos','quam turpis adipiscing lorem vitae mattis nibh ligula nec sem'),(457,'2023-05-22','18:21:17',1611,'Food','Debit Card',1,'Saunder','amet consectetuer'),(458,'2024-01-28','14:09:13',7636,'Food','Credit Card',0,'Mella','justo aliquam'),(459,'2023-07-10','23:19:36',5560,'Others','Credit Card',0,'Egan','leo pellentesque ultrices mattis odio'),(460,'2023-02-01','13:06:49',5429,'Food','Net Banking',1,'Howey','ultrices libero'),(461,'2023-05-20','05:16:41',6250,'Others','UPI',1,'Damon','cursus vestibulum proin eu'),(462,'2023-03-17','15:59:34',3522,'Food','Debit Card',1,'Sue','purus eu magna vulputate luctus cum'),(463,'2023-12-25','15:26:16',3914,'Others','Credit Card',0,'Vicki','non mi integer ac'),(464,'2024-01-18','03:18:08',4024,'Travel','Credit Card',1,'Heida','mauris eget massa tempor convallis nulla neque libero convallis'),(465,'2023-11-21','00:57:45',4053,'Food','UPI',0,'Gunner','pretium iaculis diam erat fermentum justo nec condimentum neque sapien'),(466,'2023-06-27','08:48:41',5394,'Others','Debit Card',1,'Silvie','ac est lacinia nisi venenatis tristique fusce congue diam id'),(467,'2023-09-19','10:36:17',153,'Travel','Net Banking',1,'Hailey','quis turpis eget elit sodales scelerisque mauris sit'),(468,'2023-05-30','02:38:28',6272,'Food','Cash',1,'Kip','nunc purus phasellus in'),(469,'2023-08-29','05:52:50',8584,'Travel','Debit Card',0,'Jennette','auctor sed tristique in tempus sit amet sem fusce'),(470,'2023-10-22','20:41:44',4316,'Food','Cash',1,'Briny','justo sollicitudin ut suscipit'),(471,'2023-09-05','11:22:28',1828,'Room','Credit Card',1,'Evered','in lacus curabitur at ipsum ac tellus'),(472,'2023-07-27','23:04:40',8653,'Room','Credit Card',0,'Roselin','eu tincidunt in leo maecenas pulvinar lobortis est phasellus'),(473,'2023-08-12','19:53:45',1713,'Food','Debit Card',1,'Jody','dictumst maecenas ut massa quis'),(474,'2023-02-19','00:14:36',9874,'Food','Debit Card',0,'Roseann','mus etiam vel augue vestibulum rutrum'),(475,'2023-12-30','17:13:01',4136,'Room','UPI',0,'Oren','semper sapien a libero nam dui proin leo odio'),(476,'2023-09-03','17:37:11',5583,'Others','UPI',1,'Omar','ultricies eu nibh quisque id justo sit amet sapien dignissim'),(477,'2023-03-04','02:20:57',4137,'Food','UPI',1,'Misha','et ultrices posuere cubilia curae mauris viverra'),(478,'2023-09-20','07:31:39',4768,'Travel','Debit Card',0,'Briny','nulla elit ac nulla sed'),(479,'2023-12-19','20:11:55',2090,'Food','Cash',1,'Tania','ipsum aliquam non mauris morbi non lectus'),(480,'2023-07-04','14:58:52',89,'Food','UPI',1,'Vincents','vestibulum ante ipsum primis in faucibus orci luctus'),(481,'2023-03-09','07:20:59',8144,'Travel','UPI',0,'Berta','orci vehicula condimentum curabitur in'),(482,'2023-10-24','22:42:49',795,'Food','Credit Card',0,'Donall','justo sit amet sapien dignissim vestibulum vestibulum ante ipsum'),(483,'2023-02-19','07:06:29',2869,'Others','Debit Card',1,'Marie-ann','eu pede'),(484,'2023-05-07','09:11:13',3054,'Others','Credit Card',1,'Morlee','ac lobortis vel'),(485,'2023-07-21','17:25:21',1514,'Food','Net Banking',1,'Clayton','justo morbi ut odio cras mi pede malesuada'),(486,'2023-07-30','14:48:58',4564,'Others','Debit Card',0,'Lynett','donec ut mauris eget massa tempor'),(487,'2023-03-27','05:18:11',8833,'Food','Debit Card',1,'Hagan','nibh in hac habitasse platea dictumst aliquam'),(488,'2024-01-13','00:55:24',3114,'Food','Cash',0,'Crin','vel sem sed sagittis nam congue risus semper porta'),(489,'2023-10-23','21:20:42',7744,'Travel','Cash',0,'Marian','massa donec dapibus duis'),(490,'2024-02-12','07:53:11',3912,'Room','Debit Card',0,'Bessy','consequat ut'),(491,'2023-03-23','11:28:36',4284,'Travel','Credit Card',1,'Mikol','eu mi nulla'),(492,'2023-07-08','20:12:38',3621,'Room','Net Banking',0,'Kevin','neque duis bibendum morbi non quam'),(493,'2023-07-24','14:25:46',8284,'Travel','Net Banking',1,'Hendrick','viverra pede'),(494,'2024-01-02','12:25:18',5515,'Room','Debit Card',1,'Barnabe','dapibus augue vel accumsan tellus'),(495,'2023-06-27','00:11:58',3721,'Others','UPI',1,'Judye','orci nullam molestie'),(496,'2023-09-19','09:40:42',6357,'Travel','UPI',1,'Kylen','interdum in ante vestibulum ante ipsum primis in faucibus'),(497,'2023-12-08','21:38:13',1272,'Others','Debit Card',1,'Leslie','ipsum primis in faucibus orci luctus et ultrices posuere cubilia'),(498,'2023-03-08','08:40:35',9280,'Room','UPI',0,'Lisetta','eu magna vulputate luctus cum sociis natoque penatibus et magnis'),(499,'2023-12-14','05:02:31',4585,'Travel','Net Banking',1,'Terence','feugiat non pretium quis lectus suspendisse potenti'),(500,'2023-04-09','04:24:32',5859,'Travel','Net Banking',1,'Shell','lectus in quam fringilla rhoncus mauris enim leo rhoncus sed'),(501,'2023-04-27','02:20:53',8443,'Others','Credit Card',1,'Sal','pede lobortis ligula sit amet eleifend pede libero'),(502,'2023-06-09','09:35:16',72,'Others','Cash',0,'Wallis','magna vulputate luctus cum sociis'),(503,'2023-03-25','19:12:38',3242,'Food','UPI',0,'Georgie','id nulla ultrices'),(504,'2023-07-09','19:54:25',9290,'Room','Cash',0,'Terza','velit donec diam neque vestibulum eget'),(505,'2023-03-26','00:53:39',3260,'Others','Net Banking',1,'Kelsi','aliquet at feugiat non pretium quis'),(506,'2024-02-01','04:04:34',7335,'Others','UPI',1,'Ruthie','in congue etiam justo etiam pretium iaculis justo in'),(507,'2023-10-19','14:27:13',366,'Room','Cash',0,'Regine','arcu sed augue aliquam erat'),(508,'2023-06-10','23:10:16',1743,'Travel','Debit Card',0,'Rebecka','a odio in hac habitasse platea dictumst'),(509,'2023-06-27','06:43:12',6676,'Room','Cash',0,'Odelia','sapien quis'),(510,'2023-09-28','12:38:54',7740,'Room','UPI',0,'Talyah','et commodo vulputate'),(511,'2023-10-14','02:28:51',9270,'Room','Cash',0,'Alexandr','eu sapien cursus vestibulum proin eu mi nulla ac enim'),(512,'2023-02-13','05:32:56',7464,'Room','Cash',1,'Ryun','ridiculus mus etiam vel augue vestibulum'),(513,'2023-08-20','10:33:32',6207,'Others','Net Banking',1,'Hedda','vivamus vel'),(514,'2023-05-13','11:38:59',4468,'Room','Debit Card',0,'Zorine','lectus in quam fringilla rhoncus mauris'),(515,'2023-08-20','21:35:21',4176,'Travel','Cash',1,'Anatole','rutrum nulla nunc'),(516,'2024-01-30','22:36:18',8529,'Travel','UPI',0,'Zeb','diam id'),(517,'2023-10-08','04:21:13',843,'Room','UPI',0,'Robby','at velit vivamus vel nulla'),(518,'2023-12-12','13:20:12',4579,'Travel','UPI',0,'Gayle','ut rhoncus aliquet'),(519,'2023-08-01','22:52:54',1437,'Travel','Debit Card',1,'Chelsea','nulla neque libero convallis eget eleifend luctus ultricies eu nibh'),(520,'2024-01-09','01:26:04',6185,'Food','UPI',0,'Emmi','risus semper porta volutpat quam pede'),(521,'2023-09-23','19:24:11',8858,'Food','Credit Card',1,'Guntar','sed tristique in tempus sit amet sem fusce consequat'),(522,'2023-11-17','07:01:06',8340,'Others','Credit Card',1,'Zuzana','tempus vivamus in felis eu sapien cursus vestibulum proin'),(523,'2023-06-22','00:04:46',2320,'Others','UPI',1,'Ab','id ornare imperdiet sapien urna'),(524,'2023-04-25','02:37:56',2757,'Room','Debit Card',0,'Clywd','sapien quis libero nullam sit amet turpis elementum'),(525,'2023-07-25','04:39:01',4228,'Food','Net Banking',1,'Burgess','auctor sed tristique in tempus sit amet sem fusce'),(526,'2023-12-30','04:16:25',4429,'Travel','Debit Card',0,'Rex','faucibus orci luctus et ultrices posuere cubilia'),(527,'2024-01-16','00:47:25',2873,'Food','Debit Card',1,'Joseito','nulla tempus vivamus'),(528,'2024-02-13','05:51:50',6206,'Food','Cash',1,'Dermot','ante ipsum primis in'),(529,'2023-05-02','18:12:51',1996,'Others','Net Banking',1,'Seymour','hendrerit at vulputate vitae nisl'),(530,'2023-04-21','04:24:22',2174,'Travel','Credit Card',0,'Ruperto','proin leo odio porttitor id consequat in consequat ut nulla'),(531,'2023-09-24','23:20:13',7415,'Room','Debit Card',1,'Katinka','duis bibendum felis sed interdum venenatis'),(532,'2023-09-25','11:00:45',1754,'Food','Credit Card',0,'Irving','posuere felis sed lacus morbi sem mauris laoreet ut rhoncus'),(533,'2023-11-28','19:03:26',4399,'Room','Cash',1,'Rodger','dolor vel est donec'),(534,'2023-08-16','19:21:07',8387,'Room','Credit Card',1,'Batsheva','justo nec condimentum neque sapien'),(535,'2023-04-13','01:51:45',8002,'Food','Cash',0,'Doe','et ultrices posuere cubilia curae donec'),(536,'2023-09-26','08:55:50',8138,'Travel','Cash',0,'Etta','accumsan tortor quis turpis sed ante vivamus tortor duis mattis'),(537,'2023-12-31','10:01:49',7222,'Room','Credit Card',0,'Aguste','purus aliquet at'),(538,'2023-11-27','03:35:41',9724,'Food','Cash',1,'Dorris','orci mauris lacinia sapien quis libero nullam sit amet turpis'),(539,'2023-09-04','23:51:02',1626,'Food','Cash',1,'Cathy','in sagittis dui vel nisl duis ac nibh fusce lacus'),(540,'2023-09-25','23:29:46',6985,'Room','Net Banking',0,'Georgiana','semper est quam pharetra magna'),(541,'2023-12-12','21:35:58',3591,'Others','UPI',0,'Jonell','volutpat quam pede lobortis ligula sit amet eleifend pede'),(542,'2023-12-16','20:23:02',8636,'Food','Cash',0,'Haslett','ac enim'),(543,'2024-01-31','00:11:55',4480,'Travel','Cash',1,'Dru','amet eros suspendisse accumsan tortor quis turpis sed'),(544,'2023-12-20','09:18:14',5843,'Others','Net Banking',0,'Alane','tortor id'),(545,'2023-07-20','14:57:58',8360,'Room','Credit Card',0,'Giovanni','vel sem sed sagittis nam congue risus semper porta'),(546,'2023-07-25','12:50:08',8131,'Room','Debit Card',1,'Lilla','convallis morbi odio'),(547,'2023-04-12','03:50:27',2525,'Food','Net Banking',1,'Rhett','nunc rhoncus'),(548,'2023-04-18','05:59:01',9160,'Room','UPI',1,'Elvera','nulla mollis molestie lorem quisque'),(549,'2024-01-20','04:45:46',9182,'Others','Debit Card',1,'Annadiane','rhoncus dui vel sem sed sagittis nam congue risus'),(550,'2023-04-06','22:10:18',2454,'Food','UPI',0,'Claybourne','dui nec nisi volutpat eleifend donec ut'),(551,'2023-10-13','18:51:46',1689,'Others','Debit Card',1,'Crichton','ligula in lacus'),(552,'2024-01-16','15:25:32',3847,'Room','UPI',0,'Koo','ipsum praesent blandit lacinia erat'),(553,'2023-12-18','04:46:30',4545,'Food','Net Banking',1,'Manda','nec euismod scelerisque quam'),(554,'2023-03-15','02:38:19',5323,'Food','Credit Card',1,'Ingamar','ultrices enim lorem ipsum'),(555,'2024-02-12','20:50:23',7337,'Others','Net Banking',1,'Stafford','urna pretium nisl ut volutpat sapien arcu sed augue aliquam'),(556,'2023-09-10','07:32:31',7984,'Room','Credit Card',1,'Roddy','in eleifend quam a odio in hac habitasse'),(557,'2023-07-18','17:12:35',3210,'Travel','Net Banking',0,'Adela','ligula in lacus curabitur at ipsum ac tellus semper interdum'),(558,'2024-01-28','18:25:46',2154,'Others','Net Banking',1,'Adelle','penatibus et magnis dis parturient montes nascetur ridiculus mus etiam'),(559,'2023-11-18','13:10:57',6274,'Food','Credit Card',1,'Jessica','lorem ipsum dolor sit amet consectetuer adipiscing elit proin'),(560,'2023-02-22','11:36:51',4005,'Travel','Debit Card',0,'Diane-marie','nulla ac enim in tempor'),(561,'2023-04-19','09:31:41',170,'Others','Debit Card',0,'Joscelin','a feugiat et eros vestibulum ac est lacinia nisi'),(562,'2023-12-12','10:06:31',9014,'Room','Credit Card',0,'Stanleigh','iaculis justo in hac habitasse platea'),(563,'2023-08-29','09:26:36',2233,'Room','Debit Card',0,'Arlin','et magnis dis'),(564,'2023-08-12','03:26:36',613,'Room','Debit Card',0,'Sunny','ac tellus semper interdum mauris ullamcorper purus sit amet nulla'),(565,'2023-08-15','22:24:26',1463,'Room','Credit Card',0,'Jacenta','morbi non quam nec'),(566,'2023-12-31','05:46:24',8885,'Travel','UPI',0,'Murdock','rhoncus aliquet pulvinar sed nisl nunc rhoncus dui vel'),(567,'2023-11-19','19:30:30',318,'Travel','UPI',0,'Hansiain','lacus purus aliquet at feugiat non pretium'),(568,'2023-08-26','12:03:45',2813,'Food','Credit Card',1,'Pat','tortor sollicitudin mi sit amet lobortis sapien sapien non mi'),(569,'2023-12-26','23:41:51',4528,'Travel','Cash',1,'Dahlia','sit amet'),(570,'2023-05-11','14:37:43',1153,'Food','Credit Card',0,'Emili','ligula pellentesque ultrices phasellus'),(571,'2023-07-12','08:42:38',5144,'Room','Cash',0,'Celisse','eu sapien'),(572,'2023-11-13','17:24:08',4858,'Others','Credit Card',0,'Patsy','purus phasellus in felis donec semper'),(573,'2023-07-27','22:32:26',726,'Room','Credit Card',0,'Katine','eget congue eget'),(574,'2023-04-27','10:34:17',287,'Room','Net Banking',0,'Catha','justo in hac habitasse'),(575,'2023-02-23','07:41:25',2577,'Room','Cash',1,'Karine','ultrices vel augue'),(576,'2023-03-09','07:15:14',6596,'Travel','Credit Card',1,'Gui','ullamcorper purus sit amet'),(577,'2023-02-07','12:50:16',8047,'Room','UPI',0,'Inge','proin eu mi nulla ac enim'),(578,'2023-04-04','08:14:44',612,'Food','Net Banking',1,'Willie','vitae mattis'),(579,'2023-07-12','07:06:38',2331,'Food','Debit Card',1,'Nert','ac lobortis vel dapibus at diam nam tristique tortor eu'),(580,'2023-02-13','13:44:48',8189,'Room','Net Banking',1,'Yolanthe','nulla nunc purus phasellus in felis donec'),(581,'2023-08-02','23:42:35',9349,'Travel','UPI',0,'Ewan','dictumst etiam faucibus cursus'),(582,'2023-08-18','19:21:28',1903,'Food','Cash',1,'Peria','non lectus aliquam sit amet diam in'),(583,'2023-08-22','01:46:27',2839,'Others','Debit Card',0,'Mead','maecenas leo odio condimentum id luctus'),(584,'2023-08-04','00:03:30',3592,'Others','UPI',0,'Oswell','convallis nulla neque libero convallis eget eleifend luctus ultricies'),(585,'2023-09-13','02:22:28',4333,'Room','Debit Card',0,'Tallou','ac leo pellentesque'),(586,'2023-07-27','08:15:06',1012,'Others','Credit Card',1,'Emilia','velit vivamus vel nulla'),(587,'2023-07-27','17:50:49',5320,'Others','Credit Card',0,'Rory','quam pharetra magna ac consequat metus sapien'),(588,'2023-12-19','11:35:59',9851,'Room','Debit Card',1,'Jacquie','sit amet eleifend pede libero quis orci nullam molestie'),(589,'2023-11-04','18:40:12',9850,'Travel','Cash',1,'Siffre','proin leo'),(590,'2023-03-20','13:44:26',4146,'Travel','Credit Card',0,'Harmonie','luctus tincidunt nulla mollis molestie'),(591,'2024-01-15','12:54:46',5159,'Room','Credit Card',0,'Obediah','ipsum praesent blandit lacinia erat vestibulum'),(592,'2023-04-05','23:53:12',5718,'Others','Debit Card',1,'Earlie','lectus pellentesque at nulla'),(593,'2023-11-06','10:18:24',4278,'Others','Net Banking',1,'Nadean','sodales scelerisque mauris sit amet eros suspendisse'),(594,'2024-02-01','06:22:31',2862,'Others','UPI',0,'Charmian','non pretium quis lectus suspendisse potenti in'),(595,'2023-07-28','06:07:51',4649,'Food','Cash',1,'Greg','orci eget orci vehicula condimentum curabitur in libero'),(596,'2023-10-16','00:31:23',2647,'Others','Credit Card',1,'Frants','pede venenatis non sodales'),(597,'2023-06-14','11:50:32',7017,'Travel','Debit Card',1,'Sissy','hendrerit at'),(598,'2023-09-02','12:53:48',7046,'Food','Credit Card',1,'Karney','ornare consequat lectus in est risus auctor'),(599,'2023-06-17','05:23:28',9521,'Room','Cash',1,'Valeda','ut erat curabitur gravida nisi at nibh'),(600,'2023-05-06','12:36:46',7098,'Travel','Debit Card',0,'Ellery','magna at nunc commodo placerat praesent blandit nam'),(601,'2023-02-25','07:42:53',4503,'Room','Credit Card',0,'Lida','molestie nibh in'),(602,'2023-05-12','12:32:15',8462,'Room','Credit Card',1,'Geraldine','in sagittis dui vel nisl duis ac nibh fusce lacus'),(603,'2024-02-05','11:41:18',3602,'Food','Debit Card',1,'Shanon','integer non'),(604,'2023-10-04','18:58:01',4995,'Others','UPI',0,'Charlot','neque sapien'),(605,'2024-01-05','19:43:32',4254,'Food','Debit Card',0,'Marni','lacus morbi sem'),(606,'2023-08-07','17:13:53',7631,'Others','UPI',0,'Urbain','leo maecenas pulvinar lobortis est'),(607,'2024-01-13','03:39:07',7356,'Food','Net Banking',1,'Victor','in porttitor pede justo eu massa donec dapibus duis at'),(608,'2023-11-03','22:10:12',6338,'Food','Net Banking',1,'Devon','dignissim vestibulum vestibulum'),(609,'2023-06-22','04:45:58',493,'Room','Cash',0,'Fee','porta volutpat erat'),(610,'2023-11-25','00:17:18',5189,'Travel','Net Banking',0,'Ainsley','duis bibendum morbi non quam'),(611,'2023-12-28','16:51:26',9485,'Travel','Debit Card',1,'El','erat tortor sollicitudin mi sit amet lobortis sapien sapien non'),(612,'2023-05-19','12:10:59',4052,'Others','UPI',1,'Saundra','massa id nisl'),(613,'2024-02-12','22:14:30',7410,'Room','Cash',0,'Vivyan','lacinia aenean sit amet'),(614,'2023-05-05','08:19:07',8832,'Room','Cash',1,'Bil','accumsan tortor quis turpis sed ante vivamus tortor duis'),(615,'2023-02-23','17:27:41',3428,'Travel','Credit Card',0,'Quintilla','morbi porttitor lorem'),(616,'2023-07-28','04:40:19',8629,'Others','Cash',1,'Lemar','sapien dignissim vestibulum vestibulum'),(617,'2023-05-31','02:14:59',4536,'Travel','Net Banking',1,'Franni','rutrum rutrum neque aenean auctor'),(618,'2023-11-06','23:08:40',7764,'Others','Net Banking',1,'Jerad','elementum ligula vehicula consequat morbi'),(619,'2023-03-26','15:49:56',5407,'Room','Cash',0,'Nita','orci luctus et ultrices posuere cubilia curae'),(620,'2023-02-16','19:44:25',352,'Room','Credit Card',0,'Tasia','sed vel enim'),(621,'2023-10-30','01:51:45',7008,'Others','UPI',0,'Burch','arcu adipiscing molestie hendrerit at vulputate vitae nisl aenean'),(622,'2023-12-11','05:26:48',3246,'Travel','UPI',0,'Amabel','rhoncus aliquet pulvinar sed nisl nunc rhoncus'),(623,'2023-06-19','07:49:37',1624,'Food','Net Banking',0,'Hussein','ipsum aliquam non mauris'),(624,'2023-10-20','11:34:49',1085,'Others','Cash',0,'Kit','nunc nisl duis bibendum felis sed interdum venenatis turpis enim'),(625,'2023-03-20','05:02:56',3820,'Food','Cash',1,'Lane','ut at dolor quis odio consequat varius integer ac'),(626,'2023-12-27','13:15:05',2028,'Others','UPI',1,'Dewie','donec odio justo sollicitudin ut suscipit'),(627,'2023-10-03','15:17:59',5567,'Food','Cash',0,'Emilee','amet lobortis sapien sapien non mi integer'),(628,'2023-11-04','00:21:24',2171,'Room','Debit Card',0,'Kelly','eget congue eget semper rutrum nulla'),(629,'2023-02-27','20:43:39',7104,'Others','Debit Card',1,'Madelyn','praesent blandit lacinia erat vestibulum sed magna at nunc'),(630,'2023-05-03','15:55:40',8937,'Travel','Net Banking',1,'Cinda','donec ut mauris eget massa'),(631,'2023-09-08','00:25:28',9490,'Food','Debit Card',1,'Brennan','purus sit amet nulla quisque arcu libero rutrum'),(632,'2023-08-14','17:07:38',1576,'Others','Credit Card',0,'Claudetta','in leo maecenas'),(633,'2023-10-28','00:38:09',9878,'Others','Net Banking',0,'Drucill','magna ac consequat'),(634,'2023-07-15','13:52:32',2050,'Food','UPI',0,'Zondra','posuere cubilia curae mauris viverra diam vitae'),(635,'2023-02-08','20:22:15',601,'Room','Debit Card',1,'Bertrand','ante nulla justo aliquam quis'),(636,'2023-05-06','20:21:50',7405,'Others','Cash',1,'Tuckie','cubilia curae mauris'),(637,'2023-10-20','05:57:00',3023,'Food','Net Banking',1,'Zara','leo rhoncus sed vestibulum sit amet cursus id turpis'),(638,'2024-02-12','13:53:05',7200,'Food','Debit Card',0,'Teresita','non interdum'),(639,'2023-05-28','05:26:35',8581,'Room','UPI',0,'Alasdair','libero nam dui proin leo odio porttitor id consequat in'),(640,'2023-05-03','17:37:16',2575,'Food','Net Banking',0,'Sharyl','mauris vulputate elementum'),(641,'2023-08-25','23:19:25',7412,'Room','Net Banking',1,'Thornton','odio condimentum id luctus nec molestie sed justo pellentesque viverra'),(642,'2023-09-27','06:33:51',224,'Others','Cash',1,'Skye','tellus nisi eu orci mauris lacinia sapien quis libero nullam'),(643,'2023-08-27','16:07:04',1740,'Others','Debit Card',0,'Talyah','tempus semper est quam pharetra'),(644,'2023-11-23','01:45:27',9196,'Food','Cash',0,'Joanne','nisl aenean lectus pellentesque eget'),(645,'2023-03-25','13:06:33',7110,'Travel','UPI',1,'Nichols','enim leo rhoncus sed vestibulum sit amet'),(646,'2023-09-21','09:56:21',3244,'Travel','Cash',0,'Ronnica','at diam'),(647,'2023-05-26','06:51:59',8653,'Food','Debit Card',0,'Chrystal','faucibus orci luctus et ultrices posuere cubilia curae nulla'),(648,'2023-11-10','01:18:16',7145,'Others','Credit Card',0,'Bronnie','varius integer ac leo pellentesque ultrices mattis'),(649,'2023-10-13','02:42:49',6384,'Others','Credit Card',1,'Archambault','est lacinia nisi venenatis tristique fusce'),(650,'2023-02-25','16:21:12',5599,'Room','Cash',1,'Silvio','morbi porttitor lorem id ligula suspendisse'),(651,'2023-09-19','05:24:26',4321,'Travel','Net Banking',1,'Stormy','tellus in sagittis dui vel nisl duis ac nibh fusce'),(652,'2024-02-12','09:52:01',5327,'Room','Cash',1,'Alvira','dui nec nisi volutpat eleifend'),(653,'2023-02-19','23:28:25',1993,'Others','Cash',0,'Aura','morbi quis tortor id nulla'),(654,'2023-09-01','00:25:10',4494,'Travel','UPI',0,'Marni','turpis adipiscing lorem vitae mattis'),(655,'2023-06-02','12:04:13',3402,'Others','UPI',0,'Rianon','vulputate vitae nisl aenean lectus pellentesque eget nunc donec'),(656,'2023-09-13','15:28:15',7995,'Food','Debit Card',1,'Janina','vulputate justo in blandit ultrices enim lorem ipsum dolor'),(657,'2023-07-31','13:48:59',5339,'Others','Cash',0,'Sallie','ultrices posuere cubilia curae donec'),(658,'2023-12-20','06:06:35',5211,'Food','UPI',1,'Jermaine','volutpat dui maecenas tristique'),(659,'2023-02-01','20:12:36',7949,'Travel','Cash',0,'Cleon','convallis nulla neque libero convallis'),(660,'2023-09-22','11:50:59',2951,'Others','UPI',0,'August','aenean lectus'),(661,'2024-02-11','17:15:28',6412,'Others','Credit Card',0,'Lincoln','mauris ullamcorper purus sit amet nulla quisque arcu libero rutrum'),(662,'2024-02-02','14:27:33',2958,'Room','UPI',1,'Lock','nisl duis bibendum felis sed interdum venenatis turpis enim'),(663,'2023-11-13','13:09:39',9479,'Food','Cash',0,'Jakie','purus aliquet'),(664,'2023-10-30','08:28:18',1761,'Room','Debit Card',1,'Anjela','aenean lectus pellentesque eget nunc donec quis orci eget orci'),(665,'2023-02-12','21:07:41',9465,'Room','UPI',0,'Rockey','lacinia eget tincidunt eget tempus vel'),(666,'2023-03-27','15:24:11',6111,'Food','Credit Card',1,'Rodrigo','velit vivamus vel'),(667,'2023-06-05','09:19:24',7762,'Travel','Net Banking',1,'Christye','sapien a'),(668,'2024-02-04','10:30:50',1024,'Food','Debit Card',1,'Idette','eget semper'),(669,'2024-01-02','03:42:00',2170,'Travel','UPI',0,'Estell','odio odio elementum eu interdum eu tincidunt in leo maecenas'),(670,'2023-12-25','18:34:46',8106,'Food','Credit Card',0,'Jecho','nisi eu orci mauris lacinia sapien quis libero'),(671,'2023-07-27','18:25:03',1197,'Travel','Cash',0,'Christa','nibh quisque id justo'),(672,'2023-10-28','11:15:20',184,'Others','UPI',1,'Talyah','pulvinar sed nisl'),(673,'2024-01-01','06:13:54',922,'Room','Debit Card',1,'Cymbre','lacus morbi sem mauris laoreet ut rhoncus aliquet pulvinar'),(674,'2024-01-07','00:29:08',9683,'Food','UPI',1,'Farly','nunc vestibulum ante ipsum primis in faucibus orci'),(675,'2023-03-17','16:16:03',7201,'Others','UPI',1,'Storm','dui vel'),(676,'2023-08-09','12:03:51',5032,'Travel','Credit Card',1,'Celia','donec semper sapien a'),(677,'2023-11-05','08:19:55',5109,'Travel','UPI',0,'Pierson','ridiculus mus etiam vel augue vestibulum rutrum rutrum neque'),(678,'2023-10-14','16:54:11',7521,'Room','Net Banking',0,'Wiatt','cubilia curae nulla dapibus dolor vel est donec odio'),(679,'2023-07-23','04:35:26',5942,'Travel','Credit Card',1,'Roma','pellentesque volutpat dui maecenas tristique est et tempus'),(680,'2023-05-01','03:36:37',4350,'Room','Credit Card',0,'Jaquith','tellus semper interdum mauris'),(681,'2023-03-14','13:05:41',5386,'Others','Cash',0,'Dorian','accumsan tellus nisi eu'),(682,'2023-02-03','04:03:55',5452,'Others','Debit Card',1,'Ruperta','nec euismod scelerisque quam turpis adipiscing'),(683,'2023-05-18','23:32:55',4346,'Room','Credit Card',0,'Putnem','phasellus in felis donec semper'),(684,'2023-05-01','00:01:03',4588,'Travel','UPI',0,'Hammad','magna bibendum imperdiet nullam orci pede venenatis non sodales'),(685,'2023-05-22','20:11:01',5441,'Travel','UPI',1,'Shae','donec posuere metus vitae ipsum aliquam non'),(686,'2023-09-01','18:08:57',8354,'Others','Credit Card',0,'Sherie','odio in hac'),(687,'2023-04-15','06:29:58',3481,'Others','Net Banking',0,'Fielding','sed augue aliquam erat'),(688,'2023-05-15','00:51:44',7550,'Food','Cash',1,'Mercy','sed interdum venenatis turpis enim blandit'),(689,'2023-07-13','14:13:15',5323,'Room','UPI',0,'Kerwin','sed lacus morbi sem mauris laoreet'),(690,'2023-05-13','07:08:10',4829,'Room','Credit Card',0,'Wandie','ante ipsum primis'),(691,'2024-01-03','02:07:33',5211,'Others','Cash',1,'Kassi','dis parturient montes nascetur ridiculus mus etiam vel augue'),(692,'2023-11-20','10:22:52',9409,'Room','Debit Card',1,'Oralee','sagittis dui vel nisl duis'),(693,'2023-08-13','15:37:02',4708,'Room','Credit Card',1,'Reinhold','velit donec diam neque vestibulum eget vulputate ut ultrices'),(694,'2024-02-15','22:43:04',893,'Food','Net Banking',0,'Violette','in eleifend'),(695,'2023-12-07','01:09:32',8441,'Travel','Credit Card',0,'Lavina','non mi integer ac neque duis bibendum morbi'),(696,'2023-04-01','06:48:58',858,'Travel','Cash',1,'Myriam','aliquet massa id lobortis convallis tortor risus dapibus'),(697,'2023-06-15','15:54:53',4723,'Food','Cash',1,'Francene','non mi integer ac neque duis bibendum morbi non'),(698,'2023-06-11','06:49:07',156,'Others','Credit Card',0,'Hurleigh','vestibulum aliquet ultrices erat tortor'),(699,'2024-01-26','03:38:46',1823,'Food','Debit Card',0,'Frazier','tellus nisi eu orci mauris lacinia sapien'),(700,'2023-11-09','02:16:57',2966,'Room','UPI',1,'Agustin','pede venenatis non sodales sed'),(701,'2023-11-02','10:39:28',1168,'Others','Cash',0,'Silvana','ac leo pellentesque ultrices mattis odio'),(702,'2024-01-04','22:28:35',6017,'Others','Debit Card',0,'Thadeus','proin interdum mauris non'),(703,'2023-11-27','05:08:04',1435,'Room','Cash',0,'Valaree','ante ipsum primis in faucibus'),(704,'2023-10-22','16:08:37',3683,'Room','UPI',1,'Eleanore','nisi nam ultrices libero'),(705,'2023-06-22','11:29:01',9537,'Food','Debit Card',1,'Boony','orci luctus'),(706,'2023-08-05','11:52:17',3039,'Others','Credit Card',1,'Lia','quam suspendisse potenti'),(707,'2024-01-18','08:55:00',1437,'Travel','Debit Card',0,'Fayth','sit amet cursus'),(708,'2023-06-02','14:52:03',8390,'Food','Cash',0,'Norby','tempus sit amet sem fusce consequat nulla nisl nunc nisl'),(709,'2023-02-06','08:49:09',5123,'Room','Cash',1,'Abrahan','dapibus at diam nam'),(710,'2023-03-04','00:25:38',1776,'Travel','UPI',1,'Lorilee','integer ac neque duis bibendum morbi non quam nec dui'),(711,'2023-09-26','15:36:40',4842,'Room','Cash',0,'Marlon','ut volutpat'),(712,'2023-02-15','15:12:43',4080,'Food','Debit Card',1,'Cordi','nulla pede ullamcorper augue'),(713,'2023-07-13','22:21:33',4126,'Travel','Cash',0,'Tammie','venenatis turpis enim blandit mi in porttitor pede justo'),(714,'2024-02-10','12:00:47',7543,'Travel','Net Banking',0,'Karla','bibendum felis sed interdum venenatis turpis enim blandit'),(715,'2023-09-25','19:28:20',1176,'Travel','Net Banking',0,'Reilly','diam neque vestibulum eget vulputate ut ultrices vel augue vestibulum'),(716,'2024-01-20','05:30:21',6384,'Others','Cash',1,'Joelynn','id consequat in consequat ut nulla sed accumsan felis ut'),(717,'2023-09-25','16:20:12',5090,'Room','Debit Card',0,'Stanly','integer ac leo pellentesque'),(718,'2023-02-08','20:06:17',3165,'Travel','Cash',1,'Elbert','aliquam lacus morbi quis tortor id nulla ultrices aliquet'),(719,'2023-09-02','23:08:54',4181,'Room','UPI',0,'Annaliese','justo in blandit ultrices enim lorem ipsum dolor'),(720,'2023-07-17','04:55:14',3849,'Food','Credit Card',0,'Elroy','adipiscing elit proin risus praesent lectus vestibulum'),(721,'2023-02-10','12:37:53',5990,'Food','Debit Card',0,'Gannie','morbi vel lectus'),(722,'2023-04-17','02:06:21',7679,'Food','Debit Card',1,'Ulises','pede libero quis orci nullam molestie nibh'),(723,'2023-11-27','02:08:24',340,'Room','Debit Card',0,'Allie','velit nec nisi vulputate nonummy maecenas tincidunt'),(724,'2023-04-13','07:16:35',7502,'Others','Credit Card',1,'Kacey','pede libero quis orci nullam molestie nibh in lectus pellentesque'),(725,'2023-11-09','15:52:04',6565,'Others','Debit Card',1,'Brandi','magna bibendum imperdiet nullam orci pede venenatis non sodales sed'),(726,'2023-11-28','10:29:04',5792,'Others','Debit Card',1,'Ken','donec pharetra magna'),(727,'2023-11-04','11:11:17',5301,'Travel','Cash',0,'Delano','sociis natoque penatibus et magnis dis parturient montes'),(728,'2023-07-02','04:31:15',1162,'Food','Cash',1,'Gabie','dui proin leo odio porttitor'),(729,'2023-11-28','02:26:10',7086,'Room','Cash',1,'Clayborn','vulputate luctus cum'),(730,'2023-10-26','12:26:40',5852,'Others','Debit Card',0,'Serge','donec posuere metus vitae ipsum aliquam non mauris morbi non'),(731,'2024-01-04','22:49:04',8236,'Travel','Cash',0,'Cindra','nascetur ridiculus mus vivamus vestibulum sagittis sapien cum sociis'),(732,'2023-11-16','12:08:07',3201,'Room','Credit Card',0,'Gratiana','nibh in hac habitasse platea dictumst aliquam'),(733,'2024-02-02','07:23:04',3795,'Travel','Credit Card',1,'Junette','egestas metus aenean fermentum donec ut mauris eget'),(734,'2023-04-22','19:11:54',1937,'Others','Net Banking',1,'Dicky','mattis egestas metus aenean fermentum donec ut mauris eget massa'),(735,'2023-10-25','17:14:34',7863,'Others','Debit Card',1,'Laurens','amet justo morbi'),(736,'2023-10-26','03:54:43',8136,'Travel','Net Banking',0,'Robin','lacinia nisi venenatis tristique fusce congue diam id'),(737,'2023-06-05','14:29:04',7325,'Others','Net Banking',1,'Mikey','iaculis diam erat fermentum justo nec'),(738,'2023-09-04','20:14:56',7602,'Room','UPI',1,'Beale','tellus nulla ut'),(739,'2023-10-23','15:24:06',704,'Food','Debit Card',1,'Claiborn','dictumst etiam faucibus cursus'),(740,'2023-10-30','10:51:38',2907,'Food','Credit Card',0,'Ted','posuere cubilia curae donec pharetra magna vestibulum'),(741,'2023-12-14','19:18:32',1196,'Others','Net Banking',0,'Jannelle','vitae quam suspendisse potenti nullam porttitor lacus at turpis donec'),(742,'2024-02-07','08:37:33',6048,'Room','UPI',0,'Jaquenette','sed vestibulum sit amet cursus'),(743,'2023-08-14','16:40:35',7682,'Food','UPI',1,'Darya','pretium iaculis justo in hac habitasse platea'),(744,'2023-10-31','21:52:42',290,'Others','UPI',0,'Obadiah','tortor id nulla ultrices aliquet maecenas leo'),(745,'2023-02-06','18:37:07',3193,'Room','UPI',1,'Loraine','nisi volutpat eleifend donec ut dolor morbi'),(746,'2023-02-05','09:05:56',4863,'Food','UPI',0,'Clemmie','integer aliquet massa id lobortis convallis tortor'),(747,'2023-12-05','20:51:13',4948,'Room','Net Banking',0,'Gunther','blandit nam nulla integer pede justo lacinia eget tincidunt eget'),(748,'2023-06-22','07:36:53',3883,'Others','Debit Card',1,'Carly','eget nunc donec quis orci eget orci vehicula'),(749,'2023-06-04','06:12:51',2973,'Food','Cash',1,'Kass','pede justo eu massa'),(750,'2023-10-10','12:26:12',11,'Others','Net Banking',0,'Sofie','eget tempus vel pede morbi'),(751,'2023-10-02','18:49:03',9302,'Others','Net Banking',1,'Murdock','molestie lorem'),(752,'2023-07-11','19:08:31',5979,'Food','UPI',1,'Jaclin','etiam faucibus cursus'),(753,'2023-03-27','06:34:24',846,'Others','Net Banking',1,'Emile','consectetuer adipiscing elit proin risus praesent lectus vestibulum quam sapien'),(754,'2023-02-05','05:31:50',8457,'Food','Cash',0,'Alfi','faucibus orci luctus et ultrices posuere'),(755,'2023-02-19','11:23:46',9268,'Food','Net Banking',1,'Artemus','nibh in lectus pellentesque at nulla suspendisse potenti cras in'),(756,'2023-10-25','12:27:58',1060,'Food','Credit Card',0,'Belia','nisi venenatis tristique fusce congue diam'),(757,'2023-02-06','01:21:58',5505,'Travel','UPI',1,'Natalina','semper est quam pharetra magna'),(758,'2023-03-17','03:23:31',9389,'Food','UPI',0,'Kathe','convallis morbi odio odio elementum'),(759,'2023-10-11','03:12:05',9932,'Room','UPI',0,'Ofella','mauris viverra diam vitae quam'),(760,'2023-11-28','12:32:42',5097,'Food','Credit Card',0,'Karlen','eget congue eget semper rutrum'),(761,'2023-03-04','06:01:33',4922,'Travel','Credit Card',1,'Amata','ut nunc'),(762,'2024-02-06','15:41:47',4902,'Room','Cash',0,'Rriocard','morbi a'),(763,'2023-08-30','00:46:13',508,'Others','Debit Card',0,'Guillemette','tellus semper interdum mauris ullamcorper purus sit amet'),(764,'2023-04-18','05:25:33',855,'Travel','UPI',0,'Jenifer','pede ac'),(765,'2024-01-14','15:36:32',4765,'Travel','Cash',1,'Chic','lectus in est risus auctor sed tristique in tempus'),(766,'2023-11-08','10:54:13',794,'Travel','Debit Card',0,'Jarrad','euismod scelerisque quam turpis'),(767,'2023-08-07','05:55:03',6189,'Others','Net Banking',1,'Berta','quisque ut erat'),(768,'2023-10-20','12:04:21',4612,'Room','Debit Card',0,'Alikee','turpis a pede posuere nonummy integer non velit donec diam'),(769,'2024-01-20','13:53:36',2792,'Others','Credit Card',0,'Costanza','eu felis fusce posuere felis sed'),(770,'2023-12-27','18:23:49',2020,'Room','UPI',1,'Irita','sed ante vivamus tortor duis mattis egestas'),(771,'2023-06-06','00:27:12',4843,'Room','Cash',0,'Andres','ut ultrices vel augue vestibulum ante ipsum'),(772,'2023-06-02','15:17:38',3541,'Room','Debit Card',0,'Jilleen','ullamcorper augue a suscipit nulla'),(773,'2023-03-12','03:40:55',1175,'Food','Net Banking',1,'Guthrey','posuere felis sed lacus morbi sem'),(774,'2023-12-15','04:19:59',7713,'Room','Cash',1,'Andra','justo lacinia eget tincidunt eget'),(775,'2023-08-11','05:40:21',5169,'Travel','Net Banking',1,'Gwendolyn','aliquam quis turpis eget'),(776,'2023-04-14','15:38:12',3380,'Others','Credit Card',0,'Umeko','tellus semper interdum mauris ullamcorper'),(777,'2023-10-23','05:23:10',3866,'Food','UPI',1,'Averill','justo nec condimentum'),(778,'2023-02-12','06:26:58',578,'Travel','Debit Card',1,'Katheryn','sagittis dui vel nisl duis ac nibh fusce lacus'),(779,'2023-11-24','18:11:40',2367,'Travel','Debit Card',1,'Britta','mauris non ligula pellentesque ultrices phasellus'),(780,'2023-10-23','19:51:35',6472,'Others','Cash',0,'Beniamino','augue vestibulum ante ipsum primis'),(781,'2023-12-07','18:11:18',9810,'Room','Cash',0,'Lissy','convallis duis consequat dui'),(782,'2023-10-23','20:35:53',7836,'Room','Net Banking',0,'Emelda','aliquam non mauris morbi non'),(783,'2023-05-29','21:17:20',8207,'Travel','Debit Card',0,'Filippo','faucibus orci luctus et ultrices posuere cubilia'),(784,'2023-08-26','18:25:29',5768,'Others','Net Banking',1,'Grenville','posuere metus vitae ipsum aliquam'),(785,'2023-05-21','03:51:27',2704,'Room','Cash',0,'Felicia','suscipit ligula in lacus curabitur at'),(786,'2023-05-10','07:24:22',8054,'Room','Credit Card',0,'Odey','lacinia nisi venenatis tristique fusce congue'),(787,'2023-12-07','18:01:13',366,'Food','Net Banking',0,'Hortense','integer non velit donec'),(788,'2023-03-15','16:54:28',7195,'Others','UPI',1,'Lenee','pulvinar lobortis'),(789,'2023-12-29','19:48:17',2619,'Room','Net Banking',0,'Sibyl','ac nibh fusce lacus'),(790,'2023-10-20','11:50:52',5466,'Others','Net Banking',0,'Dolph','praesent lectus vestibulum quam sapien varius ut'),(791,'2024-01-27','10:04:22',7868,'Others','Debit Card',1,'Godwin','blandit non interdum in ante vestibulum ante ipsum'),(792,'2024-01-14','01:48:00',3470,'Travel','Debit Card',0,'Chrissy','duis ac nibh fusce'),(793,'2023-07-04','02:47:17',405,'Others','UPI',0,'Ab','in quam fringilla rhoncus mauris'),(794,'2023-11-27','15:25:34',5660,'Food','Credit Card',1,'Fields','non velit nec nisi vulputate nonummy maecenas tincidunt lacus at'),(795,'2024-01-22','11:41:53',3070,'Food','Credit Card',1,'Leo','curabitur at ipsum ac tellus semper interdum'),(796,'2023-03-08','02:38:59',7177,'Others','Net Banking',1,'Marchall','porttitor id consequat'),(797,'2023-10-03','05:54:29',5105,'Food','Credit Card',0,'Orran','urna ut tellus nulla ut erat id mauris vulputate'),(798,'2023-05-29','13:56:25',3386,'Travel','Cash',1,'Marillin','felis sed'),(799,'2023-07-14','16:58:27',8728,'Food','Credit Card',1,'Tim','molestie nibh in lectus pellentesque'),(800,'2023-12-16','19:04:33',9354,'Room','UPI',1,'Tanney','elementum nullam varius nulla'),(801,'2023-06-27','00:09:11',3201,'Travel','UPI',1,'Elwira','ultrices aliquet maecenas leo'),(802,'2023-05-05','12:10:26',9142,'Food','Cash',1,'Merl','turpis sed ante vivamus tortor duis mattis egestas metus'),(803,'2023-06-26','13:51:03',8636,'Travel','Debit Card',1,'Brew','congue etiam justo etiam pretium iaculis justo'),(804,'2023-04-26','06:21:31',4052,'Food','Debit Card',0,'Eula','at velit eu est congue'),(805,'2023-04-17','08:24:13',7272,'Room','Net Banking',0,'Abie','in lectus pellentesque'),(806,'2023-07-06','17:03:24',2545,'Food','Net Banking',0,'Eldon','venenatis lacinia aenean sit amet justo'),(807,'2023-07-05','23:38:56',3119,'Food','Credit Card',1,'Winston','sapien arcu sed augue aliquam'),(808,'2023-08-31','06:52:49',4185,'Others','Credit Card',0,'Joellyn','sapien varius ut blandit non interdum in'),(809,'2023-02-02','12:27:49',3938,'Travel','Debit Card',0,'Kevan','sapien in'),(810,'2023-07-21','15:17:56',7644,'Room','Net Banking',1,'Killie','augue luctus tincidunt nulla mollis'),(811,'2023-10-12','11:23:34',786,'Room','Credit Card',1,'Jo-ann','eu massa donec'),(812,'2023-03-09','08:18:01',1371,'Others','Debit Card',0,'Hubert','mi nulla ac enim in'),(813,'2023-03-10','04:30:53',6972,'Others','Debit Card',1,'Christina','sed tristique in tempus sit amet sem fusce consequat nulla'),(814,'2023-08-06','00:54:53',4304,'Others','Cash',1,'Diena','dictumst maecenas ut massa quis augue'),(815,'2023-10-10','20:56:10',3152,'Food','Net Banking',1,'Cam','scelerisque mauris sit amet eros suspendisse accumsan tortor quis'),(816,'2023-08-01','20:04:31',1041,'Travel','Credit Card',1,'Dalila','nulla integer pede justo lacinia eget tincidunt eget tempus vel'),(817,'2023-11-19','14:21:56',6788,'Travel','Cash',1,'Buffy','libero quis orci nullam molestie'),(818,'2023-05-02','08:16:34',4674,'Room','Net Banking',1,'Cordie','convallis eget eleifend'),(819,'2023-05-17','14:32:29',6502,'Travel','Cash',0,'Lari','in magna'),(820,'2023-07-10','01:29:00',8236,'Food','Credit Card',0,'Burt','rhoncus sed vestibulum sit amet cursus id turpis integer aliquet'),(821,'2023-04-19','01:58:57',2481,'Room','Credit Card',0,'Orly','praesent blandit lacinia'),(822,'2023-09-04','23:40:36',6490,'Food','UPI',0,'Annabal','mi nulla ac enim in'),(823,'2023-03-11','15:12:51',6942,'Room','Credit Card',1,'Babara','nec condimentum'),(824,'2023-09-06','01:16:06',5855,'Travel','Cash',1,'Pris','urna ut tellus nulla'),(825,'2023-08-10','03:40:10',5917,'Room','Debit Card',0,'Guilbert','platea dictumst aliquam augue quam sollicitudin vitae'),(826,'2024-01-03','18:53:17',2513,'Others','Net Banking',1,'Sisely','luctus tincidunt nulla mollis molestie lorem quisque ut'),(827,'2023-08-07','13:59:18',2735,'Room','Credit Card',1,'Neilla','id lobortis convallis tortor risus dapibus augue vel'),(828,'2023-10-17','18:52:01',1077,'Room','Debit Card',1,'Lauritz','risus praesent lectus vestibulum quam sapien varius'),(829,'2023-12-11','05:52:23',7753,'Room','Debit Card',0,'Melessa','vestibulum vestibulum ante ipsum primis in faucibus orci luctus'),(830,'2023-02-08','04:54:42',9222,'Food','Net Banking',1,'Lay','commodo placerat praesent blandit nam nulla integer pede'),(831,'2023-10-28','09:07:32',2030,'Travel','Net Banking',1,'Lodovico','volutpat eleifend donec'),(832,'2023-11-25','18:56:58',2085,'Food','Cash',0,'Joshia','turpis a pede posuere nonummy integer non velit donec diam'),(833,'2023-06-14','16:32:53',5710,'Travel','UPI',1,'Budd','molestie lorem quisque ut erat'),(834,'2023-05-19','23:32:47',5189,'Room','Debit Card',0,'Gert','condimentum curabitur in libero ut'),(835,'2023-04-13','16:53:25',1782,'Food','Net Banking',1,'Carlita','ut ultrices vel augue vestibulum'),(836,'2024-02-10','02:44:30',3713,'Travel','UPI',1,'Karalee','ac tellus'),(837,'2023-05-07','18:36:28',5188,'Room','Credit Card',0,'Maddi','a odio in hac habitasse platea'),(838,'2023-04-01','03:46:44',791,'Others','UPI',0,'Josie','amet erat nulla tempus vivamus in felis'),(839,'2023-08-06','15:00:17',706,'Others','UPI',0,'Kurt','vel pede morbi'),(840,'2023-10-08','17:10:42',1304,'Others','Debit Card',0,'Drew','pede venenatis non sodales sed tincidunt eu'),(841,'2023-12-26','15:53:40',8319,'Food','UPI',0,'Halli','vivamus in felis eu sapien'),(842,'2023-08-08','01:48:13',8247,'Room','Credit Card',1,'Gus','pellentesque viverra pede ac diam cras pellentesque'),(843,'2023-10-16','17:18:36',2380,'Room','Credit Card',0,'Kati','nulla eget eros elementum pellentesque quisque porta'),(844,'2023-11-25','23:47:19',1454,'Food','Cash',1,'Sebastiano','elementum ligula vehicula consequat morbi'),(845,'2023-12-05','20:40:02',4994,'Others','Credit Card',1,'Berny','pede libero quis orci nullam molestie nibh in lectus'),(846,'2023-02-07','08:37:34',6859,'Room','UPI',0,'Luca','ut massa quis'),(847,'2023-04-20','22:42:00',645,'Travel','UPI',1,'Bevon','mattis odio donec vitae nisi nam ultrices libero non'),(848,'2023-10-24','03:05:41',1316,'Travel','Credit Card',1,'Dorelle','tempus vivamus in felis eu sapien cursus'),(849,'2023-10-20','06:12:10',422,'Room','Cash',1,'Petronille','id luctus nec molestie'),(850,'2023-09-29','12:40:50',9231,'Room','UPI',0,'Gretchen','posuere cubilia'),(851,'2023-05-05','12:30:12',5189,'Room','UPI',0,'Merwyn','vivamus vestibulum'),(852,'2023-04-30','11:35:36',321,'Food','Cash',0,'Chrissie','sagittis dui'),(853,'2023-10-05','10:12:37',8571,'Others','Credit Card',0,'Ferguson','ligula nec sem duis aliquam'),(854,'2023-04-14','23:41:53',9556,'Others','Cash',1,'Cindy','fringilla rhoncus mauris'),(855,'2023-11-16','08:58:11',21,'Travel','Cash',0,'Faber','libero nam dui proin leo'),(856,'2023-06-30','02:31:57',7949,'Food','Debit Card',0,'Gracia','augue vestibulum ante ipsum primis in'),(857,'2023-03-30','16:45:25',3580,'Room','Net Banking',0,'Dania','pretium quis lectus suspendisse potenti in'),(858,'2023-11-05','09:12:11',876,'Travel','UPI',1,'Yorgos','interdum eu tincidunt in'),(859,'2023-07-23','06:02:02',7621,'Travel','Net Banking',1,'Leonora','vivamus metus arcu'),(860,'2023-12-09','08:33:17',366,'Others','Net Banking',0,'Kati','aliquam lacus morbi quis tortor id nulla ultrices aliquet maecenas'),(861,'2023-08-02','21:00:33',4982,'Others','Credit Card',1,'Deana','mauris non ligula pellentesque ultrices phasellus id sapien in sapien'),(862,'2023-09-17','19:11:24',716,'Room','Net Banking',1,'Sheridan','tempor turpis nec euismod scelerisque quam turpis adipiscing lorem'),(863,'2024-01-14','09:20:30',4601,'Food','Debit Card',0,'Sal','in felis'),(864,'2023-04-17','02:05:14',6440,'Room','Debit Card',0,'Alexandra','felis sed interdum venenatis turpis'),(865,'2023-02-07','00:45:54',2567,'Others','UPI',1,'Hayyim','pede malesuada in imperdiet et commodo vulputate'),(866,'2023-07-26','07:24:46',2532,'Room','Cash',0,'Victor','vivamus vestibulum'),(867,'2023-05-29','03:33:54',7761,'Others','Debit Card',0,'Cosette','justo morbi ut odio cras mi pede'),(868,'2023-06-02','13:53:11',8410,'Food','Net Banking',1,'Maurise','nulla suspendisse potenti cras in purus eu magna vulputate'),(869,'2023-06-05','17:07:44',3369,'Travel','UPI',1,'Phyllys','in faucibus orci luctus et ultrices posuere cubilia curae mauris'),(870,'2023-02-03','22:40:36',6300,'Travel','UPI',1,'Fredric','rhoncus mauris enim leo rhoncus sed vestibulum'),(871,'2023-07-18','05:04:07',9117,'Others','UPI',0,'Mandi','scelerisque mauris sit amet eros suspendisse'),(872,'2023-07-28','18:11:17',992,'Others','Credit Card',0,'Jessica','potenti in eleifend quam a odio in hac habitasse platea'),(873,'2023-04-18','16:45:54',8144,'Food','Debit Card',0,'Allard','sit amet eros suspendisse accumsan'),(874,'2023-05-05','19:22:50',1330,'Travel','UPI',0,'Rick','consequat ut'),(875,'2023-11-05','07:45:04',2841,'Room','Cash',0,'Tonnie','eget elit sodales scelerisque mauris sit amet eros suspendisse accumsan'),(876,'2024-01-09','14:03:24',8952,'Others','Net Banking',1,'Towney','vitae quam'),(877,'2023-08-29','01:58:50',9868,'Others','Net Banking',1,'Gale','gravida nisi at nibh'),(878,'2023-08-27','08:41:09',4934,'Food','UPI',0,'Amalle','dignissim vestibulum vestibulum ante ipsum primis in faucibus orci luctus'),(879,'2023-03-14','07:30:49',3808,'Others','Credit Card',0,'Ailsun','volutpat convallis morbi'),(880,'2023-11-17','00:33:23',4602,'Others','Net Banking',0,'Francyne','cubilia curae'),(881,'2023-11-11','04:32:48',1693,'Room','UPI',0,'Illa','ut massa volutpat convallis morbi odio odio elementum eu'),(882,'2023-11-04','18:29:18',6811,'Travel','Net Banking',1,'Fanya','luctus et ultrices posuere cubilia'),(883,'2024-02-08','09:54:26',6135,'Room','Credit Card',1,'Linzy','elementum nullam varius'),(884,'2023-11-25','04:06:01',1761,'Room','Cash',0,'Brock','egestas metus aenean'),(885,'2023-11-05','08:14:15',8574,'Others','Net Banking',0,'Victoir','dolor sit amet consectetuer adipiscing elit proin risus praesent lectus'),(886,'2023-08-17','08:35:47',2986,'Others','Cash',1,'Cullin','quam sapien varius'),(887,'2023-12-23','17:47:17',7565,'Food','Debit Card',1,'Burty','vestibulum eget vulputate ut ultrices vel augue'),(888,'2023-05-25','21:01:23',5829,'Room','Debit Card',1,'Gilberte','quam pharetra magna ac consequat metus sapien ut'),(889,'2023-03-26','03:31:49',4472,'Room','Net Banking',1,'Natalie','quis tortor id'),(890,'2023-04-04','21:43:15',4773,'Others','UPI',0,'Merill','mattis nibh ligula nec sem duis aliquam convallis nunc proin'),(891,'2023-12-25','11:24:03',6997,'Others','Debit Card',0,'Beth','sed vestibulum sit amet'),(892,'2023-07-19','23:41:31',5517,'Travel','Cash',0,'Darius','tristique in tempus sit amet sem fusce consequat nulla nisl'),(893,'2023-12-21','22:15:03',7875,'Others','UPI',0,'Lionello','in quis justo maecenas rhoncus'),(894,'2023-11-02','23:42:59',9443,'Others','Cash',0,'Vivienne','nullam molestie nibh in lectus pellentesque at nulla'),(895,'2023-03-13','19:14:20',1579,'Travel','UPI',0,'Shandra','nulla eget eros elementum pellentesque'),(896,'2023-10-13','17:37:55',2584,'Food','UPI',0,'Dur','mauris vulputate elementum nullam varius nulla facilisi'),(897,'2024-01-07','22:28:34',4650,'Others','Debit Card',0,'Atlante','curabitur in libero ut massa volutpat convallis morbi odio odio'),(898,'2023-11-28','13:49:20',7016,'Food','UPI',0,'Marigold','volutpat quam pede lobortis ligula sit amet eleifend pede'),(899,'2023-06-23','22:37:21',4395,'Room','Debit Card',0,'Diarmid','non velit nec nisi'),(900,'2023-02-17','21:21:48',3041,'Travel','Credit Card',1,'Kenna','pulvinar lobortis est phasellus sit amet erat nulla tempus'),(901,'2023-04-04','17:43:24',3896,'Food','UPI',0,'Cherri','viverra diam'),(902,'2023-09-27','19:54:56',3898,'Travel','Cash',1,'Kasey','tempor turpis nec euismod scelerisque quam turpis adipiscing lorem vitae'),(903,'2023-04-25','22:08:21',279,'Food','Credit Card',0,'Anastasie','sem mauris laoreet ut rhoncus'),(904,'2023-03-18','17:40:31',6885,'Others','UPI',0,'Lauretta','pellentesque eget nunc donec quis orci eget orci vehicula condimentum'),(905,'2023-06-13','16:49:54',5033,'Food','UPI',1,'Basilius','urna ut tellus nulla ut'),(906,'2023-10-30','07:14:02',3371,'Room','Credit Card',1,'Skye','sapien ut nunc vestibulum ante ipsum primis in faucibus'),(907,'2023-10-25','23:04:28',6248,'Food','Net Banking',0,'Elyn','dui maecenas tristique'),(908,'2023-10-22','23:07:18',9411,'Room','UPI',1,'Cammy','consequat metus sapien ut nunc vestibulum ante ipsum primis in'),(909,'2023-03-11','01:25:54',2196,'Travel','Cash',0,'Phil','lacinia nisi'),(910,'2023-10-24','23:40:02',5044,'Room','UPI',1,'Efren','pede venenatis non sodales sed tincidunt eu'),(911,'2023-09-21','07:24:59',8456,'Room','UPI',1,'Liva','orci luctus et ultrices posuere cubilia curae nulla'),(912,'2023-12-31','06:26:22',4756,'Travel','Net Banking',1,'Lauryn','vulputate justo in blandit'),(913,'2023-09-24','09:46:09',6455,'Food','Net Banking',0,'Clayton','duis faucibus accumsan odio curabitur convallis duis consequat dui nec'),(914,'2023-07-07','21:34:03',6081,'Room','UPI',1,'Jennine','tortor sollicitudin mi'),(915,'2023-03-25','10:22:26',1126,'Food','Cash',1,'Holli','in sapien'),(916,'2023-11-13','19:12:40',6480,'Travel','Credit Card',1,'Guy','in porttitor pede justo eu massa donec dapibus'),(917,'2023-12-17','00:04:31',8948,'Travel','Net Banking',1,'Vivienne','ultrices phasellus id sapien in sapien iaculis congue vivamus'),(918,'2023-02-14','15:11:13',2347,'Travel','Net Banking',1,'Ayn','luctus et ultrices posuere'),(919,'2023-05-18','02:14:27',2930,'Food','Net Banking',1,'Rebecka','nec condimentum neque sapien placerat ante nulla justo aliquam'),(920,'2023-09-07','04:01:00',2722,'Travel','Cash',1,'Clarey','pellentesque quisque porta volutpat erat quisque erat eros viverra'),(921,'2024-02-06','09:46:34',7386,'Food','Credit Card',1,'Lucien','pellentesque quisque'),(922,'2023-03-28','14:13:04',8625,'Others','Net Banking',0,'Edgardo','blandit non interdum in'),(923,'2023-04-10','20:26:56',355,'Food','Cash',1,'Marieann','cursus urna ut'),(924,'2023-07-18','18:46:29',6303,'Others','Cash',1,'Lesley','metus vitae ipsum'),(925,'2023-12-24','04:33:14',5988,'Room','Cash',0,'Alden','pede ac'),(926,'2023-04-02','18:15:59',6380,'Others','Net Banking',0,'Dud','ante ipsum primis in faucibus orci luctus et ultrices posuere'),(927,'2024-01-01','13:33:50',7813,'Others','Debit Card',0,'Colline','potenti nullam'),(928,'2023-07-20','16:59:27',6101,'Others','UPI',0,'Maurise','elementum nullam varius nulla'),(929,'2023-07-17','17:53:55',3254,'Others','Cash',1,'Pauly','in leo maecenas pulvinar lobortis'),(930,'2023-05-23','04:44:17',4667,'Others','Debit Card',0,'Jammal','volutpat in congue etiam justo etiam pretium iaculis'),(931,'2024-01-08','03:21:19',8906,'Others','UPI',0,'Stevy','enim lorem ipsum'),(932,'2023-03-18','19:58:14',6473,'Travel','UPI',1,'Alexandrina','arcu sed augue aliquam'),(933,'2023-02-14','14:50:00',6437,'Food','UPI',1,'Charissa','justo lacinia eget tincidunt eget tempus vel pede morbi'),(934,'2023-07-28','11:02:11',8537,'Room','Cash',0,'Bary','rutrum ac lobortis vel dapibus at diam nam'),(935,'2023-08-19','02:17:49',5243,'Food','Net Banking',1,'Selle','curabitur in'),(936,'2023-10-26','05:56:22',8046,'Room','UPI',0,'Cull','sit amet justo morbi'),(937,'2023-11-13','20:53:29',504,'Travel','Cash',0,'Rogers','donec dapibus duis at velit eu est'),(938,'2023-05-10','09:44:05',8892,'Food','Net Banking',0,'Olympia','libero ut massa volutpat convallis morbi odio'),(939,'2023-02-02','15:17:38',1871,'Food','Cash',0,'Onfre','potenti nullam porttitor lacus at turpis'),(940,'2024-02-13','04:58:27',6723,'Room','Debit Card',0,'Gallard','dictumst maecenas ut massa quis augue luctus tincidunt nulla'),(941,'2023-03-12','06:50:00',5640,'Others','Credit Card',0,'Christophorus','sit amet eros suspendisse accumsan tortor'),(942,'2023-12-13','01:17:16',113,'Travel','UPI',1,'Yetta','turpis a pede'),(943,'2023-02-21','04:24:25',9718,'Food','Credit Card',1,'Shawn','suspendisse accumsan tortor quis turpis sed ante'),(944,'2024-01-15','01:54:44',9311,'Room','Debit Card',1,'Mandi','consequat varius integer ac leo pellentesque ultrices mattis odio'),(945,'2023-11-07','03:17:08',6498,'Others','Cash',1,'Dael','sagittis dui'),(946,'2024-02-03','05:12:08',1431,'Travel','Debit Card',1,'Alika','justo aliquam quis'),(947,'2023-06-24','08:57:14',6858,'Others','Cash',1,'Etan','nunc viverra dapibus nulla suscipit ligula in'),(948,'2023-05-23','18:41:27',1253,'Food','Net Banking',0,'Tana','fusce consequat nulla nisl nunc nisl'),(949,'2023-11-05','02:27:42',2869,'Travel','Cash',0,'Perrine','sed nisl nunc rhoncus'),(950,'2023-02-21','15:41:32',8686,'Travel','Credit Card',1,'Ignaz','libero non mattis pulvinar nulla pede ullamcorper augue'),(951,'2023-07-08','04:10:39',9743,'Food','Debit Card',0,'Chickie','sed lacus morbi sem mauris laoreet ut'),(952,'2023-11-30','16:03:16',2094,'Food','Credit Card',0,'Burk','vitae mattis nibh ligula nec sem duis'),(953,'2023-03-01','01:12:02',9750,'Others','Credit Card',1,'Persis','nibh in quis justo maecenas rhoncus aliquam lacus morbi'),(954,'2023-11-24','20:53:20',6776,'Food','Net Banking',0,'Con','lorem id ligula suspendisse'),(955,'2023-04-09','11:42:15',1024,'Others','Cash',1,'Nev','cursus urna ut tellus nulla ut erat id'),(956,'2023-04-29','00:05:44',3147,'Others','Cash',1,'Bibbie','platea dictumst maecenas ut massa quis augue luctus tincidunt'),(957,'2023-06-16','07:59:46',2981,'Food','Net Banking',0,'Clarisse','sit amet eros suspendisse accumsan'),(958,'2023-10-02','21:21:00',3263,'Food','Credit Card',0,'Wynnie','posuere felis'),(959,'2024-02-05','12:43:18',5423,'Room','UPI',1,'Caroljean','sit amet'),(960,'2023-04-22','03:58:44',1456,'Travel','Cash',1,'Bevon','amet lobortis sapien sapien non mi integer ac'),(961,'2023-06-21','09:07:37',5189,'Travel','Credit Card',1,'Rochell','integer aliquet massa id lobortis convallis'),(962,'2023-02-05','22:06:27',570,'Room','Cash',1,'Isabel','nulla nunc purus phasellus in felis donec semper sapien a'),(963,'2023-11-30','06:25:31',6138,'Travel','Debit Card',0,'Nicolai','faucibus cursus urna ut tellus nulla ut erat id'),(964,'2023-06-01','13:26:17',5381,'Food','Net Banking',0,'Adriaens','pede ac diam cras pellentesque'),(965,'2023-09-05','18:47:44',8850,'Others','Cash',1,'Alina','vitae mattis nibh ligula nec sem duis aliquam'),(966,'2023-03-02','16:30:46',1208,'Travel','Net Banking',1,'Arvy','vulputate ut ultrices vel augue'),(967,'2023-09-18','08:37:20',9021,'Others','Debit Card',1,'Raffarty','neque vestibulum'),(968,'2023-04-14','08:56:34',9074,'Travel','Debit Card',1,'Farley','hac habitasse platea dictumst aliquam'),(969,'2023-12-08','14:57:11',5585,'Others','Debit Card',0,'Shanna','in hac habitasse platea dictumst maecenas ut massa quis augue'),(970,'2023-12-11','16:48:50',4028,'Food','Debit Card',0,'Etta','egestas metus aenean fermentum donec ut'),(971,'2023-02-01','22:59:04',9876,'Food','Debit Card',1,'Drusi','libero convallis eget eleifend luctus'),(972,'2023-07-21','07:23:48',5580,'Room','Credit Card',0,'Lynnea','mauris non ligula pellentesque ultrices phasellus id sapien'),(973,'2023-04-22','11:12:56',974,'Room','Net Banking',1,'Rhodie','dui vel'),(974,'2024-01-29','17:11:59',4739,'Travel','Credit Card',0,'Antonella','ut nunc vestibulum ante ipsum'),(975,'2023-10-25','21:07:17',4196,'Others','Credit Card',1,'Mora','consectetuer eget rutrum at lorem integer tincidunt ante vel ipsum'),(976,'2023-12-25','23:26:54',750,'Food','Debit Card',1,'Eolande','adipiscing molestie hendrerit at vulputate vitae nisl aenean lectus'),(977,'2023-03-03','04:31:29',6533,'Food','Credit Card',0,'Ephrem','amet lobortis sapien sapien non mi integer ac neque'),(978,'2023-03-26','04:36:58',9103,'Others','Net Banking',0,'Dyana','arcu sed augue aliquam erat volutpat'),(979,'2023-02-06','16:47:52',4290,'Room','Cash',0,'Jaynell','consequat nulla nisl nunc nisl duis bibendum felis sed interdum'),(980,'2023-11-20','15:50:48',2347,'Room','Cash',1,'Jinny','nisl nunc nisl duis'),(981,'2024-01-01','07:38:19',6925,'Room','Credit Card',1,'Aymer','quam pharetra magna'),(982,'2023-10-09','16:07:03',5803,'Food','Debit Card',1,'Mikol','magna vulputate luctus cum sociis natoque'),(983,'2023-12-22','07:23:49',394,'Room','Debit Card',0,'Shell','ligula vehicula consequat'),(984,'2023-05-24','22:51:11',8020,'Others','Cash',0,'Katharyn','id pretium iaculis diam erat fermentum'),(985,'2024-02-08','21:57:20',1307,'Travel','Debit Card',1,'Bradney','arcu libero rutrum ac'),(986,'2024-01-24','12:51:00',5125,'Food','Net Banking',0,'Celle','elit proin risus praesent lectus vestibulum quam sapien varius'),(987,'2023-12-24','13:37:39',2687,'Room','Net Banking',1,'Paulie','commodo vulputate justo in'),(988,'2023-06-26','19:12:45',6106,'Others','Cash',0,'Tracey','orci luctus et ultrices'),(989,'2023-08-19','04:05:03',4215,'Others','Net Banking',0,'Patin','at dolor quis odio'),(990,'2023-11-26','12:42:35',3281,'Room','Cash',1,'Ravi','velit donec diam neque'),(991,'2023-07-08','14:45:19',2585,'Food','Cash',0,'Haleigh','venenatis turpis enim blandit mi in porttitor'),(992,'2023-05-28','06:38:23',6888,'Food','Net Banking',0,'Livvie','proin interdum mauris'),(993,'2024-01-23','08:53:39',3789,'Room','Credit Card',0,'Tab','varius ut blandit non'),(994,'2023-07-11','23:54:43',9750,'Travel','Net Banking',1,'Briana','morbi vestibulum velit id pretium iaculis'),(995,'2023-06-03','02:13:04',9826,'Room','Credit Card',0,'Shurlock','praesent lectus vestibulum quam'),(996,'2023-06-08','12:53:09',5976,'Food','Net Banking',0,'Mario','mus vivamus vestibulum sagittis sapien cum'),(997,'2023-04-05','08:03:34',9038,'Others','Debit Card',1,'Rubia','consectetuer eget rutrum at lorem'),(998,'2024-02-11','21:22:33',5611,'Others','Net Banking',0,'Peggy','ac leo pellentesque ultrices'),(999,'2024-02-04','02:05:14',8961,'Room','Credit Card',1,'Cristiano','ultrices libero non mattis pulvinar nulla'),(1000,'2023-07-09','18:53:23',7752,'Travel','Cash',1,'Manuel','primis in faucibus orci luctus et ultrices posuere cubilia');
/*!40000 ALTER TABLE `bill` ENABLE KEYS */;
UNLOCK TABLES;

--
-- Table structure for table `booking`
--

DROP TABLE IF EXISTS `booking`;
/*!40101 SET @saved_cs_client     = @@character_set_client */;
/*!50503 SET character_set_client = utf8mb4 */;
CREATE TABLE `booking` (
  `guest_id` int NOT NULL,
  `reservation_id` int DEFAULT NULL,
  `early_check_in` tinyint(1) DEFAULT NULL,
  `late_check_out` tinyint(1) DEFAULT NULL,
  PRIMARY KEY (`guest_id`),
  KEY `reservation_id` (`reservation_id`),
  CONSTRAINT `booking_ibfk_1` FOREIGN KEY (`guest_id`) REFERENCES `current_guest` (`guest_id`),
  CONSTRAINT `booking_ibfk_2` FOREIGN KEY (`reservation_id`) REFERENCES `reservation` (`reservation_id`)
) ENGINE=InnoDB DEFAULT CHARSET=utf8mb4 COLLATE=utf8mb4_0900_ai_ci;
/*!40101 SET character_set_client = @saved_cs_client */;

--
-- Dumping data for table `booking`
--

LOCK TABLES `booking` WRITE;
/*!40000 ALTER TABLE `booking` DISABLE KEYS */;
/*!40000 ALTER TABLE `booking` ENABLE KEYS */;
UNLOCK TABLES;

--
-- Table structure for table `current_guest`
--

DROP TABLE IF EXISTS `current_guest`;
/*!40101 SET @saved_cs_client     = @@character_set_client */;
/*!50503 SET character_set_client = utf8mb4 */;
CREATE TABLE `current_guest` (
  `guest_id` int NOT NULL,
  `first_name` varchar(20) NOT NULL,
  `last_name` varchar(20) NOT NULL,
  `age` int DEFAULT NULL,
  `street` varchar(50) DEFAULT NULL,
  `state` varchar(15) DEFAULT NULL,
  `pincode` int DEFAULT NULL,
  `country` varchar(20) DEFAULT NULL,
  `phone_no` varchar(20) DEFAULT NULL,
  `guest_category` varchar(10) DEFAULT NULL,
  `visit_purpose` varchar(100) DEFAULT NULL,
  `iitgn_id` int DEFAULT NULL,
  `room_no` int DEFAULT NULL,
  `email_id` varchar(255) DEFAULT NULL,
  `password` varchar(255) DEFAULT NULL,
  `first_login` tinyint(1) DEFAULT NULL,
  PRIMARY KEY (`guest_id`),
  KEY `iitgn_id` (`iitgn_id`),
  KEY `room_no` (`room_no`),
  CONSTRAINT `current_guest_ibfk_1` FOREIGN KEY (`iitgn_id`) REFERENCES `iitgn_member` (`iitgn_id`),
  CONSTRAINT `current_guest_ibfk_2` FOREIGN KEY (`room_no`) REFERENCES `room` (`room_no`),
  CONSTRAINT `current_guest_chk_1` CHECK (((`room_no` >= 100) and (`room_no` <= 500)))
) ENGINE=InnoDB DEFAULT CHARSET=utf8mb4 COLLATE=utf8mb4_0900_ai_ci;
/*!40101 SET character_set_client = @saved_cs_client */;

--
-- Dumping data for table `current_guest`
--

LOCK TABLES `current_guest` WRITE;
/*!40000 ALTER TABLE `current_guest` DISABLE KEYS */;
INSERT INTO `current_guest` VALUES (1,'Carmelita','Peasey',98,'816 Bunker Hill Point','California',300768,'United States','619-670-1965','B','montes nascetur ridiculus mus etiam',761,124,'guest1@gmail.com','abcdef',0),(2,'Karyn','Stuchburie',21,'1 Melby Parkway','Texas',273748,'United States','915-750-5313','B','arcu libero rutrum ac lobortis vel dapibus at',855,265,'guest2@gmail.com','abcdef',0),(3,'Rob','Mandrake',94,'5 Michigan Drive','Ohio',552229,'United States','513-855-2465','B','iaculis justo in',689,244,'guest3@gmail.com','ABCDEF',0),(4,'Dyana','Biggadike',3,'97045 Basil Alley','New York',394627,'United States','315-576-0286','B','ultrices mattis odio donec',535,197,'guest4@gmail.com','newpass',0),(5,'Gaby','Domnin',86,'943 Village Green Pass','Maryland',191615,'United States','240-580-9248','A','vitae nisl aenean lectus pellentesque eget nunc donec',939,247,'guest5@gmail.com','qI7jvVMdd>fIM0',1),(6,'Tally','Charopen',96,'3 Mendota Terrace','Illinois',484601,'United States','312-296-2463','B','sit amet eleifend pede libero quis orci nullam',917,216,'guest6@gmail.com','kY8~`?GuX$D',1),(7,'Portia','Freeth',94,'10840 Warner Drive','Florida',142361,'United States','850-710-7673','A','integer a nibh',63,120,'guest7@gmail.com','vG6\'<H&!dK$',1),(8,'Goddard','Reddington',88,'6682 Jackson Court','Washington',508511,'United States','253-677-7768','C','ut erat curabitur',899,123,'guest8@gmail.com','wE30@?b2?nKt8\\\'',1),(9,'Donall','Tivolier',26,'8 Trailsway Street','Pennsylvania',707595,'United States','570-405-8861','B','lorem integer tincidunt ante vel ipsum',595,179,'guest9@gmail.com','uI7r=|/l',1),(10,'Terrill','Gowthorpe',92,'28438 Fremont Terrace','Florida',216950,'United States','727-415-8839','C','amet sem fusce',692,275,'',NULL,1),(11,'Ilise','Sheeran',20,'064 Westridge Crossing','Illinois',799449,'United States','309-922-5427','C','vulputate justo in blandit ultrices enim lorem',786,488,'',NULL,1),(12,'Rafferty','Lovie',31,'511 Barnett Way','Florida',302806,'United States','754-254-9985','A','curae donec pharetra magna',692,249,NULL,NULL,1),(13,'Alex','Sides',93,'06 Acker Avenue','Florida',470850,'United States','850-974-7772','C','morbi porttitor lorem id ligula suspendisse',39,157,NULL,NULL,1),(14,'Melody','Segeswoeth',64,'11537 Waxwing Crossing','Florida',337022,'United States','941-822-9243','A','fusce consequat nulla nisl nunc nisl duis bibendum',315,337,NULL,NULL,1),(15,'Billy','Setchfield',50,'5939 Cody Street','Texas',524961,'United States','432-605-5498','C','in tempor turpis nec euismod scelerisque quam',62,325,NULL,NULL,NULL),(16,'Brett','Phillcox',14,'98416 Summerview Circle','Texas',452247,'United States','469-191-2864','B','ut massa volutpat convallis morbi odio odio',657,425,NULL,NULL,NULL),(17,'Murvyn','Parlor',10,'46061 Spenser Trail','Minnesota',583164,'United States','952-199-6158','C','metus vitae ipsum aliquam non mauris morbi non',376,487,NULL,NULL,NULL),(18,'Kirbee','Dronsfield',70,'0 Onsgard Way','Illinois',422628,'United States','312-772-9585','B','posuere cubilia curae',766,142,NULL,NULL,NULL),(19,'Gypsy','Klawi',41,'62540 Pond Court','Texas',176361,'United States','940-285-7457','C','dui proin leo',775,443,NULL,NULL,NULL),(20,'Nicolis','Voak',80,'15554 Logan Park','Texas',778420,'United States','512-741-3914','B','non velit donec diam neque vestibulum eget',233,409,NULL,NULL,NULL),(21,'Olivier','Joselovitch',67,'5338 Golf Course Place','Minnesota',535678,'United States','763-247-0436','B','imperdiet et commodo vulputate justo in blandit ultrices',67,109,NULL,NULL,NULL),(22,'Olenka','Drohan',32,'290 Johnson Circle','Ohio',225025,'United States','614-620-3111','C','elit proin interdum mauris non ligula pellentesque ultrices',96,419,NULL,NULL,NULL),(23,'Goldarina','McMenamin',73,'93260 Pond Parkway','California',162662,'United States','530-401-3909','C','quis turpis',619,110,NULL,NULL,NULL),(24,'Kinny','Cowap',94,'58162 Becker Crossing','Washington',436894,'United States','360-797-9514','B','vestibulum aliquet ultrices erat tortor sollicitudin',292,461,NULL,NULL,NULL),(25,'Georgette','Coffey',8,'330 Oriole Avenue','Tennessee',233509,'United States','423-542-1376','C','proin risus',994,233,NULL,NULL,NULL),(26,'Gwenny','Peidro',9,'176 Carey Avenue','California',272265,'United States','619-973-9025','A','eget tempus vel pede morbi porttitor lorem id',903,189,NULL,NULL,NULL),(27,'Janna','Aslett',9,'7 Mallard Place','Minnesota',668207,'United States','763-821-1512','C','accumsan odio curabitur convallis',299,136,NULL,NULL,NULL),(28,'Rutherford','Tomkies',21,'9361 Arkansas Center','California',547029,'United States','559-408-1299','B','dolor morbi vel lectus in quam',379,184,NULL,NULL,NULL),(29,'Elianora','Macieja',40,'8 Florence Park','Texas',712945,'United States','713-931-9692','C','nisl nunc nisl duis bibendum felis sed interdum',200,242,NULL,NULL,NULL),(30,'Julie','Grote',67,'57638 Everett Place','Tennessee',588523,'United States','865-142-9507','B','posuere cubilia curae mauris viverra diam vitae quam',825,131,NULL,NULL,NULL),(31,'Bari','Trower',70,'25 Loftsgordon Circle','Virginia',134727,'United States','757-498-4639','A','quis tortor id nulla ultrices',182,325,NULL,NULL,NULL),(32,'Pauly','Henstone',73,'1861 Manley Court','Delaware',793576,'United States','302-792-1252','B','proin risus praesent lectus vestibulum quam sapien varius',574,315,NULL,NULL,NULL),(33,'Rourke','Worcester',4,'2 Towne Center','Nebraska',355661,'United States','712-793-6059','C','molestie nibh in lectus pellentesque at nulla',332,294,NULL,NULL,NULL),(34,'Tudor','McGirl',89,'409 Hansons Parkway','Iowa',379659,'United States','515-573-6701','A','tincidunt eget tempus vel pede morbi porttitor lorem',289,112,NULL,NULL,NULL),(35,'Sula','Overthrow',36,'3285 Logan Circle','Maryland',768625,'United States','443-329-6368','A','dictumst morbi vestibulum velit id pretium iaculis',609,153,NULL,NULL,NULL),(36,'Tildi','Blanket',93,'90 Sachtjen Court','New York',528308,'United States','212-459-2404','A','sed accumsan felis ut at dolor quis',944,401,NULL,NULL,NULL),(37,'Nerita','Galilee',70,'9491 Basil Center','Georgia',583787,'United States','678-770-7208','B','amet erat nulla',817,283,NULL,NULL,NULL),(38,'Giffer','Carabet',42,'58445 Sundown Point','New York',719953,'United States','716-113-5126','B','adipiscing elit proin',323,482,NULL,NULL,NULL),(39,'Trev','Penberthy',61,'357 Bashford Plaza','Kentucky',176501,'United States','859-951-0426','C','phasellus id sapien in',520,298,NULL,NULL,NULL),(40,'Raquel','Lequeux',65,'318 Vidon Parkway','Ohio',233437,'United States','513-843-0079','A','etiam faucibus cursus urna ut tellus',454,332,NULL,NULL,NULL),(41,'Greg','Howle',32,'4 Nelson Way','California',157494,'United States','510-879-6016','C','consectetuer eget rutrum at lorem integer tincidunt',179,268,NULL,NULL,NULL),(42,'Vail','Druhan',100,'2875 Loomis Junction','California',160624,'United States','831-253-0184','C','maecenas tristique est et tempus semper est quam',144,385,NULL,NULL,NULL),(43,'Nadia','Aishford',73,'80387 Vera Way','New York',542126,'United States','212-795-4847','C','elementum ligula',97,172,NULL,NULL,NULL),(44,'Herc','Skelding',93,'28 Fair Oaks Court','Florida',586931,'United States','813-191-8151','B','ac enim',506,179,NULL,NULL,NULL),(45,'Conan','Stanfield',7,'83 Milwaukee Center','Colorado',124350,'United States','719-828-1793','B','commodo vulputate justo in blandit ultrices enim lorem',770,132,NULL,NULL,NULL),(46,'Frasier','Underhill',71,'4899 Arizona Circle','Kansas',787457,'United States','913-898-7209','A','luctus et ultrices posuere cubilia curae donec',227,311,NULL,NULL,NULL),(47,'Dorian','Kennford',13,'803 Namekagon Parkway','Texas',765582,'United States','214-783-6886','C','sapien in sapien iaculis congue vivamus metus',663,400,NULL,NULL,NULL),(48,'Marline','Philson',47,'195 Golden Leaf Way','Florida',290916,'United States','954-826-5033','B','felis sed interdum venenatis turpis enim blandit mi',39,246,NULL,NULL,NULL),(49,'Sarge','Willmore',31,'5 Red Cloud Junction','New York',640281,'United States','212-569-2974','B','in faucibus orci luctus et ultrices posuere cubilia',189,426,NULL,NULL,NULL),(50,'Genevieve','Vickar',57,'25 Comanche Point','North Carolina',105656,'United States','919-817-9225','B','dolor morbi vel lectus',267,157,NULL,NULL,NULL),(51,'Elianore','Gayter',32,'8057 Buhler Alley','Virginia',198956,'United States','540-755-1437','B','vitae ipsum aliquam non mauris morbi non lectus',20,237,NULL,NULL,NULL),(52,'Kendall','Henner',96,'62829 Anthes Plaza','Columbia',165704,'United States','202-289-4643','C','sit amet consectetuer',456,385,NULL,NULL,NULL),(53,'Elfrieda','Djurisic',94,'9549 Bobwhite Street','Florida',489706,'United States','850-811-1815','A','sit amet cursus',103,323,NULL,NULL,NULL),(54,'Franciska','Causton',11,'57445 Parkside Pass','Oklahoma',664599,'United States','918-908-3141','C','integer a',404,372,NULL,NULL,NULL),(55,'Constanta','Eliot',50,'825 Burning Wood Circle','Michigan',435309,'United States','734-293-7834','A','viverra eget congue eget semper',464,259,NULL,NULL,NULL),(56,'Lu','Dungay',30,'93 Hintze Street','Georgia',546365,'United States','404-794-7405','B','morbi non',443,352,NULL,NULL,NULL),(57,'Onida','Ilieve',79,'22 Summerview Road','California',731398,'United States','916-174-3225','B','mattis odio donec vitae',714,332,NULL,NULL,NULL),(58,'Delinda','Opfer',44,'0 Buena Vista Court','New Jersey',181806,'United States','609-884-7838','A','tempor turpis nec euismod scelerisque quam turpis',952,488,NULL,NULL,NULL),(59,'Meyer','Pendered',4,'8158 Delaware Court','Ohio',226727,'United States','419-790-6207','B','ante vivamus tortor',112,170,NULL,NULL,NULL),(60,'Marcelia','Fontin',82,'018 Stang Center','New York',501425,'United States','716-981-4475','B','tincidunt lacus',796,346,NULL,NULL,NULL),(61,'Carley','Desantis',37,'3563 Prentice Alley','Florida',566927,'United States','941-307-1941','A','laoreet ut rhoncus aliquet',916,356,NULL,NULL,NULL),(62,'Jennie','Mourant',6,'17 Gina Street','California',630418,'United States','626-159-0574','C','nisi venenatis tristique fusce congue diam id',128,252,NULL,NULL,NULL),(63,'Ania','Heelis',51,'47802 Pepper Wood Place','Minnesota',251926,'United States','507-942-7274','B','vehicula condimentum curabitur in libero ut massa',134,394,NULL,NULL,NULL),(64,'Shellysheldon','Ducker',55,'34 Oak Valley Trail','New York',312222,'United States','518-502-1296','B','sapien cursus vestibulum proin',531,173,NULL,NULL,NULL),(65,'Marrissa','Radnedge',95,'2152 Ludington Junction','Pennsylvania',464440,'United States','814-664-9618','B','condimentum id luctus nec molestie sed justo',173,167,NULL,NULL,NULL),(66,'Algernon','Druery',36,'9349 Armistice Alley','Kentucky',755201,'United States','502-718-9534','C','pellentesque volutpat dui maecenas tristique',554,204,NULL,NULL,NULL),(67,'Peadar','Laval',22,'48 Lillian Drive','Texas',669321,'United States','817-771-9821','A','dolor quis',221,399,NULL,NULL,NULL),(68,'Catlaina','Grave',75,'9 Veith Terrace','Washington',371701,'United States','425-804-2825','B','etiam faucibus cursus urna',136,493,NULL,NULL,NULL),(69,'Lucky','Millott',93,'2 Havey Lane','Texas',623483,'United States','915-182-4875','C','in faucibus orci',383,208,NULL,NULL,NULL),(70,'Leona','Luther',20,'24 Prairieview Court','New York',332662,'United States','585-654-2060','B','eget rutrum at lorem',719,450,NULL,NULL,NULL),(71,'Douglas','Glentworth',2,'6 Dovetail Place','Maryland',249873,'United States','410-473-0097','B','faucibus orci luctus et',7,176,NULL,NULL,NULL),(72,'Sonny','Nelthorp',80,'5 Westerfield Lane','Florida',652061,'United States','727-656-7546','C','in sapien iaculis congue vivamus metus arcu adipiscing',171,395,NULL,NULL,NULL),(73,'Ricca','Kornilov',73,'91182 Northview Lane','North Carolina',657377,'United States','704-281-7852','B','dis parturient montes nascetur ridiculus mus vivamus',719,317,NULL,NULL,NULL),(74,'Sol','Cargen',29,'268 Brickson Park Street','New York',294074,'United States','585-306-5630','B','leo maecenas pulvinar lobortis est phasellus',849,369,NULL,NULL,NULL),(75,'Rickey','Ulrik',53,'71 Ludington Way','Georgia',775080,'United States','706-433-8766','C','dapibus augue vel accumsan tellus nisi eu',913,283,NULL,NULL,NULL),(76,'Cherilyn','Cadell',36,'0 South Terrace','West Virginia',556131,'United States','304-353-6853','B','sapien urna pretium nisl',967,366,NULL,NULL,NULL),(77,'Carmelle','Arderne',28,'64 Buell Crossing','Pennsylvania',574238,'United States','570-402-5280','C','bibendum felis sed interdum venenatis turpis',681,433,NULL,NULL,NULL),(78,'Drew','Tipping',83,'22 Superior Parkway','Wisconsin',465007,'United States','414-601-3946','B','luctus et ultrices posuere cubilia curae mauris',591,452,NULL,NULL,NULL),(79,'Reuben','Demare',99,'5 Bayside Point','California',633517,'United States','661-296-0170','C','posuere cubilia curae',409,311,NULL,NULL,NULL),(80,'Sharia','Kocher',80,'8 Helena Center','Texas',389741,'United States','713-270-1966','C','in hac habitasse platea dictumst aliquam',585,438,NULL,NULL,NULL),(81,'Yovonnda','Kingcott',45,'04 Bellgrove Trail','Texas',457801,'United States','254-779-9959','A','urna ut tellus',6,179,NULL,NULL,NULL),(82,'Quinton','McBoyle',43,'2508 Schmedeman Park','Tennessee',537929,'United States','901-276-3592','A','maecenas tincidunt lacus at velit vivamus',116,442,NULL,NULL,NULL),(83,'Jacki','Warrick',33,'54287 Grasskamp Plaza','Washington',344966,'United States','509-343-6386','A','hendrerit at vulputate vitae nisl',651,327,NULL,NULL,NULL),(84,'Gardner','Sumbler',10,'2620 Delladonna Hill','Pennsylvania',212185,'United States','215-622-1247','C','vitae nisi nam ultrices libero non mattis',330,267,NULL,NULL,NULL),(85,'Jeramie','Dunkley',59,'0921 Hanover Junction','Florida',483322,'United States','561-746-7236','A','integer ac',198,432,NULL,NULL,NULL),(86,'Reynolds','Murford',73,'6 Melvin Park','Arizona',574042,'United States','602-371-9239','A','venenatis turpis enim',326,456,NULL,NULL,NULL),(87,'Gregoor','McDowall',86,'95 Debra Road','New York',755962,'United States','212-199-8244','B','vehicula consequat morbi a ipsum',350,244,NULL,NULL,NULL),(88,'Randene','Robbings',99,'95 Sachs Junction','New York',152519,'United States','516-443-8178','C','potenti nullam porttitor lacus at turpis donec',949,211,NULL,NULL,NULL),(89,'Philippine','Blamires',66,'1 Delaware Court','Texas',199388,'United States','817-401-7675','B','velit donec',357,279,NULL,NULL,NULL),(90,'Willi','Clerc',8,'4 Center Circle','Texas',352323,'United States','972-550-9029','A','sodales scelerisque mauris sit amet',63,359,NULL,NULL,NULL),(91,'Dyane','Calvey',5,'98900 Rieder Alley','Arizona',118571,'United States','602-604-4789','C','id nisl',840,321,NULL,NULL,NULL),(92,'Calla','Haszard',63,'5 Dahle Circle','Georgia',289988,'United States','770-603-2400','C','lobortis convallis tortor risus dapibus augue',235,236,NULL,NULL,NULL),(93,'Mufi','Halstead',27,'27688 Morning Trail','Washington',400395,'United States','360-588-3544','A','posuere metus vitae ipsum aliquam non mauris',674,444,NULL,NULL,NULL),(94,'Jobi','Dulinty',48,'76383 Truax Circle','Tennessee',754110,'United States','423-697-5032','B','consectetuer adipiscing',471,101,NULL,NULL,NULL),(95,'Blondy','Reuther',19,'351 Onsgard Hill','Virginia',576813,'United States','434-556-2012','C','turpis a',495,235,NULL,NULL,NULL),(96,'Daryn','Copestake',6,'5342 Westridge Park','Georgia',430463,'United States','404-222-2937','B','luctus tincidunt nulla mollis molestie lorem quisque ut',556,337,NULL,NULL,NULL),(97,'Page','Bly',13,'560 New Castle Junction','Texas',642962,'United States','512-627-4295','B','vestibulum aliquet ultrices erat',178,249,NULL,NULL,NULL),(98,'Danica','Jone',41,'4402 Mallory Trail','Kansas',248350,'United States','316-347-8248','C','felis sed lacus morbi sem',493,127,NULL,NULL,NULL),(99,'Dasha','Gommes',87,'74 Manitowish Center','South Dakota',567658,'United States','605-510-5589','B','nibh in lectus pellentesque at',746,288,NULL,NULL,NULL),(100,'Nikki','Wiltshier',33,'77424 Debra Circle','Indiana',637346,'United States','317-507-1936','C','tincidunt ante',96,325,NULL,NULL,NULL);
/*!40000 ALTER TABLE `current_guest` ENABLE KEYS */;
UNLOCK TABLES;

--
-- Table structure for table `driver`
--

DROP TABLE IF EXISTS `driver`;
/*!40101 SET @saved_cs_client     = @@character_set_client */;
/*!50503 SET character_set_client = utf8mb4 */;
CREATE TABLE `driver` (
  `driver_license` varchar(20) NOT NULL,
  `first_name` varchar(20) NOT NULL,
  `last_name` varchar(20) NOT NULL,
  `age` int NOT NULL,
  `agency` varchar(100) DEFAULT NULL,
  `car_description` varchar(100) DEFAULT NULL,
  `phone_number` varchar(20) DEFAULT NULL,
  `experience` int DEFAULT NULL,
  `email_id` varchar(255) DEFAULT NULL,
  `password` varchar(255) DEFAULT NULL,
  PRIMARY KEY (`driver_license`),
  UNIQUE KEY `phone_number` (`phone_number`),
  CONSTRAINT `driver_chk_1` CHECK ((`age` > 0))
) ENGINE=InnoDB DEFAULT CHARSET=utf8mb4 COLLATE=utf8mb4_0900_ai_ci;
/*!40101 SET character_set_client = @saved_cs_client */;

--
-- Dumping data for table `driver`
--

LOCK TABLES `driver` WRITE;
/*!40000 ALTER TABLE `driver` DISABLE KEYS */;
INSERT INTO `driver` VALUES ('1','Wallache','Banks',44,'ipsum dolor sit','ipsum integer a nibh in','162-481-4708',20,'driver1@iitgn.ac.in','123456'),('10','Lulita','Ivakin',45,'vestibulum proin','ac consequat metus sapien ut nunc','786-377-9813',16,'driver10@iitgn.ac.in','123456'),('2','Grete','Wellstood',43,'nulla pede','est congue elementum in hac','407-461-7141',20,'driver2@iitgn.ac.in','123456'),('3','Margeaux','Pickerin',34,'varius ut','orci vehicula condimentum curabitur in','708-902-9848',5,'driver3@iitgn.ac.in','123456'),('4','Hermie','Linnell',33,'nulla tempus vivamus','sit amet sem fusce consequat nulla nisl','806-807-0327',10,'driver4@iitgn.ac.in','123456'),('5','Esdras','Haughey',41,'quisque id','suspendisse potenti in eleifend quam a odio','769-426-4394',8,'driver5@iitgn.ac.in','123456'),('6','Dionne','Buckler',30,'in hac habitasse','maecenas tincidunt lacus at velit vivamus vel','746-553-5883',2,'driver6@iitgn.ac.in','123456'),('7','Shawn','MacQueen',34,'in tempor','mi in porttitor pede justo','212-241-8743',16,'driver7@iitgn.ac.in','123456'),('8','Florri','Loghan',49,'amet eleifend','eleifend luctus ultricies eu nibh quisque id justo','159-798-3345',10,'driver8@iitgn.ac.in','123456'),('9','Lizabeth','Player',50,'non ligula','in sagittis dui vel nisl duis ac nibh','309-339-4694',11,'driver9@iitgn.ac.in','123456');
/*!40000 ALTER TABLE `driver` ENABLE KEYS */;
UNLOCK TABLES;

--
-- Table structure for table `feedback`
--

DROP TABLE IF EXISTS `feedback`;
/*!40101 SET @saved_cs_client     = @@character_set_client */;
/*!50503 SET character_set_client = utf8mb4 */;
CREATE TABLE `feedback` (
  `feedback_id` int NOT NULL,
  `date` date DEFAULT NULL,
  `star_rating` int DEFAULT NULL,
  `feedback` text,
  `past_guest_id` int DEFAULT NULL,
  PRIMARY KEY (`feedback_id`),
  KEY `past_guest_id` (`past_guest_id`),
  CONSTRAINT `feedback_ibfk_1` FOREIGN KEY (`past_guest_id`) REFERENCES `past_guests` (`past_guest_id`) ON DELETE CASCADE,
  CONSTRAINT `feedback_chk_1` CHECK (((`star_rating` >= 1) and (`star_rating` <= 5)))
) ENGINE=InnoDB DEFAULT CHARSET=utf8mb4 COLLATE=utf8mb4_0900_ai_ci;
/*!40101 SET character_set_client = @saved_cs_client */;

--
-- Dumping data for table `feedback`
--

LOCK TABLES `feedback` WRITE;
/*!40000 ALTER TABLE `feedback` DISABLE KEYS */;
INSERT INTO `feedback` VALUES (1,'2023-09-04',2,'Suspendisse potenti. In eleifend quam a odio. In hac habitasse platea dictumst. Maecenas ut massa quis augue luctus tincidunt. Nulla mollis molestie lorem.',42),(2,'2023-09-11',5,'Integer a nibh. In quis justo. Maecenas rhoncus aliquam lacus. Morbi quis tortor id nulla ultrices aliquet.',219),(3,'2023-05-24',3,'Donec semper sapien a libero.',28),(4,'2023-06-23',5,'Nunc nisl. Duis bibendum, felis sed interdum venenatis, turpis enim blandit mi, in porttitor pede justo eu massa. Donec dapibus.',364),(5,'2023-09-25',2,'Nam congue, risus semper porta volutpat, quam pede lobortis ligula, sit amet eleifend pede libero quis orci.',392),(6,'2023-03-14',2,'Nulla ut erat id mauris vulputate elementum. Nullam varius. Nulla facilisi. Cras non velit nec nisi vulputate nonummy.',276),(7,'2023-08-07',5,'Donec ut mauris eget massa tempor convallis. Nulla neque libero, convallis eget, eleifend luctus, ultricies eu, nibh. Quisque id justo sit amet sapien dignissim vestibulum. Vestibulum ante ipsum primis in faucibus orci luctus et ultrices posuere cubilia Curae; Nulla dapibus dolor vel est.',490),(8,'2023-12-04',4,'Proin at turpis a pede posuere nonummy. Integer non velit. Donec diam neque, vestibulum eget, vulputate ut, ultrices vel, augue. Vestibulum ante ipsum primis in faucibus orci luctus et ultrices posuere cubilia Curae; Donec pharetra, magna vestibulum aliquet ultrices, erat tortor sollicitudin mi, sit amet lobortis sapien sapien non mi. Integer ac neque.',118),(9,'2023-09-18',3,'Nullam porttitor lacus at turpis.',316),(10,'2023-07-08',2,'Maecenas pulvinar lobortis est.',42),(11,'2024-01-09',4,'Praesent lectus. Vestibulum quam sapien, varius ut, blandit non, interdum in, ante. Vestibulum ante ipsum primis in faucibus orci luctus et ultrices posuere cubilia Curae; Duis faucibus accumsan odio. Curabitur convallis. Duis consequat dui nec nisi volutpat eleifend.',339),(12,'2023-03-09',3,'Maecenas tincidunt lacus at velit. Vivamus vel nulla eget eros elementum pellentesque.',418),(13,'2023-10-26',5,'Fusce consequat. Nulla nisl. Nunc nisl. Duis bibendum, felis sed interdum venenatis, turpis enim blandit mi, in porttitor pede justo eu massa. Donec dapibus.',364),(14,'2023-11-26',2,'Proin leo odio, porttitor id, consequat in, consequat ut, nulla. Sed accumsan felis. Ut at dolor quis odio consequat varius. Integer ac leo.',242),(15,'2023-08-22',1,'Maecenas tincidunt lacus at velit. Vivamus vel nulla eget eros elementum pellentesque.',345),(16,'2024-01-01',5,'Nulla neque libero, convallis eget, eleifend luctus, ultricies eu, nibh.',96),(17,'2023-08-02',1,'Donec vitae nisi. Nam ultrices, libero non mattis pulvinar, nulla pede ullamcorper augue, a suscipit nulla elit ac nulla. Sed vel enim sit amet nunc viverra dapibus. Nulla suscipit ligula in lacus. Curabitur at ipsum ac tellus semper interdum.',371),(18,'2023-12-08',1,'Maecenas tristique, est et tempus semper, est quam pharetra magna, ac consequat metus sapien ut nunc. Vestibulum ante ipsum primis in faucibus orci luctus et ultrices posuere cubilia Curae; Mauris viverra diam vitae quam. Suspendisse potenti. Nullam porttitor lacus at turpis. Donec posuere metus vitae ipsum.',154),(19,'2023-09-18',2,'Sed ante. Vivamus tortor. Duis mattis egestas metus.',216),(20,'2024-01-18',1,'Vivamus vel nulla eget eros elementum pellentesque. Quisque porta volutpat erat. Quisque erat eros, viverra eget, congue eget, semper rutrum, nulla. Nunc purus. Phasellus in felis.',441),(21,'2024-03-02',1,'Etiam pretium iaculis justo. In hac habitasse platea dictumst.',85),(22,'2024-02-11',2,'Morbi odio odio, elementum eu, interdum eu, tincidunt in, leo. Maecenas pulvinar lobortis est. Phasellus sit amet erat. Nulla tempus. Vivamus in felis eu sapien cursus vestibulum.',85),(23,'2023-07-24',3,'Donec quis orci eget orci vehicula condimentum. Curabitur in libero ut massa volutpat convallis. Morbi odio odio, elementum eu, interdum eu, tincidunt in, leo. Maecenas pulvinar lobortis est.',444),(24,'2023-10-17',1,'Proin leo odio, porttitor id, consequat in, consequat ut, nulla. Sed accumsan felis.',223),(25,'2023-11-24',5,'Aenean sit amet justo. Morbi ut odio.',300),(26,'2023-08-13',4,'Integer pede justo, lacinia eget, tincidunt eget, tempus vel, pede. Morbi porttitor lorem id ligula. Suspendisse ornare consequat lectus.',65),(27,'2023-05-31',3,'Vestibulum ac est lacinia nisi venenatis tristique. Fusce congue, diam id ornare imperdiet, sapien urna pretium nisl, ut volutpat sapien arcu sed augue. Aliquam erat volutpat.',11),(28,'2024-01-01',1,'Etiam faucibus cursus urna. Ut tellus.',85),(29,'2023-02-20',3,'Integer non velit. Donec diam neque, vestibulum eget, vulputate ut, ultrices vel, augue. Vestibulum ante ipsum primis in faucibus orci luctus et ultrices posuere cubilia Curae; Donec pharetra, magna vestibulum aliquet ultrices, erat tortor sollicitudin mi, sit amet lobortis sapien sapien non mi. Integer ac neque.',55),(30,'2023-06-11',1,'Fusce consequat. Nulla nisl. Nunc nisl. Duis bibendum, felis sed interdum venenatis, turpis enim blandit mi, in porttitor pede justo eu massa.',72),(31,'2023-10-13',2,'Curabitur in libero ut massa volutpat convallis. Morbi odio odio, elementum eu, interdum eu, tincidunt in, leo. Maecenas pulvinar lobortis est. Phasellus sit amet erat.',88),(32,'2024-02-26',1,'Pellentesque ultrices mattis odio. Donec vitae nisi.',297),(33,'2023-07-14',3,'Suspendisse ornare consequat lectus. In est risus, auctor sed, tristique in, tempus sit amet, sem. Fusce consequat. Nulla nisl. Nunc nisl.',43),(34,'2023-05-05',2,'Sed ante. Vivamus tortor.',431),(35,'2023-10-21',4,'Curabitur in libero ut massa volutpat convallis. Morbi odio odio, elementum eu, interdum eu, tincidunt in, leo. Maecenas pulvinar lobortis est.',252),(36,'2023-03-04',5,'Cras pellentesque volutpat dui. Maecenas tristique, est et tempus semper, est quam pharetra magna, ac consequat metus sapien ut nunc. Vestibulum ante ipsum primis in faucibus orci luctus et ultrices posuere cubilia Curae; Mauris viverra diam vitae quam.',422),(37,'2024-02-13',3,'Curabitur gravida nisi at nibh. In hac habitasse platea dictumst. Aliquam augue quam, sollicitudin vitae, consectetuer eget, rutrum at, lorem.',175),(38,'2024-03-12',2,'Nam congue, risus semper porta volutpat, quam pede lobortis ligula, sit amet eleifend pede libero quis orci.',2),(39,'2023-08-31',5,'Phasellus in felis. Donec semper sapien a libero.',40),(40,'2023-09-16',4,'Nam congue, risus semper porta volutpat, quam pede lobortis ligula, sit amet eleifend pede libero quis orci. Nullam molestie nibh in lectus. Pellentesque at nulla. Suspendisse potenti. Cras in purus eu magna vulputate luctus.',342),(41,'2023-12-31',2,'Duis bibendum, felis sed interdum venenatis, turpis enim blandit mi, in porttitor pede justo eu massa. Donec dapibus. Duis at velit eu est congue elementum. In hac habitasse platea dictumst. Morbi vestibulum, velit id pretium iaculis, diam erat fermentum justo, nec condimentum neque sapien placerat ante.',241),(42,'2023-03-27',1,'Nam ultrices, libero non mattis pulvinar, nulla pede ullamcorper augue, a suscipit nulla elit ac nulla. Sed vel enim sit amet nunc viverra dapibus. Nulla suscipit ligula in lacus. Curabitur at ipsum ac tellus semper interdum. Mauris ullamcorper purus sit amet nulla.',469),(43,'2023-08-19',3,'Nam nulla. Integer pede justo, lacinia eget, tincidunt eget, tempus vel, pede. Morbi porttitor lorem id ligula. Suspendisse ornare consequat lectus.',8),(44,'2023-03-24',5,'Nulla facilisi.',139),(45,'2023-07-06',3,'Fusce congue, diam id ornare imperdiet, sapien urna pretium nisl, ut volutpat sapien arcu sed augue. Aliquam erat volutpat.',187),(46,'2023-12-03',3,'Morbi non lectus. Aliquam sit amet diam in magna bibendum imperdiet.',144),(47,'2024-03-03',3,'Morbi vestibulum, velit id pretium iaculis, diam erat fermentum justo, nec condimentum neque sapien placerat ante. Nulla justo. Aliquam quis turpis eget elit sodales scelerisque. Mauris sit amet eros.',363),(48,'2023-12-19',2,'Donec diam neque, vestibulum eget, vulputate ut, ultrices vel, augue. Vestibulum ante ipsum primis in faucibus orci luctus et ultrices posuere cubilia Curae; Donec pharetra, magna vestibulum aliquet ultrices, erat tortor sollicitudin mi, sit amet lobortis sapien sapien non mi. Integer ac neque.',383),(49,'2023-12-14',2,'Aliquam augue quam, sollicitudin vitae, consectetuer eget, rutrum at, lorem. Integer tincidunt ante vel ipsum.',179),(50,'2023-07-19',3,'Integer ac neque. Duis bibendum.',188),(51,'2023-05-09',3,'Mauris sit amet eros. Suspendisse accumsan tortor quis turpis. Sed ante.',250),(52,'2023-03-04',4,'Donec dapibus.',401),(53,'2023-09-06',3,'Vivamus metus arcu, adipiscing molestie, hendrerit at, vulputate vitae, nisl. Aenean lectus. Pellentesque eget nunc. Donec quis orci eget orci vehicula condimentum. Curabitur in libero ut massa volutpat convallis.',262),(54,'2023-04-30',4,'Ut tellus. Nulla ut erat id mauris vulputate elementum. Nullam varius. Nulla facilisi. Cras non velit nec nisi vulputate nonummy.',250),(55,'2023-06-12',3,'Nulla ut erat id mauris vulputate elementum.',290),(56,'2024-01-27',4,'Morbi a ipsum. Integer a nibh.',89),(57,'2023-03-01',5,'In sagittis dui vel nisl. Duis ac nibh. Fusce lacus purus, aliquet at, feugiat non, pretium quis, lectus. Suspendisse potenti. In eleifend quam a odio.',280),(58,'2023-05-09',1,'Cras mi pede, malesuada in, imperdiet et, commodo vulputate, justo. In blandit ultrices enim. Lorem ipsum dolor sit amet, consectetuer adipiscing elit. Proin interdum mauris non ligula pellentesque ultrices. Phasellus id sapien in sapien iaculis congue.',79),(59,'2023-07-11',1,'Aliquam sit amet diam in magna bibendum imperdiet. Nullam orci pede, venenatis non, sodales sed, tincidunt eu, felis. Fusce posuere felis sed lacus. Morbi sem mauris, laoreet ut, rhoncus aliquet, pulvinar sed, nisl.',237),(60,'2023-08-08',5,'Donec semper sapien a libero. Nam dui. Proin leo odio, porttitor id, consequat in, consequat ut, nulla. Sed accumsan felis.',62),(61,'2023-12-17',3,'Ut at dolor quis odio consequat varius. Integer ac leo. Pellentesque ultrices mattis odio.',283),(62,'2024-01-31',3,'Mauris lacinia sapien quis libero. Nullam sit amet turpis elementum ligula vehicula consequat. Morbi a ipsum.',251),(63,'2024-02-18',4,'Vivamus in felis eu sapien cursus vestibulum. Proin eu mi. Nulla ac enim. In tempor, turpis nec euismod scelerisque, quam turpis adipiscing lorem, vitae mattis nibh ligula nec sem.',95),(64,'2023-02-14',5,'In sagittis dui vel nisl.',420),(65,'2024-02-09',3,'Suspendisse ornare consequat lectus. In est risus, auctor sed, tristique in, tempus sit amet, sem. Fusce consequat.',129),(66,'2023-09-12',5,'Maecenas rhoncus aliquam lacus. Morbi quis tortor id nulla ultrices aliquet.',101),(67,'2023-03-06',4,'In tempor, turpis nec euismod scelerisque, quam turpis adipiscing lorem, vitae mattis nibh ligula nec sem. Duis aliquam convallis nunc.',370),(68,'2023-12-29',2,'Nulla tempus. Vivamus in felis eu sapien cursus vestibulum. Proin eu mi.',53),(69,'2024-02-22',4,'In hac habitasse platea dictumst. Aliquam augue quam, sollicitudin vitae, consectetuer eget, rutrum at, lorem. Integer tincidunt ante vel ipsum. Praesent blandit lacinia erat. Vestibulum sed magna at nunc commodo placerat.',488),(70,'2024-01-06',4,'Nunc nisl. Duis bibendum, felis sed interdum venenatis, turpis enim blandit mi, in porttitor pede justo eu massa.',334),(71,'2023-02-14',1,'Vivamus vestibulum sagittis sapien.',17),(72,'2023-09-24',2,'Quisque id justo sit amet sapien dignissim vestibulum.',123),(73,'2023-03-07',2,'Ut tellus. Nulla ut erat id mauris vulputate elementum.',12),(74,'2024-02-21',4,'Aliquam non mauris. Morbi non lectus. Aliquam sit amet diam in magna bibendum imperdiet. Nullam orci pede, venenatis non, sodales sed, tincidunt eu, felis.',8),(75,'2023-03-31',1,'In hac habitasse platea dictumst.',457),(76,'2023-08-03',5,'Morbi quis tortor id nulla ultrices aliquet.',341),(77,'2023-10-15',1,'In hac habitasse platea dictumst. Maecenas ut massa quis augue luctus tincidunt.',320),(78,'2024-01-25',3,'Integer non velit. Donec diam neque, vestibulum eget, vulputate ut, ultrices vel, augue. Vestibulum ante ipsum primis in faucibus orci luctus et ultrices posuere cubilia Curae; Donec pharetra, magna vestibulum aliquet ultrices, erat tortor sollicitudin mi, sit amet lobortis sapien sapien non mi. Integer ac neque.',473),(79,'2023-06-14',1,'Fusce congue, diam id ornare imperdiet, sapien urna pretium nisl, ut volutpat sapien arcu sed augue. Aliquam erat volutpat. In congue.',53),(80,'2023-02-14',1,'Nulla ac enim. In tempor, turpis nec euismod scelerisque, quam turpis adipiscing lorem, vitae mattis nibh ligula nec sem. Duis aliquam convallis nunc. Proin at turpis a pede posuere nonummy.',349),(81,'2023-10-03',4,'Phasellus in felis.',73),(82,'2023-10-12',5,'Proin interdum mauris non ligula pellentesque ultrices. Phasellus id sapien in sapien iaculis congue. Vivamus metus arcu, adipiscing molestie, hendrerit at, vulputate vitae, nisl. Aenean lectus.',478),(83,'2023-09-04',4,'Duis consequat dui nec nisi volutpat eleifend. Donec ut dolor. Morbi vel lectus in quam fringilla rhoncus. Mauris enim leo, rhoncus sed, vestibulum sit amet, cursus id, turpis.',461),(84,'2023-06-09',5,'Pellentesque viverra pede ac diam.',90),(85,'2024-01-20',2,'Morbi sem mauris, laoreet ut, rhoncus aliquet, pulvinar sed, nisl.',405),(86,'2024-01-25',5,'Suspendisse ornare consequat lectus. In est risus, auctor sed, tristique in, tempus sit amet, sem. Fusce consequat.',435),(87,'2023-03-15',4,'Nam nulla. Integer pede justo, lacinia eget, tincidunt eget, tempus vel, pede. Morbi porttitor lorem id ligula. Suspendisse ornare consequat lectus.',78),(88,'2024-02-10',4,'Sed accumsan felis. Ut at dolor quis odio consequat varius. Integer ac leo. Pellentesque ultrices mattis odio.',499),(89,'2023-08-17',1,'Aenean auctor gravida sem. Praesent id massa id nisl venenatis lacinia. Aenean sit amet justo. Morbi ut odio.',15),(90,'2023-06-15',1,'Vestibulum rutrum rutrum neque. Aenean auctor gravida sem.',199),(91,'2023-07-20',3,'Curabitur gravida nisi at nibh. In hac habitasse platea dictumst.',16),(92,'2023-07-17',2,'Proin interdum mauris non ligula pellentesque ultrices.',479),(93,'2023-12-25',4,'Cum sociis natoque penatibus et magnis dis parturient montes, nascetur ridiculus mus. Etiam vel augue.',477),(94,'2023-05-20',2,'Fusce posuere felis sed lacus. Morbi sem mauris, laoreet ut, rhoncus aliquet, pulvinar sed, nisl.',467),(95,'2023-09-02',2,'Proin risus. Praesent lectus. Vestibulum quam sapien, varius ut, blandit non, interdum in, ante. Vestibulum ante ipsum primis in faucibus orci luctus et ultrices posuere cubilia Curae; Duis faucibus accumsan odio. Curabitur convallis.',210),(96,'2023-04-07',4,'In est risus, auctor sed, tristique in, tempus sit amet, sem. Fusce consequat. Nulla nisl. Nunc nisl.',29),(97,'2023-09-06',1,'In quis justo. Maecenas rhoncus aliquam lacus. Morbi quis tortor id nulla ultrices aliquet.',363),(98,'2023-03-20',5,'In sagittis dui vel nisl. Duis ac nibh. Fusce lacus purus, aliquet at, feugiat non, pretium quis, lectus.',315),(99,'2023-03-25',5,'Nulla justo. Aliquam quis turpis eget elit sodales scelerisque. Mauris sit amet eros. Suspendisse accumsan tortor quis turpis.',393),(100,'2023-08-31',3,'Nunc purus. Phasellus in felis. Donec semper sapien a libero.',120),(101,'2023-02-22',1,'Nam tristique tortor eu pede.',496),(102,'2023-04-01',2,'Nulla ut erat id mauris vulputate elementum. Nullam varius.',286),(103,'2023-04-12',2,'Nam congue, risus semper porta volutpat, quam pede lobortis ligula, sit amet eleifend pede libero quis orci. Nullam molestie nibh in lectus.',135),(104,'2023-09-18',1,'Curabitur gravida nisi at nibh. In hac habitasse platea dictumst. Aliquam augue quam, sollicitudin vitae, consectetuer eget, rutrum at, lorem.',274),(105,'2024-02-16',2,'Nulla tempus. Vivamus in felis eu sapien cursus vestibulum. Proin eu mi. Nulla ac enim.',365),(106,'2023-05-23',5,'Etiam justo. Etiam pretium iaculis justo. In hac habitasse platea dictumst. Etiam faucibus cursus urna.',39),(107,'2023-07-12',3,'Maecenas tincidunt lacus at velit. Vivamus vel nulla eget eros elementum pellentesque. Quisque porta volutpat erat.',302),(108,'2024-02-04',2,'Maecenas leo odio, condimentum id, luctus nec, molestie sed, justo. Pellentesque viverra pede ac diam. Cras pellentesque volutpat dui.',36),(109,'2023-03-02',1,'Etiam pretium iaculis justo.',76),(110,'2023-09-04',3,'In hac habitasse platea dictumst. Morbi vestibulum, velit id pretium iaculis, diam erat fermentum justo, nec condimentum neque sapien placerat ante.',218),(111,'2023-07-06',2,'Etiam vel augue.',127),(112,'2023-06-28',4,'Praesent lectus. Vestibulum quam sapien, varius ut, blandit non, interdum in, ante.',430),(113,'2023-08-05',2,'Donec quis orci eget orci vehicula condimentum.',218),(114,'2023-08-04',4,'Fusce posuere felis sed lacus. Morbi sem mauris, laoreet ut, rhoncus aliquet, pulvinar sed, nisl. Nunc rhoncus dui vel sem.',324),(115,'2023-11-17',5,'Integer tincidunt ante vel ipsum. Praesent blandit lacinia erat.',59),(116,'2023-04-26',2,'Maecenas ut massa quis augue luctus tincidunt. Nulla mollis molestie lorem.',121),(117,'2023-07-18',5,'Duis consequat dui nec nisi volutpat eleifend. Donec ut dolor. Morbi vel lectus in quam fringilla rhoncus. Mauris enim leo, rhoncus sed, vestibulum sit amet, cursus id, turpis. Integer aliquet, massa id lobortis convallis, tortor risus dapibus augue, vel accumsan tellus nisi eu orci.',191),(118,'2023-08-19',2,'Cum sociis natoque penatibus et magnis dis parturient montes, nascetur ridiculus mus.',321),(119,'2024-02-27',2,'Nulla suscipit ligula in lacus.',266),(120,'2023-07-02',3,'Integer ac leo.',32),(121,'2023-09-11',1,'Aliquam non mauris.',134),(122,'2023-08-13',2,'Integer ac leo.',7),(123,'2023-02-14',4,'Aliquam erat volutpat. In congue.',194),(124,'2024-01-19',5,'Mauris ullamcorper purus sit amet nulla. Quisque arcu libero, rutrum ac, lobortis vel, dapibus at, diam.',451),(125,'2023-06-29',4,'Morbi a ipsum. Integer a nibh. In quis justo. Maecenas rhoncus aliquam lacus. Morbi quis tortor id nulla ultrices aliquet.',374),(126,'2023-04-13',4,'Integer aliquet, massa id lobortis convallis, tortor risus dapibus augue, vel accumsan tellus nisi eu orci. Mauris lacinia sapien quis libero. Nullam sit amet turpis elementum ligula vehicula consequat.',182),(127,'2023-10-19',2,'Aliquam sit amet diam in magna bibendum imperdiet. Nullam orci pede, venenatis non, sodales sed, tincidunt eu, felis. Fusce posuere felis sed lacus.',21),(128,'2023-12-11',4,'Cras pellentesque volutpat dui.',230),(129,'2024-02-26',2,'Aliquam augue quam, sollicitudin vitae, consectetuer eget, rutrum at, lorem. Integer tincidunt ante vel ipsum. Praesent blandit lacinia erat. Vestibulum sed magna at nunc commodo placerat. Praesent blandit.',452),(130,'2024-01-13',5,'Cras non velit nec nisi vulputate nonummy.',23),(131,'2023-02-27',4,'Integer ac leo. Pellentesque ultrices mattis odio. Donec vitae nisi. Nam ultrices, libero non mattis pulvinar, nulla pede ullamcorper augue, a suscipit nulla elit ac nulla.',262),(132,'2023-08-24',5,'Praesent lectus. Vestibulum quam sapien, varius ut, blandit non, interdum in, ante. Vestibulum ante ipsum primis in faucibus orci luctus et ultrices posuere cubilia Curae; Duis faucibus accumsan odio.',36),(133,'2023-09-28',3,'Nam congue, risus semper porta volutpat, quam pede lobortis ligula, sit amet eleifend pede libero quis orci. Nullam molestie nibh in lectus.',288),(134,'2023-08-24',3,'Nunc purus.',211),(135,'2023-06-09',1,'Morbi ut odio. Cras mi pede, malesuada in, imperdiet et, commodo vulputate, justo.',327),(136,'2023-12-27',1,'Integer ac leo. Pellentesque ultrices mattis odio. Donec vitae nisi. Nam ultrices, libero non mattis pulvinar, nulla pede ullamcorper augue, a suscipit nulla elit ac nulla. Sed vel enim sit amet nunc viverra dapibus.',75),(137,'2023-10-12',3,'Vivamus in felis eu sapien cursus vestibulum. Proin eu mi.',135),(138,'2023-08-18',4,'Maecenas rhoncus aliquam lacus. Morbi quis tortor id nulla ultrices aliquet. Maecenas leo odio, condimentum id, luctus nec, molestie sed, justo. Pellentesque viverra pede ac diam. Cras pellentesque volutpat dui.',202),(139,'2023-07-09',1,'Quisque erat eros, viverra eget, congue eget, semper rutrum, nulla.',353),(140,'2023-03-14',2,'Ut tellus. Nulla ut erat id mauris vulputate elementum. Nullam varius.',180),(141,'2023-07-10',4,'Vivamus vestibulum sagittis sapien.',382),(142,'2023-11-17',1,'Fusce consequat. Nulla nisl.',261),(143,'2023-09-05',1,'Integer ac leo. Pellentesque ultrices mattis odio. Donec vitae nisi. Nam ultrices, libero non mattis pulvinar, nulla pede ullamcorper augue, a suscipit nulla elit ac nulla. Sed vel enim sit amet nunc viverra dapibus.',226),(144,'2023-09-25',2,'Nulla justo.',25),(145,'2023-08-23',4,'Quisque ut erat. Curabitur gravida nisi at nibh. In hac habitasse platea dictumst.',429),(146,'2023-04-17',2,'Duis bibendum. Morbi non quam nec dui luctus rutrum.',201),(147,'2023-11-24',1,'Nunc purus. Phasellus in felis.',7),(148,'2023-06-22',1,'Cras pellentesque volutpat dui. Maecenas tristique, est et tempus semper, est quam pharetra magna, ac consequat metus sapien ut nunc.',351),(149,'2023-11-13',5,'Morbi vestibulum, velit id pretium iaculis, diam erat fermentum justo, nec condimentum neque sapien placerat ante. Nulla justo.',476),(150,'2024-03-06',2,'Nullam molestie nibh in lectus. Pellentesque at nulla.',484),(151,'2023-05-09',4,'Proin risus. Praesent lectus.',420),(152,'2023-02-26',4,'Quisque id justo sit amet sapien dignissim vestibulum.',52),(153,'2023-07-21',2,'Pellentesque ultrices mattis odio. Donec vitae nisi. Nam ultrices, libero non mattis pulvinar, nulla pede ullamcorper augue, a suscipit nulla elit ac nulla.',188),(154,'2023-06-18',4,'Nunc rhoncus dui vel sem. Sed sagittis. Nam congue, risus semper porta volutpat, quam pede lobortis ligula, sit amet eleifend pede libero quis orci. Nullam molestie nibh in lectus. Pellentesque at nulla.',486),(155,'2023-10-13',2,'Proin interdum mauris non ligula pellentesque ultrices.',126),(156,'2023-11-22',5,'Donec ut mauris eget massa tempor convallis. Nulla neque libero, convallis eget, eleifend luctus, ultricies eu, nibh. Quisque id justo sit amet sapien dignissim vestibulum. Vestibulum ante ipsum primis in faucibus orci luctus et ultrices posuere cubilia Curae; Nulla dapibus dolor vel est.',461),(157,'2023-12-16',2,'Sed accumsan felis. Ut at dolor quis odio consequat varius. Integer ac leo. Pellentesque ultrices mattis odio. Donec vitae nisi.',38),(158,'2023-09-21',3,'Vestibulum ante ipsum primis in faucibus orci luctus et ultrices posuere cubilia Curae; Nulla dapibus dolor vel est. Donec odio justo, sollicitudin ut, suscipit a, feugiat et, eros. Vestibulum ac est lacinia nisi venenatis tristique. Fusce congue, diam id ornare imperdiet, sapien urna pretium nisl, ut volutpat sapien arcu sed augue.',348),(159,'2024-01-02',3,'In hac habitasse platea dictumst. Etiam faucibus cursus urna. Ut tellus. Nulla ut erat id mauris vulputate elementum. Nullam varius.',89),(160,'2023-04-25',1,'Sed ante.',17),(161,'2023-08-22',3,'Duis ac nibh. Fusce lacus purus, aliquet at, feugiat non, pretium quis, lectus. Suspendisse potenti.',222),(162,'2023-07-03',5,'In quis justo.',379),(163,'2023-02-27',4,'Ut tellus. Nulla ut erat id mauris vulputate elementum.',212),(164,'2023-07-15',1,'Ut at dolor quis odio consequat varius. Integer ac leo. Pellentesque ultrices mattis odio.',459),(165,'2023-07-10',1,'Donec vitae nisi. Nam ultrices, libero non mattis pulvinar, nulla pede ullamcorper augue, a suscipit nulla elit ac nulla. Sed vel enim sit amet nunc viverra dapibus.',352),(166,'2024-02-01',4,'Donec semper sapien a libero. Nam dui.',8),(167,'2023-03-27',2,'In hac habitasse platea dictumst. Etiam faucibus cursus urna. Ut tellus. Nulla ut erat id mauris vulputate elementum.',441),(168,'2024-03-09',5,'Morbi non quam nec dui luctus rutrum. Nulla tellus. In sagittis dui vel nisl. Duis ac nibh. Fusce lacus purus, aliquet at, feugiat non, pretium quis, lectus.',38),(169,'2023-02-14',3,'Praesent blandit lacinia erat. Vestibulum sed magna at nunc commodo placerat. Praesent blandit. Nam nulla. Integer pede justo, lacinia eget, tincidunt eget, tempus vel, pede.',457),(170,'2024-01-26',3,'Etiam vel augue. Vestibulum rutrum rutrum neque.',435),(171,'2024-01-26',2,'Donec ut dolor.',58),(172,'2023-07-21',2,'In blandit ultrices enim. Lorem ipsum dolor sit amet, consectetuer adipiscing elit. Proin interdum mauris non ligula pellentesque ultrices. Phasellus id sapien in sapien iaculis congue.',350),(173,'2023-09-01',3,'Vestibulum ante ipsum primis in faucibus orci luctus et ultrices posuere cubilia Curae; Mauris viverra diam vitae quam. Suspendisse potenti. Nullam porttitor lacus at turpis. Donec posuere metus vitae ipsum.',22),(174,'2023-09-14',1,'Donec semper sapien a libero. Nam dui.',76),(175,'2023-02-26',2,'Sed sagittis. Nam congue, risus semper porta volutpat, quam pede lobortis ligula, sit amet eleifend pede libero quis orci. Nullam molestie nibh in lectus.',415),(176,'2024-02-12',5,'Nam dui. Proin leo odio, porttitor id, consequat in, consequat ut, nulla. Sed accumsan felis. Ut at dolor quis odio consequat varius. Integer ac leo.',120),(177,'2023-04-25',5,'Vestibulum rutrum rutrum neque. Aenean auctor gravida sem. Praesent id massa id nisl venenatis lacinia.',299),(178,'2023-08-18',1,'Praesent id massa id nisl venenatis lacinia. Aenean sit amet justo. Morbi ut odio.',379),(179,'2024-03-14',1,'Nam nulla. Integer pede justo, lacinia eget, tincidunt eget, tempus vel, pede.',96),(180,'2023-09-26',5,'Fusce posuere felis sed lacus. Morbi sem mauris, laoreet ut, rhoncus aliquet, pulvinar sed, nisl.',381),(181,'2024-02-01',5,'Praesent id massa id nisl venenatis lacinia.',125),(182,'2023-12-25',2,'In hac habitasse platea dictumst. Maecenas ut massa quis augue luctus tincidunt.',67),(183,'2024-01-07',2,'Donec ut dolor. Morbi vel lectus in quam fringilla rhoncus. Mauris enim leo, rhoncus sed, vestibulum sit amet, cursus id, turpis. Integer aliquet, massa id lobortis convallis, tortor risus dapibus augue, vel accumsan tellus nisi eu orci.',479),(184,'2023-04-16',5,'Maecenas pulvinar lobortis est. Phasellus sit amet erat. Nulla tempus. Vivamus in felis eu sapien cursus vestibulum. Proin eu mi.',283),(185,'2023-09-11',3,'Donec dapibus. Duis at velit eu est congue elementum. In hac habitasse platea dictumst.',309),(186,'2023-03-17',5,'Nulla suscipit ligula in lacus. Curabitur at ipsum ac tellus semper interdum.',254),(187,'2023-03-29',2,'Pellentesque eget nunc. Donec quis orci eget orci vehicula condimentum. Curabitur in libero ut massa volutpat convallis. Morbi odio odio, elementum eu, interdum eu, tincidunt in, leo.',462),(188,'2023-12-08',4,'Pellentesque viverra pede ac diam. Cras pellentesque volutpat dui. Maecenas tristique, est et tempus semper, est quam pharetra magna, ac consequat metus sapien ut nunc. Vestibulum ante ipsum primis in faucibus orci luctus et ultrices posuere cubilia Curae; Mauris viverra diam vitae quam.',227),(189,'2023-11-10',1,'Fusce lacus purus, aliquet at, feugiat non, pretium quis, lectus. Suspendisse potenti. In eleifend quam a odio. In hac habitasse platea dictumst.',234),(190,'2023-06-25',4,'Duis ac nibh. Fusce lacus purus, aliquet at, feugiat non, pretium quis, lectus. Suspendisse potenti. In eleifend quam a odio. In hac habitasse platea dictumst.',63),(191,'2023-03-24',5,'Vestibulum sed magna at nunc commodo placerat.',89),(192,'2023-04-21',3,'Nulla neque libero, convallis eget, eleifend luctus, ultricies eu, nibh. Quisque id justo sit amet sapien dignissim vestibulum. Vestibulum ante ipsum primis in faucibus orci luctus et ultrices posuere cubilia Curae; Nulla dapibus dolor vel est. Donec odio justo, sollicitudin ut, suscipit a, feugiat et, eros.',198),(193,'2024-01-27',4,'Nulla ut erat id mauris vulputate elementum. Nullam varius. Nulla facilisi.',194),(194,'2023-03-26',3,'Curabitur in libero ut massa volutpat convallis.',356),(195,'2023-12-19',4,'In blandit ultrices enim.',344),(196,'2024-01-03',5,'Praesent lectus. Vestibulum quam sapien, varius ut, blandit non, interdum in, ante. Vestibulum ante ipsum primis in faucibus orci luctus et ultrices posuere cubilia Curae; Duis faucibus accumsan odio. Curabitur convallis.',448),(197,'2024-02-09',5,'Nunc rhoncus dui vel sem. Sed sagittis. Nam congue, risus semper porta volutpat, quam pede lobortis ligula, sit amet eleifend pede libero quis orci. Nullam molestie nibh in lectus. Pellentesque at nulla.',256),(198,'2023-08-20',1,'Mauris ullamcorper purus sit amet nulla. Quisque arcu libero, rutrum ac, lobortis vel, dapibus at, diam. Nam tristique tortor eu pede.',326),(199,'2023-06-28',1,'Lorem ipsum dolor sit amet, consectetuer adipiscing elit. Proin risus. Praesent lectus. Vestibulum quam sapien, varius ut, blandit non, interdum in, ante. Vestibulum ante ipsum primis in faucibus orci luctus et ultrices posuere cubilia Curae; Duis faucibus accumsan odio.',319),(200,'2023-03-19',2,'In blandit ultrices enim. Lorem ipsum dolor sit amet, consectetuer adipiscing elit.',17),(201,'2023-12-09',4,'Nulla ac enim. In tempor, turpis nec euismod scelerisque, quam turpis adipiscing lorem, vitae mattis nibh ligula nec sem.',162),(202,'2023-10-11',2,'Phasellus id sapien in sapien iaculis congue. Vivamus metus arcu, adipiscing molestie, hendrerit at, vulputate vitae, nisl. Aenean lectus.',380),(203,'2024-02-02',3,'Morbi non lectus. Aliquam sit amet diam in magna bibendum imperdiet. Nullam orci pede, venenatis non, sodales sed, tincidunt eu, felis. Fusce posuere felis sed lacus.',295),(204,'2023-10-09',1,'Integer aliquet, massa id lobortis convallis, tortor risus dapibus augue, vel accumsan tellus nisi eu orci. Mauris lacinia sapien quis libero. Nullam sit amet turpis elementum ligula vehicula consequat.',407),(205,'2023-04-09',1,'Fusce posuere felis sed lacus. Morbi sem mauris, laoreet ut, rhoncus aliquet, pulvinar sed, nisl.',222),(206,'2024-03-11',2,'Sed ante.',144),(207,'2023-09-08',1,'In hac habitasse platea dictumst. Aliquam augue quam, sollicitudin vitae, consectetuer eget, rutrum at, lorem. Integer tincidunt ante vel ipsum. Praesent blandit lacinia erat. Vestibulum sed magna at nunc commodo placerat.',309),(208,'2023-08-19',5,'Donec ut mauris eget massa tempor convallis. Nulla neque libero, convallis eget, eleifend luctus, ultricies eu, nibh. Quisque id justo sit amet sapien dignissim vestibulum. Vestibulum ante ipsum primis in faucibus orci luctus et ultrices posuere cubilia Curae; Nulla dapibus dolor vel est. Donec odio justo, sollicitudin ut, suscipit a, feugiat et, eros.',358),(209,'2024-01-15',2,'Sed sagittis. Nam congue, risus semper porta volutpat, quam pede lobortis ligula, sit amet eleifend pede libero quis orci. Nullam molestie nibh in lectus. Pellentesque at nulla.',26),(210,'2023-04-15',3,'Sed accumsan felis. Ut at dolor quis odio consequat varius. Integer ac leo. Pellentesque ultrices mattis odio. Donec vitae nisi.',229),(211,'2023-11-27',3,'Nulla ut erat id mauris vulputate elementum. Nullam varius. Nulla facilisi. Cras non velit nec nisi vulputate nonummy. Maecenas tincidunt lacus at velit.',287),(212,'2024-01-15',3,'Proin at turpis a pede posuere nonummy. Integer non velit. Donec diam neque, vestibulum eget, vulputate ut, ultrices vel, augue. Vestibulum ante ipsum primis in faucibus orci luctus et ultrices posuere cubilia Curae; Donec pharetra, magna vestibulum aliquet ultrices, erat tortor sollicitudin mi, sit amet lobortis sapien sapien non mi. Integer ac neque.',329),(213,'2023-10-13',4,'Ut tellus. Nulla ut erat id mauris vulputate elementum. Nullam varius. Nulla facilisi. Cras non velit nec nisi vulputate nonummy.',62),(214,'2023-10-31',1,'Nulla suscipit ligula in lacus. Curabitur at ipsum ac tellus semper interdum. Mauris ullamcorper purus sit amet nulla. Quisque arcu libero, rutrum ac, lobortis vel, dapibus at, diam.',14),(215,'2023-08-10',4,'Fusce consequat.',190),(216,'2023-12-27',4,'Nam nulla. Integer pede justo, lacinia eget, tincidunt eget, tempus vel, pede. Morbi porttitor lorem id ligula.',398),(217,'2023-06-07',3,'Duis consequat dui nec nisi volutpat eleifend.',383),(218,'2023-12-06',3,'Cras pellentesque volutpat dui. Maecenas tristique, est et tempus semper, est quam pharetra magna, ac consequat metus sapien ut nunc.',294),(219,'2023-04-20',3,'In hac habitasse platea dictumst. Maecenas ut massa quis augue luctus tincidunt.',492),(220,'2024-02-18',1,'Cras non velit nec nisi vulputate nonummy.',468),(221,'2023-10-25',5,'Curabitur gravida nisi at nibh. In hac habitasse platea dictumst. Aliquam augue quam, sollicitudin vitae, consectetuer eget, rutrum at, lorem. Integer tincidunt ante vel ipsum. Praesent blandit lacinia erat.',214),(222,'2023-06-26',2,'Vivamus metus arcu, adipiscing molestie, hendrerit at, vulputate vitae, nisl. Aenean lectus.',176),(223,'2023-11-29',3,'Proin interdum mauris non ligula pellentesque ultrices. Phasellus id sapien in sapien iaculis congue. Vivamus metus arcu, adipiscing molestie, hendrerit at, vulputate vitae, nisl. Aenean lectus.',151),(224,'2023-03-06',5,'In est risus, auctor sed, tristique in, tempus sit amet, sem. Fusce consequat. Nulla nisl. Nunc nisl. Duis bibendum, felis sed interdum venenatis, turpis enim blandit mi, in porttitor pede justo eu massa.',172),(225,'2023-04-06',2,'Ut at dolor quis odio consequat varius. Integer ac leo. Pellentesque ultrices mattis odio. Donec vitae nisi. Nam ultrices, libero non mattis pulvinar, nulla pede ullamcorper augue, a suscipit nulla elit ac nulla.',163),(226,'2023-11-20',3,'Nunc purus. Phasellus in felis. Donec semper sapien a libero. Nam dui.',477),(227,'2023-04-15',2,'Integer non velit. Donec diam neque, vestibulum eget, vulputate ut, ultrices vel, augue. Vestibulum ante ipsum primis in faucibus orci luctus et ultrices posuere cubilia Curae; Donec pharetra, magna vestibulum aliquet ultrices, erat tortor sollicitudin mi, sit amet lobortis sapien sapien non mi.',299),(228,'2024-01-02',2,'Pellentesque at nulla.',412),(229,'2023-07-21',5,'Ut tellus. Nulla ut erat id mauris vulputate elementum. Nullam varius.',62),(230,'2023-05-07',2,'Aliquam erat volutpat. In congue. Etiam justo. Etiam pretium iaculis justo. In hac habitasse platea dictumst.',281),(231,'2023-07-26',5,'Vestibulum ante ipsum primis in faucibus orci luctus et ultrices posuere cubilia Curae; Nulla dapibus dolor vel est.',100),(232,'2023-06-27',2,'Cum sociis natoque penatibus et magnis dis parturient montes, nascetur ridiculus mus. Etiam vel augue. Vestibulum rutrum rutrum neque. Aenean auctor gravida sem.',294),(233,'2023-08-21',1,'Vivamus in felis eu sapien cursus vestibulum. Proin eu mi. Nulla ac enim.',420),(234,'2023-05-19',5,'Maecenas rhoncus aliquam lacus. Morbi quis tortor id nulla ultrices aliquet. Maecenas leo odio, condimentum id, luctus nec, molestie sed, justo. Pellentesque viverra pede ac diam.',398),(235,'2023-05-05',4,'Fusce congue, diam id ornare imperdiet, sapien urna pretium nisl, ut volutpat sapien arcu sed augue. Aliquam erat volutpat.',245),(236,'2023-07-03',3,'In hac habitasse platea dictumst.',209),(237,'2023-07-12',4,'Vestibulum ac est lacinia nisi venenatis tristique. Fusce congue, diam id ornare imperdiet, sapien urna pretium nisl, ut volutpat sapien arcu sed augue. Aliquam erat volutpat.',266),(238,'2023-07-15',1,'Morbi non quam nec dui luctus rutrum. Nulla tellus. In sagittis dui vel nisl. Duis ac nibh.',43),(239,'2023-08-15',1,'Vivamus vestibulum sagittis sapien. Cum sociis natoque penatibus et magnis dis parturient montes, nascetur ridiculus mus. Etiam vel augue. Vestibulum rutrum rutrum neque. Aenean auctor gravida sem.',433),(240,'2023-11-01',1,'Morbi a ipsum. Integer a nibh.',84),(241,'2023-08-22',4,'Proin leo odio, porttitor id, consequat in, consequat ut, nulla.',118),(242,'2023-08-30',4,'Morbi non lectus.',7),(243,'2023-06-09',5,'Maecenas rhoncus aliquam lacus. Morbi quis tortor id nulla ultrices aliquet. Maecenas leo odio, condimentum id, luctus nec, molestie sed, justo. Pellentesque viverra pede ac diam.',449),(244,'2023-06-01',1,'Proin interdum mauris non ligula pellentesque ultrices. Phasellus id sapien in sapien iaculis congue.',146),(245,'2023-03-19',1,'Sed accumsan felis. Ut at dolor quis odio consequat varius. Integer ac leo. Pellentesque ultrices mattis odio.',460),(246,'2023-10-20',5,'Maecenas tristique, est et tempus semper, est quam pharetra magna, ac consequat metus sapien ut nunc. Vestibulum ante ipsum primis in faucibus orci luctus et ultrices posuere cubilia Curae; Mauris viverra diam vitae quam.',377),(247,'2023-10-02',1,'In hac habitasse platea dictumst. Maecenas ut massa quis augue luctus tincidunt. Nulla mollis molestie lorem.',138),(248,'2023-07-30',1,'Suspendisse potenti. Cras in purus eu magna vulputate luctus. Cum sociis natoque penatibus et magnis dis parturient montes, nascetur ridiculus mus.',298),(249,'2023-11-25',2,'Nulla neque libero, convallis eget, eleifend luctus, ultricies eu, nibh.',126),(250,'2023-06-21',1,'Integer non velit. Donec diam neque, vestibulum eget, vulputate ut, ultrices vel, augue. Vestibulum ante ipsum primis in faucibus orci luctus et ultrices posuere cubilia Curae; Donec pharetra, magna vestibulum aliquet ultrices, erat tortor sollicitudin mi, sit amet lobortis sapien sapien non mi.',357);
/*!40000 ALTER TABLE `feedback` ENABLE KEYS */;
UNLOCK TABLES;

--
-- Table structure for table `generates_bill`
--

DROP TABLE IF EXISTS `generates_bill`;
/*!40101 SET @saved_cs_client     = @@character_set_client */;
/*!50503 SET character_set_client = utf8mb4 */;
CREATE TABLE `generates_bill` (
  `bill_id` int NOT NULL,
  `hospitality_staff_id` int DEFAULT NULL,
  `comments` text NOT NULL,
  PRIMARY KEY (`bill_id`),
  KEY `hospitality_staff_id` (`hospitality_staff_id`),
  CONSTRAINT `generates_bill_ibfk_1` FOREIGN KEY (`bill_id`) REFERENCES `bill` (`bill_id`) ON DELETE CASCADE,
  CONSTRAINT `generates_bill_ibfk_2` FOREIGN KEY (`hospitality_staff_id`) REFERENCES `hospitality_staff` (`hospitality_staff_id`) ON DELETE CASCADE
) ENGINE=InnoDB DEFAULT CHARSET=utf8mb4 COLLATE=utf8mb4_0900_ai_ci;
/*!40101 SET character_set_client = @saved_cs_client */;

--
-- Dumping data for table `generates_bill`
--

LOCK TABLES `generates_bill` WRITE;
/*!40000 ALTER TABLE `generates_bill` DISABLE KEYS */;
INSERT INTO `generates_bill` VALUES (1,50,'vestibulum aliquet ultrices'),(2,29,'et commodo vulputate'),(3,13,'et magnis'),(4,30,'placerat ante nulla'),(5,49,'potenti cras in'),(6,49,'nunc rhoncus dui vel'),(7,33,'odio donec vitae'),(8,34,'vel ipsum praesent'),(9,50,'ridiculus mus'),(10,36,'sed augue'),(11,32,'adipiscing elit proin'),(12,31,'lacus curabitur at ipsum'),(13,8,'ut ultrices vel augue'),(14,15,'magna vestibulum aliquet'),(15,17,'ligula pellentesque ultrices phasellus'),(16,42,'dui vel sem sed'),(17,4,'maecenas rhoncus aliquam lacus'),(18,38,'faucibus cursus'),(19,12,'in congue'),(20,41,'ridiculus mus vivamus vestibulum'),(21,33,'ridiculus mus etiam'),(22,25,'mauris sit amet'),(23,7,'eu tincidunt in'),(24,45,'rhoncus dui'),(25,7,'tincidunt lacus at'),(26,43,'pellentesque ultrices'),(27,19,'curae duis'),(28,18,'in hac habitasse platea'),(29,29,'nibh quisque id justo'),(30,22,'mi sit'),(31,37,'et ultrices posuere cubilia'),(32,29,'etiam pretium iaculis justo'),(33,24,'eros elementum pellentesque'),(34,46,'quam pede lobortis'),(35,31,'iaculis diam erat fermentum'),(36,35,'eu tincidunt in'),(37,8,'vivamus metus'),(38,23,'enim in'),(39,10,'molestie lorem'),(40,25,'erat curabitur gravida nisi'),(41,40,'neque libero convallis'),(42,31,'metus aenean fermentum donec'),(43,25,'pretium quis lectus'),(44,9,'habitasse platea dictumst aliquam'),(45,12,'amet cursus'),(46,31,'sapien a'),(47,16,'quam pede'),(48,41,'ut massa quis augue'),(49,19,'nibh ligula'),(50,30,'sapien ut nunc'),(51,26,'in magna'),(52,3,'lectus pellentesque'),(53,19,'sapien a'),(54,39,'enim leo'),(55,19,'integer a nibh'),(56,41,'sodales scelerisque'),(57,9,'sem praesent id massa'),(58,20,'sit amet sapien dignissim'),(59,46,'sapien placerat ante'),(60,15,'dapibus duis at'),(61,9,'bibendum morbi non'),(62,5,'maecenas ut'),(63,28,'penatibus et magnis dis'),(64,46,'nam congue risus semper'),(65,8,'eget eros'),(66,25,'pede ullamcorper augue a'),(67,23,'cras pellentesque'),(68,25,'aliquet ultrices'),(69,23,'ut nulla sed'),(70,8,'convallis duis'),(71,28,'ut erat id mauris'),(72,22,'lobortis vel'),(73,7,'eu massa donec dapibus'),(74,10,'sapien a libero'),(75,34,'et commodo vulputate justo'),(76,48,'amet consectetuer adipiscing'),(77,31,'lacinia eget'),(78,41,'dui luctus rutrum nulla'),(79,3,'libero nullam'),(80,21,'ac consequat'),(81,19,'malesuada in imperdiet'),(82,27,'bibendum morbi'),(83,49,'dictumst maecenas ut'),(84,44,'dapibus duis at'),(85,49,'mauris lacinia'),(86,9,'ultrices phasellus id sapien'),(87,35,'semper interdum'),(88,39,'justo nec'),(89,21,'curae duis faucibus'),(90,26,'odio porttitor'),(91,13,'rutrum rutrum'),(92,4,'luctus et ultrices'),(93,26,'nunc rhoncus dui vel'),(94,37,'ante ipsum primis in'),(95,40,'vel nulla'),(96,39,'tempor convallis'),(97,50,'et ultrices posuere cubilia'),(98,29,'eu felis fusce'),(99,14,'etiam pretium'),(100,40,'justo nec condimentum neque'),(101,40,'blandit non interdum in'),(102,27,'metus sapien'),(103,46,'est donec'),(104,3,'in hac'),(105,27,'pede malesuada'),(106,42,'interdum mauris non'),(107,42,'fringilla rhoncus'),(108,37,'in libero ut'),(109,24,'mus etiam vel'),(110,37,'aliquam sit'),(111,48,'ornare imperdiet sapien urna'),(112,16,'proin risus praesent'),(113,37,'donec semper sapien a'),(114,27,'amet turpis elementum ligula'),(115,44,'nulla dapibus'),(116,31,'interdum venenatis turpis enim'),(117,34,'hac habitasse platea'),(118,2,'magna ac'),(119,10,'lectus vestibulum quam'),(120,48,'sapien placerat ante nulla'),(121,7,'eget eleifend'),(122,26,'nec molestie'),(123,15,'ipsum primis'),(124,3,'vel ipsum'),(125,8,'ultrices posuere cubilia'),(126,48,'sit amet sem fusce'),(127,17,'vulputate nonummy maecenas tincidunt'),(128,35,'molestie sed'),(129,21,'massa donec dapibus'),(130,34,'nam nulla integer pede'),(131,24,'felis ut'),(132,43,'integer aliquet massa'),(133,37,'lacinia eget tincidunt eget'),(134,26,'amet consectetuer adipiscing'),(135,35,'platea dictumst maecenas'),(136,40,'id ornare imperdiet'),(137,19,'felis sed interdum venenatis'),(138,7,'mi integer ac neque'),(139,13,'nam nulla integer pede'),(140,19,'tempus vel pede morbi'),(141,7,'in ante'),(142,22,'nullam sit amet turpis'),(143,31,'congue etiam justo etiam'),(144,21,'ut tellus nulla'),(145,42,'nisi volutpat'),(146,37,'sit amet'),(147,49,'lectus aliquam sit amet'),(148,17,'penatibus et magnis'),(149,34,'dapibus dolor'),(150,21,'at velit'),(151,24,'molestie nibh in'),(152,27,'elementum ligula vehicula'),(153,14,'maecenas pulvinar lobortis'),(154,15,'faucibus orci luctus et'),(155,25,'curae duis faucibus'),(156,23,'orci mauris lacinia'),(157,27,'in faucibus orci luctus'),(158,36,'eget rutrum'),(159,16,'orci luctus et ultrices'),(160,31,'congue diam'),(161,20,'tellus nulla'),(162,41,'sed justo'),(163,44,'libero nullam sit amet'),(164,46,'morbi non quam'),(165,18,'augue vestibulum rutrum'),(166,22,'in lectus pellentesque'),(167,19,'diam nam tristique'),(168,17,'volutpat dui maecenas'),(169,40,'nullam molestie nibh'),(170,44,'nulla integer pede justo'),(171,21,'et ultrices posuere cubilia'),(172,28,'neque sapien placerat'),(173,47,'rutrum neque aenean auctor'),(174,31,'donec diam neque vestibulum'),(175,17,'leo odio porttitor id'),(176,15,'venenatis turpis enim blandit'),(177,39,'eget orci vehicula'),(178,39,'duis at'),(179,47,'fermentum donec ut'),(180,33,'justo lacinia'),(181,48,'est lacinia nisi venenatis'),(182,49,'in hac'),(183,31,'in purus'),(184,7,'sapien cum sociis'),(185,20,'elementum in'),(186,13,'sed nisl'),(187,37,'aliquam convallis'),(188,25,'vivamus tortor'),(189,9,'duis aliquam convallis nunc'),(190,22,'ac enim in'),(191,29,'mattis pulvinar nulla'),(192,18,'faucibus cursus urna ut'),(193,28,'justo eu massa donec'),(194,35,'amet consectetuer'),(195,50,'eget massa tempor convallis'),(196,37,'amet justo morbi'),(197,29,'sed justo pellentesque'),(198,35,'eu magna vulputate luctus'),(199,11,'nulla suspendisse'),(200,27,'erat id mauris'),(201,42,'ultrices libero non'),(202,38,'varius integer ac leo'),(203,20,'lobortis ligula sit amet'),(204,32,'in faucibus orci luctus'),(205,22,'iaculis justo in hac'),(206,13,'dapibus nulla suscipit'),(207,12,'suspendisse potenti in eleifend'),(208,23,'convallis nunc proin'),(209,14,'nisi eu'),(210,13,'lacus morbi'),(211,42,'facilisi cras'),(212,29,'volutpat eleifend donec ut'),(213,21,'potenti in eleifend quam'),(214,35,'neque vestibulum eget'),(215,33,'ligula suspendisse ornare'),(216,49,'cubilia curae donec'),(217,14,'integer ac leo'),(218,46,'a feugiat et'),(219,21,'ac enim'),(220,36,'turpis donec posuere metus'),(221,10,'ac leo pellentesque ultrices'),(222,29,'morbi non quam'),(223,30,'amet sem fusce'),(224,12,'magnis dis parturient montes'),(225,34,'nisi at'),(226,17,'accumsan tortor'),(227,5,'mi pede'),(228,8,'accumsan tortor'),(229,36,'hac habitasse'),(230,35,'rhoncus sed vestibulum sit'),(231,19,'purus aliquet at feugiat'),(232,29,'eu mi nulla'),(233,6,'nullam sit'),(234,44,'blandit non'),(235,50,'nisl ut volutpat'),(236,35,'morbi ut'),(237,10,'quis augue'),(238,42,'ipsum primis'),(239,5,'potenti cras in purus'),(240,45,'scelerisque mauris sit'),(241,4,'lacus curabitur at'),(242,24,'donec quis'),(243,11,'tempus semper'),(244,50,'amet justo morbi'),(245,43,'sapien varius ut blandit'),(246,18,'luctus ultricies eu nibh'),(247,40,'id mauris'),(248,46,'tempor turpis nec'),(249,14,'ut massa'),(250,2,'non ligula'),(251,50,'ultrices posuere'),(252,15,'luctus et'),(253,47,'lobortis ligula sit'),(254,49,'quam turpis adipiscing'),(255,2,'mattis nibh ligula'),(256,1,'amet eleifend'),(257,48,'semper sapien a libero'),(258,35,'velit donec diam'),(259,33,'luctus tincidunt nulla mollis'),(260,20,'erat vestibulum sed'),(261,38,'tempus sit'),(262,35,'id mauris'),(263,32,'curae duis'),(264,50,'donec odio'),(265,38,'curae donec pharetra'),(266,10,'sed tincidunt eu felis'),(267,24,'semper rutrum'),(268,45,'vehicula consequat'),(269,49,'turpis a'),(270,20,'quisque erat eros'),(271,32,'interdum mauris ullamcorper purus'),(272,13,'ut tellus nulla ut'),(273,18,'molestie hendrerit'),(274,12,'ut nulla sed'),(275,39,'justo etiam pretium iaculis'),(276,21,'at velit'),(277,27,'neque duis'),(278,16,'neque sapien placerat'),(279,9,'erat fermentum justo'),(280,14,'ante ipsum primis in'),(281,46,'nec euismod scelerisque quam'),(282,23,'id pretium'),(283,41,'erat fermentum justo nec'),(284,14,'blandit nam nulla integer'),(285,11,'nec nisi volutpat eleifend'),(286,1,'rutrum nulla nunc purus'),(287,44,'cursus urna ut tellus'),(288,43,'vel enim'),(289,30,'ultrices erat tortor'),(290,28,'vitae ipsum'),(291,45,'nulla pede ullamcorper augue'),(292,7,'id nulla ultrices aliquet'),(293,22,'velit id pretium'),(294,25,'non mi integer'),(295,21,'nec condimentum'),(296,9,'condimentum id luctus'),(297,43,'arcu libero rutrum'),(298,9,'sit amet lobortis'),(299,24,'scelerisque quam'),(300,37,'nulla mollis molestie lorem'),(301,20,'ante ipsum'),(302,32,'felis fusce posuere felis'),(303,43,'eu nibh quisque id'),(304,24,'id massa'),(305,45,'quis orci'),(306,34,'imperdiet sapien urna pretium'),(307,33,'nulla sed vel enim'),(308,20,'felis sed interdum'),(309,26,'at nunc commodo placerat'),(310,38,'elit proin'),(311,1,'ac tellus semper'),(312,47,'lectus in'),(313,25,'praesent blandit'),(314,47,'nulla tellus'),(315,21,'duis at velit'),(316,16,'pretium iaculis diam erat'),(317,29,'id mauris vulputate elementum'),(318,13,'non velit'),(319,45,'phasellus sit'),(320,41,'non quam nec'),(321,47,'leo pellentesque ultrices mattis'),(322,21,'quis tortor id nulla'),(323,24,'sagittis nam congue risus'),(324,38,'etiam justo etiam'),(325,3,'et magnis dis parturient'),(326,22,'in blandit ultrices'),(327,6,'ornare imperdiet sapien'),(328,46,'cum sociis natoque penatibus'),(329,9,'donec semper'),(330,43,'pellentesque ultrices phasellus'),(331,17,'lectus pellentesque at nulla'),(332,4,'at lorem integer'),(333,22,'ipsum dolor sit'),(334,48,'eget orci vehicula condimentum'),(335,47,'vel augue vestibulum ante'),(336,33,'quam nec'),(337,18,'consequat ut'),(338,32,'enim blandit'),(339,40,'luctus et'),(340,43,'vivamus metus'),(341,5,'sociis natoque'),(342,28,'erat eros'),(343,6,'sapien quis libero'),(344,47,'faucibus orci luctus et'),(345,22,'montes nascetur ridiculus mus'),(346,5,'duis bibendum felis sed'),(347,29,'eget rutrum'),(348,27,'ultrices posuere cubilia curae'),(349,13,'lectus pellentesque eget nunc'),(350,25,'congue risus semper porta'),(351,37,'etiam pretium iaculis justo'),(352,24,'amet consectetuer adipiscing'),(353,6,'quisque erat eros viverra'),(354,33,'nam nulla integer pede'),(355,31,'tristique tortor'),(356,3,'potenti in'),(357,30,'nisi vulputate nonummy maecenas'),(358,27,'dapibus at diam nam'),(359,16,'sed nisl'),(360,11,'phasellus id'),(361,31,'in felis'),(362,8,'convallis nunc proin'),(363,3,'libero convallis eget'),(364,7,'cursus id turpis'),(365,50,'laoreet ut'),(366,45,'primis in faucibus orci'),(367,3,'nulla integer pede'),(368,46,'justo in'),(369,4,'viverra eget congue'),(370,15,'nulla suspendisse'),(371,39,'porttitor lorem id'),(372,46,'tristique tortor'),(373,33,'arcu libero rutrum ac'),(374,10,'nulla elit ac'),(375,19,'phasellus id'),(376,24,'lacus purus aliquet at'),(377,25,'ipsum integer'),(378,37,'purus aliquet at feugiat'),(379,3,'nulla ac enim'),(380,31,'ultrices posuere cubilia curae'),(381,35,'amet consectetuer'),(382,2,'pretium iaculis'),(383,25,'donec ut'),(384,7,'eu mi'),(385,21,'quisque id'),(386,44,'nisl aenean lectus'),(387,12,'dui vel nisl'),(388,27,'diam neque vestibulum eget'),(389,9,'non quam nec dui'),(390,19,'consequat morbi a ipsum'),(391,19,'fusce posuere'),(392,3,'dictumst morbi'),(393,45,'donec ut dolor morbi'),(394,29,'lectus pellentesque'),(395,25,'nullam varius nulla facilisi'),(396,42,'bibendum morbi'),(397,13,'libero convallis eget'),(398,27,'in est risus'),(399,44,'eu tincidunt in'),(400,13,'lacus purus aliquet at'),(401,36,'sed sagittis'),(402,39,'lacus at'),(403,36,'ut odio cras mi'),(404,35,'sollicitudin mi'),(405,23,'eu magna vulputate'),(406,27,'maecenas rhoncus aliquam lacus'),(407,32,'tortor risus dapibus augue'),(408,26,'quis odio consequat varius'),(409,22,'curabitur at'),(410,34,'nunc nisl duis bibendum'),(411,24,'nulla suspendisse potenti'),(412,14,'eget congue'),(413,41,'magna vulputate luctus cum'),(414,42,'tempus semper est quam'),(415,33,'nulla ut erat id'),(416,17,'eget semper'),(417,30,'ut erat id'),(418,35,'urna pretium nisl'),(419,8,'sociis natoque'),(420,14,'nec nisi vulputate'),(421,35,'consectetuer adipiscing'),(422,3,'orci pede venenatis'),(423,12,'eleifend quam a'),(424,35,'posuere cubilia curae duis'),(425,21,'aenean fermentum donec'),(426,8,'consectetuer adipiscing elit proin'),(427,9,'vestibulum vestibulum'),(428,42,'convallis morbi'),(429,47,'dui luctus rutrum'),(430,48,'at velit eu'),(431,42,'donec ut'),(432,7,'sit amet diam in'),(433,41,'tincidunt ante vel ipsum'),(434,31,'interdum venenatis'),(435,23,'leo odio porttitor'),(436,35,'nisi nam ultrices libero'),(437,27,'aliquam sit'),(438,21,'enim leo'),(439,30,'lorem vitae'),(440,45,'primis in faucibus orci'),(441,43,'in quam fringilla'),(442,9,'vel nisl duis'),(443,16,'odio elementum eu'),(444,11,'maecenas pulvinar lobortis est'),(445,41,'augue a suscipit'),(446,23,'id consequat in consequat'),(447,15,'praesent blandit nam nulla'),(448,41,'in quis justo'),(449,35,'praesent blandit'),(450,18,'maecenas leo'),(451,37,'ultrices erat'),(452,21,'nulla tempus'),(453,26,'tincidunt in leo'),(454,27,'sem fusce consequat nulla'),(455,2,'fusce congue diam'),(456,1,'volutpat convallis'),(457,11,'proin risus praesent lectus'),(458,46,'ridiculus mus etiam'),(459,10,'sed lacus'),(460,31,'quis lectus'),(461,16,'luctus ultricies'),(462,13,'aenean auctor gravida sem'),(463,36,'ac nulla'),(464,49,'dolor quis odio consequat'),(465,35,'arcu libero rutrum ac'),(466,36,'tempor convallis nulla neque'),(467,34,'elementum eu interdum eu'),(468,16,'erat nulla'),(469,12,'erat tortor sollicitudin'),(470,43,'proin eu mi'),(471,46,'cubilia curae'),(472,44,'pellentesque eget'),(473,33,'integer aliquet massa'),(474,15,'amet consectetuer adipiscing'),(475,5,'sapien iaculis congue'),(476,47,'bibendum felis sed interdum'),(477,15,'commodo vulputate justo'),(478,24,'vitae quam suspendisse potenti'),(479,7,'lobortis convallis'),(480,49,'cras non velit'),(481,2,'sed ante vivamus'),(482,35,'velit eu'),(483,9,'risus dapibus augue vel'),(484,10,'amet consectetuer adipiscing'),(485,43,'eget vulputate'),(486,30,'amet consectetuer adipiscing elit'),(487,47,'proin risus praesent'),(488,1,'auctor gravida'),(489,9,'porttitor lacus at'),(490,25,'sit amet nulla'),(491,48,'pulvinar nulla'),(492,33,'suscipit ligula in lacus'),(493,42,'sociis natoque'),(494,34,'gravida sem praesent id'),(495,49,'nibh quisque id'),(496,7,'sapien non'),(497,45,'a pede'),(498,31,'feugiat et'),(499,36,'et magnis dis parturient'),(500,35,'placerat ante nulla justo'),(501,27,'vitae consectetuer'),(502,22,'sit amet'),(503,15,'rhoncus dui'),(504,18,'turpis sed ante'),(505,9,'aenean fermentum donec'),(506,46,'nulla mollis'),(507,21,'duis bibendum felis sed'),(508,35,'eleifend luctus ultricies eu'),(509,18,'sagittis sapien'),(510,48,'varius integer ac'),(511,43,'pede posuere nonummy'),(512,27,'proin eu mi nulla'),(513,33,'in hac habitasse'),(514,1,'tempus vel'),(515,16,'consequat morbi'),(516,20,'id justo sit'),(517,50,'quis augue'),(518,19,'libero convallis eget'),(519,33,'massa donec dapibus'),(520,3,'quam sollicitudin vitae consectetuer'),(521,33,'dui vel sem sed'),(522,45,'in tempus sit amet'),(523,7,'mi pede'),(524,31,'sapien cursus'),(525,6,'volutpat erat quisque'),(526,27,'erat eros viverra eget'),(527,7,'tincidunt in leo maecenas'),(528,16,'in congue etiam'),(529,41,'iaculis justo'),(530,40,'sapien ut'),(531,13,'consectetuer eget rutrum'),(532,44,'vulputate vitae nisl'),(533,33,'tortor id nulla'),(534,12,'non mi'),(535,34,'nulla sed accumsan felis'),(536,47,'metus aenean fermentum donec'),(537,1,'tortor sollicitudin mi'),(538,31,'nibh in hac habitasse'),(539,41,'luctus rutrum nulla tellus'),(540,30,'in hac'),(541,32,'faucibus orci'),(542,4,'pretium iaculis diam erat'),(543,23,'volutpat in congue etiam'),(544,39,'potenti nullam'),(545,48,'eu mi'),(546,43,'aliquam sit'),(547,26,'pede ac'),(548,42,'sit amet eros suspendisse'),(549,45,'primis in faucibus'),(550,11,'ultrices posuere'),(551,22,'et tempus semper'),(552,25,'vestibulum velit'),(553,5,'tristique fusce'),(554,17,'phasellus in felis'),(555,41,'hac habitasse'),(556,30,'erat fermentum justo nec'),(557,40,'nibh in'),(558,31,'sem sed'),(559,8,'vestibulum ante ipsum primis'),(560,47,'felis donec semper'),(561,12,'interdum eu'),(562,44,'vulputate luctus cum sociis'),(563,34,'ut erat'),(564,36,'in hac'),(565,48,'semper est'),(566,38,'nullam sit amet'),(567,7,'erat tortor sollicitudin mi'),(568,15,'convallis duis'),(569,25,'ante vel ipsum praesent'),(570,43,'maecenas leo odio condimentum'),(571,30,'at velit eu est'),(572,3,'pharetra magna vestibulum aliquet'),(573,7,'quisque porta'),(574,7,'posuere cubilia curae nulla'),(575,32,'sapien sapien non mi'),(576,39,'amet diam'),(577,10,'nulla ac'),(578,24,'sociis natoque'),(579,4,'eget congue eget'),(580,22,'mus etiam vel'),(581,37,'aliquet maecenas leo odio'),(582,44,'cursus id turpis integer'),(583,50,'aliquam quis'),(584,31,'donec pharetra magna'),(585,7,'ullamcorper augue a'),(586,35,'libero quis'),(587,44,'posuere cubilia'),(588,24,'vestibulum aliquet ultrices erat'),(589,46,'justo etiam pretium'),(590,28,'in lacus curabitur'),(591,17,'turpis a pede'),(592,45,'erat volutpat in congue'),(593,8,'eros viverra'),(594,50,'elit proin'),(595,49,'nulla dapibus dolor vel'),(596,14,'consequat dui'),(597,48,'eros viverra eget congue'),(598,12,'venenatis tristique'),(599,38,'quam sollicitudin'),(600,41,'justo etiam'),(601,7,'aenean auctor'),(602,5,'phasellus id sapien in'),(603,47,'duis bibendum felis sed'),(604,34,'ut rhoncus'),(605,29,'vulputate elementum'),(606,34,'commodo vulputate justo'),(607,4,'vitae consectetuer'),(608,9,'risus auctor'),(609,34,'vestibulum vestibulum ante ipsum'),(610,39,'tortor risus dapibus augue'),(611,40,'purus eu magna'),(612,23,'eu tincidunt in'),(613,32,'integer ac neque duis'),(614,2,'ac neque duis bibendum'),(615,43,'fusce consequat nulla'),(616,32,'suspendisse ornare consequat'),(617,26,'nulla justo'),(618,37,'turpis eget elit sodales'),(619,22,'nunc vestibulum ante ipsum'),(620,45,'nec molestie sed'),(621,24,'nunc vestibulum ante ipsum'),(622,34,'condimentum curabitur in libero'),(623,47,'amet nulla'),(624,33,'venenatis lacinia aenean sit'),(625,39,'ut massa'),(626,17,'non mauris morbi non'),(627,30,'tellus in'),(628,43,'at feugiat non pretium'),(629,45,'congue risus semper porta'),(630,8,'rutrum nulla'),(631,42,'augue a suscipit nulla'),(632,50,'dapibus nulla suscipit'),(633,14,'sollicitudin ut suscipit a'),(634,10,'parturient montes nascetur ridiculus'),(635,16,'auctor sed tristique in'),(636,25,'suspendisse potenti cras'),(637,39,'integer ac'),(638,40,'vestibulum ante ipsum primis'),(639,19,'pellentesque volutpat'),(640,14,'elementum ligula'),(641,15,'ante ipsum primis'),(642,36,'dui vel sem sed'),(643,31,'nonummy maecenas'),(644,3,'vitae nisi nam'),(645,31,'nisi venenatis tristique fusce'),(646,44,'non ligula pellentesque'),(647,30,'orci luctus'),(648,1,'in magna bibendum imperdiet'),(649,3,'odio odio elementum'),(650,38,'ante ipsum primis'),(651,10,'non sodales sed tincidunt'),(652,38,'sapien dignissim'),(653,41,'cras non velit'),(654,34,'pulvinar sed'),(655,35,'ipsum primis'),(656,17,'accumsan tellus nisi'),(657,32,'auctor sed tristique'),(658,1,'dui vel'),(659,43,'mauris sit'),(660,3,'est congue'),(661,25,'eget elit'),(662,31,'diam neque vestibulum eget'),(663,14,'nulla neque libero convallis'),(664,18,'mauris enim'),(665,39,'donec semper sapien'),(666,50,'velit nec'),(667,3,'et magnis dis'),(668,33,'nibh in'),(669,42,'primis in'),(670,37,'donec dapibus duis at'),(671,20,'cras non'),(672,37,'morbi non quam'),(673,28,'pellentesque volutpat'),(674,16,'pellentesque ultrices'),(675,37,'montes nascetur ridiculus'),(676,8,'ligula pellentesque ultrices phasellus'),(677,41,'dis parturient montes nascetur'),(678,6,'morbi porttitor lorem'),(679,49,'mauris viverra'),(680,26,'vestibulum eget vulputate ut'),(681,30,'sed ante vivamus'),(682,20,'dapibus at diam nam'),(683,23,'vestibulum sit amet'),(684,45,'nisi at nibh in'),(685,21,'ut mauris'),(686,45,'habitasse platea'),(687,27,'porta volutpat quam'),(688,24,'consectetuer adipiscing elit'),(689,14,'congue etiam justo etiam'),(690,4,'sed lacus morbi'),(691,19,'eget elit sodales scelerisque'),(692,17,'accumsan felis ut'),(693,17,'sit amet justo morbi'),(694,37,'nascetur ridiculus mus vivamus'),(695,28,'nunc donec quis orci'),(696,5,'eget rutrum at lorem'),(697,24,'nullam orci pede'),(698,17,'amet consectetuer adipiscing elit'),(699,31,'viverra eget congue eget'),(700,31,'diam id'),(701,6,'at feugiat'),(702,47,'sit amet'),(703,37,'ipsum dolor'),(704,10,'ut suscipit a'),(705,49,'quis augue luctus'),(706,14,'nunc viverra dapibus nulla'),(707,11,'mi pede malesuada in'),(708,40,'amet erat'),(709,13,'nam dui proin'),(710,46,'amet diam in magna'),(711,46,'dis parturient montes'),(712,13,'at dolor quis'),(713,30,'nec nisi vulputate nonummy'),(714,17,'feugiat et'),(715,25,'odio porttitor'),(716,36,'montes nascetur'),(717,23,'proin risus praesent lectus'),(718,43,'nullam porttitor lacus at'),(719,18,'integer ac'),(720,27,'luctus ultricies eu nibh'),(721,47,'purus sit amet'),(722,19,'ut nulla sed accumsan'),(723,3,'quis orci nullam molestie'),(724,33,'viverra pede ac'),(725,31,'posuere felis'),(726,14,'turpis donec'),(727,21,'morbi ut'),(728,10,'fusce consequat'),(729,17,'donec semper sapien a'),(730,15,'non mattis pulvinar nulla'),(731,33,'curabitur convallis'),(732,26,'quis orci'),(733,42,'posuere cubilia curae nulla'),(734,28,'sapien iaculis congue'),(735,28,'malesuada in imperdiet'),(736,11,'vitae nisi nam'),(737,38,'suspendisse potenti'),(738,41,'nec nisi'),(739,29,'praesent blandit'),(740,17,'adipiscing molestie'),(741,12,'diam id ornare'),(742,49,'mauris eget'),(743,5,'vel nulla eget eros'),(744,39,'id ornare'),(745,34,'ipsum ac tellus'),(746,6,'dictumst morbi vestibulum velit'),(747,30,'dui nec nisi'),(748,2,'etiam justo etiam'),(749,29,'est donec odio justo'),(750,1,'rhoncus aliquet'),(751,12,'justo pellentesque viverra'),(752,32,'etiam justo etiam'),(753,31,'sem fusce'),(754,47,'vitae nisl aenean lectus'),(755,15,'phasellus sit amet'),(756,34,'venenatis non'),(757,43,'at dolor quis'),(758,8,'consequat morbi'),(759,12,'justo etiam pretium'),(760,29,'nibh in quis justo'),(761,4,'ante vivamus tortor duis'),(762,4,'orci mauris lacinia'),(763,31,'potenti nullam'),(764,6,'odio curabitur convallis'),(765,41,'curabitur in libero'),(766,41,'suscipit nulla elit ac'),(767,23,'duis at'),(768,6,'suspendisse ornare'),(769,17,'morbi vestibulum velit'),(770,36,'vestibulum proin'),(771,41,'eu magna'),(772,46,'ut nunc vestibulum'),(773,41,'odio elementum'),(774,34,'velit vivamus'),(775,34,'leo odio porttitor id'),(776,19,'ligula sit amet'),(777,33,'libero quis'),(778,37,'pretium quis'),(779,7,'tincidunt ante'),(780,14,'nibh ligula nec'),(781,13,'amet lobortis sapien sapien'),(782,39,'convallis morbi odio'),(783,8,'rutrum rutrum'),(784,23,'elementum nullam varius'),(785,32,'augue quam sollicitudin vitae'),(786,4,'turpis sed'),(787,44,'massa tempor convallis'),(788,23,'tincidunt ante'),(789,40,'vulputate elementum nullam varius'),(790,7,'justo eu massa donec'),(791,31,'nibh ligula nec sem'),(792,35,'integer ac neque duis'),(793,16,'nulla dapibus dolor'),(794,34,'sapien quis libero'),(795,29,'integer ac leo'),(796,48,'eu tincidunt'),(797,44,'luctus rutrum nulla'),(798,7,'nisi venenatis'),(799,23,'in hac habitasse'),(800,34,'et ultrices posuere cubilia'),(801,6,'vestibulum ante'),(802,9,'neque vestibulum eget'),(803,15,'semper porta volutpat'),(804,16,'vivamus tortor duis mattis'),(805,14,'pharetra magna'),(806,50,'fusce posuere'),(807,29,'imperdiet nullam orci pede'),(808,11,'consequat in'),(809,35,'mauris non ligula pellentesque'),(810,20,'phasellus in felis donec'),(811,40,'dis parturient'),(812,6,'metus aenean fermentum donec'),(813,26,'suspendisse accumsan'),(814,14,'at nibh'),(815,14,'turpis enim blandit mi'),(816,26,'potenti nullam porttitor lacus'),(817,22,'tristique est et tempus'),(818,30,'lorem ipsum dolor'),(819,4,'primis in faucibus'),(820,15,'in tempor'),(821,2,'a ipsum'),(822,42,'aliquam convallis nunc proin'),(823,32,'eros viverra'),(824,50,'sapien placerat ante nulla'),(825,14,'velit donec'),(826,46,'ligula vehicula'),(827,38,'mattis nibh ligula'),(828,27,'suscipit a'),(829,50,'nisi at nibh in'),(830,2,'dignissim vestibulum vestibulum ante'),(831,15,'penatibus et magnis'),(832,33,'quis odio'),(833,44,'vestibulum proin'),(834,37,'ligula in lacus'),(835,34,'pretium iaculis justo in'),(836,19,'fermentum justo'),(837,33,'mauris viverra diam'),(838,30,'eros vestibulum ac'),(839,6,'malesuada in'),(840,49,'blandit ultrices enim'),(841,10,'vulputate luctus'),(842,19,'est lacinia nisi'),(843,25,'sapien in'),(844,2,'vivamus in'),(845,31,'pharetra magna'),(846,50,'quis justo maecenas'),(847,24,'non pretium quis'),(848,24,'iaculis congue vivamus'),(849,40,'vulputate nonummy maecenas tincidunt'),(850,15,'nullam porttitor lacus'),(851,20,'dolor quis'),(852,22,'sed nisl nunc'),(853,47,'at dolor'),(854,28,'eu sapien'),(855,36,'porttitor lorem id'),(856,42,'eu interdum'),(857,32,'in leo maecenas pulvinar'),(858,46,'vestibulum ante'),(859,10,'ut massa'),(860,9,'molestie sed'),(861,21,'vulputate nonummy maecenas tincidunt'),(862,42,'nisl duis ac nibh'),(863,48,'sapien varius ut'),(864,38,'maecenas ut massa quis'),(865,32,'a ipsum'),(866,6,'fusce posuere felis'),(867,48,'at ipsum'),(868,22,'integer a nibh in'),(869,39,'sollicitudin ut suscipit a'),(870,17,'volutpat dui maecenas tristique'),(871,45,'quis libero nullam sit'),(872,36,'pellentesque quisque porta volutpat'),(873,9,'aliquet massa'),(874,40,'cubilia curae'),(875,8,'laoreet ut'),(876,35,'et commodo'),(877,8,'tellus semper interdum mauris'),(878,1,'ligula sit amet eleifend'),(879,47,'nisl nunc'),(880,11,'vel accumsan'),(881,2,'consequat ut'),(882,25,'dui vel nisl duis'),(883,22,'sapien dignissim vestibulum'),(884,13,'varius ut'),(885,13,'curabitur convallis duis'),(886,48,'tincidunt in'),(887,38,'porttitor lorem id ligula'),(888,41,'ipsum praesent blandit'),(889,1,'adipiscing lorem'),(890,49,'pretium iaculis justo'),(891,18,'ac nibh'),(892,21,'massa volutpat convallis'),(893,14,'convallis nunc'),(894,50,'ut suscipit a'),(895,14,'ultrices libero non mattis'),(896,9,'parturient montes nascetur'),(897,18,'posuere cubilia curae duis'),(898,49,'ultrices vel'),(899,18,'justo aliquam'),(900,14,'tellus nisi'),(901,4,'curae duis'),(902,41,'aliquam lacus'),(903,11,'sapien ut nunc'),(904,29,'sit amet eleifend'),(905,6,'ipsum praesent blandit'),(906,49,'sit amet eros suspendisse'),(907,30,'sagittis nam congue'),(908,36,'dolor sit'),(909,39,'cursus id turpis'),(910,21,'imperdiet sapien urna pretium'),(911,31,'mauris sit amet'),(912,5,'tortor eu'),(913,40,'turpis elementum ligula'),(914,25,'ultrices vel augue'),(915,50,'sed nisl nunc rhoncus'),(916,3,'dapibus dolor vel'),(917,40,'aliquet massa'),(918,48,'lacinia nisi venenatis'),(919,48,'pede morbi'),(920,27,'nam nulla integer pede'),(921,18,'et magnis'),(922,20,'magna ac'),(923,33,'dictumst etiam'),(924,25,'in porttitor pede justo'),(925,3,'odio in hac'),(926,10,'blandit lacinia erat vestibulum'),(927,43,'tellus in sagittis dui'),(928,46,'sit amet consectetuer'),(929,6,'sem sed sagittis nam'),(930,28,'sapien in sapien iaculis'),(931,19,'aliquet at feugiat'),(932,19,'nulla integer pede'),(933,15,'dui luctus rutrum nulla'),(934,38,'quis turpis sed ante'),(935,12,'feugiat non pretium'),(936,13,'vivamus vel nulla'),(937,33,'phasellus id sapien'),(938,17,'imperdiet et'),(939,17,'aliquet at feugiat'),(940,3,'tincidunt nulla'),(941,26,'libero nullam'),(942,4,'cursus vestibulum proin eu'),(943,39,'ipsum praesent blandit'),(944,46,'suscipit nulla elit ac'),(945,30,'sem mauris laoreet'),(946,35,'ut nulla sed accumsan'),(947,42,'vivamus metus arcu adipiscing'),(948,49,'donec posuere metus vitae'),(949,25,'sagittis dui vel nisl'),(950,47,'mauris non'),(951,25,'magna bibendum imperdiet nullam'),(952,15,'nulla integer'),(953,47,'venenatis turpis enim blandit'),(954,50,'nonummy maecenas'),(955,34,'ultricies eu nibh'),(956,13,'posuere cubilia'),(957,29,'nulla elit ac'),(958,47,'interdum mauris ullamcorper purus'),(959,46,'dui luctus rutrum'),(960,50,'ligula pellentesque'),(961,25,'at feugiat non'),(962,28,'vel nisl duis'),(963,49,'et ultrices posuere cubilia'),(964,18,'luctus et'),(965,24,'dapibus duis at velit'),(966,26,'ligula vehicula'),(967,24,'etiam vel'),(968,31,'varius integer ac leo'),(969,5,'nascetur ridiculus mus'),(970,50,'dictumst maecenas ut massa'),(971,29,'convallis morbi odio odio'),(972,7,'eu mi'),(973,25,'nullam varius nulla facilisi'),(974,3,'volutpat quam pede lobortis'),(975,38,'eget elit'),(976,29,'amet nunc'),(977,40,'nam dui proin leo'),(978,2,'sagittis sapien cum sociis'),(979,41,'neque duis bibendum'),(980,7,'nullam orci pede venenatis'),(981,45,'rhoncus aliquam lacus'),(982,26,'id consequat'),(983,36,'ut erat curabitur'),(984,30,'rutrum nulla nunc purus'),(985,49,'nisl duis bibendum'),(986,6,'sed vel'),(987,48,'dapibus at diam nam'),(988,8,'elit proin'),(989,50,'ridiculus mus vivamus vestibulum'),(990,28,'cum sociis'),(991,17,'quis tortor'),(992,17,'urna ut tellus nulla'),(993,6,'convallis nulla neque'),(994,39,'amet eros'),(995,9,'sem sed sagittis nam'),(996,39,'neque libero convallis'),(997,30,'fusce posuere'),(998,30,'velit nec'),(999,11,'a odio in hac'),(1000,10,'interdum mauris ullamcorper');
/*!40000 ALTER TABLE `generates_bill` ENABLE KEYS */;
UNLOCK TABLES;

--
-- Table structure for table `hospitality_staff`
--

DROP TABLE IF EXISTS `hospitality_staff`;
/*!40101 SET @saved_cs_client     = @@character_set_client */;
/*!50503 SET character_set_client = utf8mb4 */;
CREATE TABLE `hospitality_staff` (
  `hospitality_staff_id` int NOT NULL,
  `first_name` varchar(20) NOT NULL,
  `last_name` varchar(20) NOT NULL,
  `age` int DEFAULT NULL,
  `contact_no` varchar(20) DEFAULT NULL,
  `street` varchar(50) DEFAULT NULL,
  `state` varchar(15) DEFAULT NULL,
  `staff_type` varchar(50) DEFAULT NULL,
  `salary` decimal(10,0) DEFAULT NULL,
  `shift_time` varchar(10) DEFAULT NULL,
  `password` varchar(255) DEFAULT NULL,
  `email_id` varchar(255) DEFAULT NULL,
  PRIMARY KEY (`hospitality_staff_id`),
  UNIQUE KEY `contact_no` (`contact_no`)
) ENGINE=InnoDB DEFAULT CHARSET=utf8mb4 COLLATE=utf8mb4_0900_ai_ci;
/*!40101 SET character_set_client = @saved_cs_client */;

--
-- Dumping data for table `hospitality_staff`
--

LOCK TABLES `hospitality_staff` WRITE;
/*!40000 ALTER TABLE `hospitality_staff` DISABLE KEYS */;
INSERT INTO `hospitality_staff` VALUES (1,'Clemente','Chester',39,'408-789-4907','56108 Red Cloud Point','California','Manager',10000,'4 PM','123456','admin1@iitgn.ac.in'),(2,'Stuart','Broz',96,'202-506-7936','3484 Rieder Drive','Columbia','Front Desk',25000,'8 AM','123456','admin2@iitgn.ac.in'),(3,'Marve','Tasch',9,'513-406-7241','1303 Schurz Center','Ohio','Chef',10000,'4 PM','123456','admin3@iitgn.ac.in'),(4,'Sioux','Skill',45,'804-773-6654','506 Pennsylvania Trail','Virginia','Chef',20000,'8 AM','123456','admin4@iitgn.ac.in'),(5,'Antons','Sircombe',93,'513-472-0559','4855 Summerview Parkway','Ohio','Chef',15000,'12 AM','123456','admin5@iitgn.ac.in'),(6,'Annamaria','Lackeye',82,'202-462-3637','1 Brentwood Park','Columbia','Chef',20000,'4 PM','123456','admin6@iitgn.ac.in'),(7,'Geraldine','Barnsdale',39,'412-964-7994','0292 Claremont Drive','Pennsylvania','Front Desk',10000,'8 AM','123456','admin7@iitgn.ac.in'),(8,'Shelagh','Gniewosz',6,'302-231-0509','273 6th Drive','Delaware','Front Desk',10000,'4 PM','123456','admin8@iitgn.ac.in'),(9,'Bent','Andor',84,'310-342-0327','61 Warrior Park','California','Manager',10000,'4 PM',NULL,NULL),(10,'Judi','Kinnard',49,'571-717-1785','3576 Grayhawk Drive','Virginia','Manager',25000,'12 AM',NULL,NULL),(11,'Deanna','Brearton',14,'860-986-0533','157 Fuller Point','Connecticut','Kitchen helper',15000,'12 AM',NULL,NULL),(12,'Kyle','Swett',55,'704-539-0927','4 David Place','North Carolina','Chef',10000,'8 AM',NULL,NULL),(13,'Janeva','Senten',79,'315-701-3788','7955 Valley Edge Plaza','New York','Manager',15000,'12 AM',NULL,NULL),(14,'Toddie','Willeson',39,'914-582-6889','9476 Lawn Court','New York','Chef',15000,'8 AM',NULL,NULL),(15,'Freddi','McMurty',5,'317-989-7399','582 Oak Circle','Indiana','Kitchen helper',25000,'4 PM',NULL,NULL),(16,'Silvie','Solley',15,'989-385-6923','189 Hanover Trail','Michigan','Manager',20000,'12 AM',NULL,NULL),(17,'Harland','Bownde',77,'202-885-7787','46 Goodland Point','Columbia','Front Desk',15000,'8 AM',NULL,NULL),(18,'Allis','Welband',23,'714-495-2096','4283 Chinook Lane','California','Front Desk',25000,'12 AM',NULL,NULL),(19,'Maddie','Rosenauer',35,'202-307-2759','28 Ramsey Court','Columbia','Manager',15000,'8 AM',NULL,NULL),(20,'Vivienne','Goymer',43,'623-982-7579','90 Washington Lane','Arizona','Kitchen helper',10000,'12 AM',NULL,NULL),(21,'Jerri','Adamiak',16,'561-588-9446','79770 Gina Pass','Florida','Kitchen helper',20000,'4 PM',NULL,NULL),(22,'Marcelo','Worral',35,'202-966-7302','2 Thackeray Street','Columbia','Kitchen helper',20000,'12 AM',NULL,NULL),(23,'Linet','Lawson',24,'202-665-6431','9265 Meadow Vale Junction','Columbia','Manager',25000,'12 AM',NULL,NULL),(24,'Webster','Drains',26,'803-457-7295','231 Bartillon Drive','South Carolina','Chef',25000,'8 AM',NULL,NULL),(25,'Worden','Grestye',57,'765-187-0894','80 Cottonwood Avenue','Indiana','Front Desk',15000,'12 AM',NULL,NULL),(26,'Hildegarde','Haysham',2,'770-518-4625','69 Gina Court','Georgia','Chef',25000,'12 AM',NULL,NULL),(27,'King','Kenworthey',51,'623-530-5872','33 Division Court','Arizona','Manager',10000,'4 PM',NULL,NULL),(28,'Vinni','Slatcher',38,'806-497-0633','34865 Green Parkway','Texas','Front Desk',10000,'4 PM',NULL,NULL),(29,'Dorris','Wimp',41,'716-340-1162','9 Glacier Hill Junction','New York','Kitchen helper',10000,'4 PM',NULL,NULL),(30,'Lebbie','Clausen',21,'915-192-0559','67 Twin Pines Way','Texas','Chef',10000,'8 AM',NULL,NULL),(31,'Geordie','Dransfield',61,'864-396-6041','5 Mariners Cove Alley','South Carolina','Manager',10000,'4 PM',NULL,NULL),(32,'Gisele','Cristoforetti',70,'806-531-1261','33 Glacier Hill Parkway','Texas','Manager',20000,'12 AM',NULL,NULL),(33,'Ernestine','Brakewell',5,'702-830-1198','957 West Park','Nevada','Front Desk',15000,'8 AM',NULL,NULL),(34,'Obadiah','Skitteral',59,'915-101-0054','9 Service Alley','Texas','Manager',15000,'12 AM',NULL,NULL),(35,'Ame','Ostridge',54,'801-741-0401','196 Rutledge Point','Utah','Kitchen helper',15000,'12 AM',NULL,NULL),(36,'Andre','Dryden',88,'706-384-7595','9431 Blaine Terrace','Georgia','Front Desk',20000,'12 AM',NULL,NULL),(37,'Selia','Dachey',37,'810-654-0503','0 Division Park','Michigan','Manager',10000,'8 AM',NULL,NULL),(38,'Salim','Wilstead',70,'904-512-4274','3379 Gina Crossing','Florida','Front Desk',25000,'12 AM',NULL,NULL),(39,'Hazel','Bungey',81,'254-160-8990','039 Myrtle Avenue','Texas','Front Desk',25000,'4 PM',NULL,NULL),(40,'Gwenette','Sloley',61,'602-307-8562','371 Sunbrook Parkway','Arizona','Manager',20000,'4 PM',NULL,NULL),(41,'Ursa','MacConneely',80,'229-425-1573','719 Mandrake Circle','Georgia','Chef',15000,'8 AM',NULL,NULL),(42,'Justus','Lingner',88,'610-504-1144','66745 Dryden Junction','Pennsylvania','Front Desk',10000,'12 AM',NULL,NULL),(43,'Cloe','Grange',38,'651-447-3805','978 Sheridan Drive','Minnesota','Chef',10000,'8 AM',NULL,NULL),(44,'Andras','Vanyukhin',3,'205-842-6318','3141 Hollow Ridge Circle','Alabama','Front Desk',20000,'12 AM',NULL,NULL),(45,'Bibbye','Midden',21,'803-316-4627','73629 Knutson Lane','South Carolina','Chef',10000,'8 AM',NULL,NULL),(46,'Merell','Plaskitt',74,'850-319-5781','783 Elka Parkway','Florida','Kitchen helper',20000,'8 AM',NULL,NULL),(47,'Goldina','Bridgwood',62,'202-705-1015','88 Maywood Pass','Virginia','Manager',25000,'4 PM',NULL,NULL),(48,'Pammi','Tampen',26,'608-840-8993','6 Maple Wood Trail','Wisconsin','Manager',20000,'8 AM',NULL,NULL),(49,'Jewelle','Quarles',63,'816-374-4511','4598 Michigan Circle','Missouri','Kitchen helper',20000,'12 AM',NULL,NULL),(50,'Gabriella','Wysome',20,'703-748-0937','680 Prairie Rose Junction','Virginia','Front Desk',15000,'8 AM',NULL,NULL);
/*!40000 ALTER TABLE `hospitality_staff` ENABLE KEYS */;
UNLOCK TABLES;

--
-- Table structure for table `housekeeping_staff`
--

DROP TABLE IF EXISTS `housekeeping_staff`;
/*!40101 SET @saved_cs_client     = @@character_set_client */;
/*!50503 SET character_set_client = utf8mb4 */;
CREATE TABLE `housekeeping_staff` (
  `housekeeping_staff_id` int NOT NULL,
  `first_name` varchar(20) NOT NULL,
  `last_name` varchar(20) NOT NULL,
  `agency` varchar(30) DEFAULT NULL,
  `age` int DEFAULT NULL,
  `contact_no` varchar(20) DEFAULT NULL,
  `street` varchar(50) DEFAULT NULL,
  `pincode` int DEFAULT NULL,
  `salary` decimal(10,0) DEFAULT NULL,
  `shift_time` varchar(10) DEFAULT NULL,
  `email_id` varchar(255) DEFAULT NULL,
  `password` varchar(255) DEFAULT NULL,
  PRIMARY KEY (`housekeeping_staff_id`),
  UNIQUE KEY `contact_no` (`contact_no`)
) ENGINE=InnoDB DEFAULT CHARSET=utf8mb4 COLLATE=utf8mb4_0900_ai_ci;
/*!40101 SET character_set_client = @saved_cs_client */;

--
-- Dumping data for table `housekeeping_staff`
--

LOCK TABLES `housekeeping_staff` WRITE;
/*!40000 ALTER TABLE `housekeeping_staff` DISABLE KEYS */;
INSERT INTO `housekeeping_staff` VALUES (1,'Ofella','McQuirk','amet',34,'507-700-7784','268 Reinke Street',687454,12000,'4 PM','staff1@iitgn.ac.in','123456'),(2,'Farrel','Weedall','cum sociis',45,'862-190-5777','1 Elmside Point',337172,15000,'8 PM','staff2@iitgn.ac.in','123456'),(3,'Lyle','Jeste','elit',26,'660-737-9844','227 Glendale Crossing',706030,12000,'12 AM','staff3@iitgn.ac.in','123456'),(4,'Jan','Gayne','porttitor id',46,'804-807-7267','2043 Calypso Point',185494,10000,'12 PM','staff4@iitgn.ac.in','123456'),(5,'Ken','Trippitt','nascetur',24,'540-770-2304','96 Myrtle Lane',327475,12000,'8 PM','staff5@iitgn.ac.in','123456'),(6,'Minna','Lusty','nulla sed',41,'525-787-4341','81 Dawn Terrace',478639,10000,'12 PM','staff6@iitgn.ac.in','123456'),(7,'Tudor','Walbrun','vestibulum vestibulum',29,'273-631-9505','20032 Graedel Trail',257654,10000,'12 PM','staff7@iitgn.ac.in','123456'),(8,'Kevina','Thurlby','porttitor',56,'166-997-4387','4 Riverside Place',388111,10000,'4 PM','staff8@iitgn.ac.in','123456'),(9,'Alta','Tesimon','et tempus',49,'481-328-0012','97 Shoshone Alley',115848,15000,'4 PM','staff9@iitgn.ac.in','123456'),(10,'Carlina','Cronshaw','mauris laoreet',60,'852-419-9519','320 Pawling Street',225024,10000,'8 AM','staff10@iitgn.ac.in','123456');
/*!40000 ALTER TABLE `housekeeping_staff` ENABLE KEYS */;
UNLOCK TABLES;

--
-- Table structure for table `iitgn_member`
--

DROP TABLE IF EXISTS `iitgn_member`;
/*!40101 SET @saved_cs_client     = @@character_set_client */;
/*!50503 SET character_set_client = utf8mb4 */;
CREATE TABLE `iitgn_member` (
  `iitgn_id` int NOT NULL,
  `first_name` varchar(20) NOT NULL,
  `last_name` varchar(20) NOT NULL,
  `member_type` varchar(10) DEFAULT NULL,
  `email_id` varchar(100) DEFAULT NULL,
  `contact_no` varchar(20) DEFAULT NULL,
  `password` varchar(255) DEFAULT NULL,
  PRIMARY KEY (`iitgn_id`),
  UNIQUE KEY `email_id` (`email_id`),
  UNIQUE KEY `contact_no` (`contact_no`)
) ENGINE=InnoDB DEFAULT CHARSET=utf8mb4 COLLATE=utf8mb4_0900_ai_ci;
/*!40101 SET character_set_client = @saved_cs_client */;

--
-- Dumping data for table `iitgn_member`
--

LOCK TABLES `iitgn_member` WRITE;
/*!40000 ALTER TABLE `iitgn_member` DISABLE KEYS */;
INSERT INTO `iitgn_member` VALUES (1,'Suzanne','Aronsohn','Faculty','member1@iitgn.ac.in','330-668-9170','123456'),(2,'Renae','Lamperd','Student','member2@iitgn.ac.in','724-239-8127','123456'),(3,'Ninnetta','Bartosch','Student','member3@iitgn.ac.in','585-739-8346','123456'),(4,'Almira','McGarva','Faculty','member4@iitgn.ac.in','463-429-5624','123456'),(5,'Elise','Bouller','Staff','member5@iitgn.ac.in','168-898-6598','123456'),(6,'Tudor','Patrono','Student','member6@iitgn.ac.in','801-801-0084','123456'),(7,'Inga','Scranedge','Faculty','member7@iitgn.ac.in','341-800-9861','123456'),(8,'Morissa','Trusdale','Faculty','member8@iitgn.ac.in','606-853-3864','123456'),(9,'Gannie','Cottel','Staff','member9@iitgn.ac.in','577-589-6608','123456'),(10,'Kyrstin','Wesker','Student','member10@iitgn.ac.in','595-574-9799','123456'),(11,'Whitby','Weathers','Staff','member11@iitgn.ac.in','498-132-7474','123456'),(12,'Heall','Sydenham','Faculty','hsydenhamb@apple.com','345-854-3783',NULL),(13,'Sandor','Horsey','Staff','shorseyc@omniture.com','139-376-5947',NULL),(14,'Lulita','Noddle','Student','lnoddled@bloomberg.com','863-316-2790',NULL),(15,'Eldridge','Dobbie','Student','edobbiee@qq.com','379-513-9581',NULL),(16,'Hartwell','Vina','Faculty','hvinaf@mayoclinic.com','532-662-2345',NULL),(17,'Perkin','Truwert','Student','ptruwertg@dedecms.com','669-843-8978',NULL),(18,'Loella','Dressell','Faculty','ldressellh@i2i.jp','701-882-9009',NULL),(19,'Laverne','Cutchee','Student','lcutcheei@bloomberg.com','578-163-8050',NULL),(20,'Kelli','Stratton','Staff','kstrattonj@github.com','493-762-4673',NULL),(21,'Claudelle','Laurie','Faculty','clauriek@nba.com','162-362-6278',NULL),(22,'Pancho','Legendre','Faculty','plegendrel@army.mil','520-468-8252',NULL),(23,'Hunt','Osboldstone','Faculty','hosboldstonem@lulu.com','971-808-4269',NULL),(24,'Abdel','MacDuffie','Staff','amacduffien@cocolog-nifty.com','931-895-9222',NULL),(25,'Dyana','Stobo','Faculty','dstoboo@cisco.com','946-602-0616',NULL),(26,'Erminia','Hurne','Student','ehurnep@ask.com','899-223-1988',NULL),(27,'Sid','Avory','Faculty','savoryq@upenn.edu','828-322-5578',NULL),(28,'Moses','Figgen','Staff','mfiggenr@usnews.com','764-278-0463',NULL),(29,'Gar','Chaplin','Faculty','gchaplins@fema.gov','733-416-2921',NULL),(30,'Adair','Greenham','Staff','agreenhamt@cnet.com','309-721-8203',NULL),(31,'Matty','Heersma','Student','mheersmau@issuu.com','470-299-3840',NULL),(32,'Oswald','Dorset','Staff','odorsetv@tinyurl.com','397-426-3368',NULL),(33,'Pavla','Lettley','Staff','plettleyw@surveymonkey.com','758-269-0136',NULL),(34,'Marjory','McCorrie','Staff','mmccorriex@skype.com','530-521-3032',NULL),(35,'Stefania','Sidwell','Staff','ssidwelly@samsung.com','531-477-2919',NULL),(36,'Sim','Bilovus','Student','sbilovusz@spotify.com','195-923-7192',NULL),(37,'Pansie','Petyt','Staff','ppetyt10@shutterfly.com','265-193-1683',NULL),(38,'Candida','Sheara','Staff','csheara11@123-reg.co.uk','671-511-1087',NULL),(39,'Carrie','Kemmet','Faculty','ckemmet12@ask.com','765-778-5866',NULL),(40,'Austin','Lindro','Student','alindro13@va.gov','379-885-6821',NULL),(41,'Eldin','Copcote','Faculty','ecopcote14@blog.com','509-885-1689',NULL),(42,'Theresita','Bonavia','Staff','tbonavia15@slate.com','598-750-0760',NULL),(43,'Alicia','Muddicliffe','Faculty','amuddicliffe16@wunderground.com','642-392-6407',NULL),(44,'Cristine','O\'Curran','Faculty','cocurran17@wikimedia.org','987-442-1780',NULL),(45,'Deva','Sisson','Staff','dsisson18@booking.com','433-551-8389',NULL),(46,'Jobina','Roycroft','Faculty','jroycroft19@infoseek.co.jp','878-605-0927',NULL),(47,'Corilla','Riden','Staff','criden1a@wikipedia.org','674-640-9466',NULL),(48,'Mariele','Lisimore','Staff','mlisimore1b@artisteer.com','163-850-2105',NULL),(49,'Davon','Craik','Faculty','dcraik1c@etsy.com','421-313-7121',NULL),(50,'Steward','Thomton','Student','sthomton1d@imageshack.us','187-604-5772',NULL),(51,'Jamal','O\'Lochan','Faculty','jolochan1e@wix.com','338-873-8079',NULL),(52,'Edeline','Dykas','Faculty','edykas1f@rediff.com','246-809-3075',NULL),(53,'Tom','Pakenham','Faculty','tpakenham1g@marketwatch.com','286-603-5854',NULL),(54,'Joete','Suggitt','Staff','jsuggitt1h@behance.net','204-133-8382',NULL),(55,'Anjela','Vasyaev','Staff','avasyaev1i@unc.edu','681-373-4248',NULL),(56,'Demetrius','Spere','Staff','dspere1j@wunderground.com','974-650-5590',NULL),(57,'Benny','Horley','Staff','bhorley1k@blogspot.com','151-890-8849',NULL),(58,'Maxim','Parlour','Staff','mparlour1l@list-manage.com','304-747-4072',NULL),(59,'Gates','Hulmes','Student','ghulmes1m@canalblog.com','921-869-0448',NULL),(60,'Beaufort','Guitonneau','Student','bguitonneau1n@ovh.net','401-601-9428',NULL),(61,'Virgil','di Rocca','Staff','vdirocca1o@discuz.net','541-590-1445',NULL),(62,'Rakel','Stych','Faculty','rstych1p@weebly.com','385-670-5725',NULL),(63,'Ruthe','Kryszka','Staff','rkryszka1q@dot.gov','228-213-9546',NULL),(64,'Lilli','Joel','Student','ljoel1r@google.ca','694-852-5935',NULL),(65,'Cally','Demougeot','Student','cdemougeot1s@hostgator.com','212-713-9123',NULL),(66,'Emmie','Hedley','Staff','ehedley1t@merriam-webster.com','528-466-2168',NULL),(67,'Miguelita','Norris','Faculty','mnorris1u@sohu.com','856-996-1286',NULL),(68,'Mallory','Trainor','Student','mtrainor1v@topsy.com','229-275-5320',NULL),(69,'Aurelia','O\'Neal','Student','aoneal1w@mtv.com','983-990-3312',NULL),(70,'Barbabas','Haspineall','Faculty','bhaspineall1x@independent.co.uk','874-489-8042',NULL),(71,'Hogan','Sherington','Student','hsherington1y@constantcontact.com','273-126-8248',NULL),(72,'Gaston','Peye','Student','gpeye1z@japanpost.jp','403-720-3845',NULL),(73,'Ceil','Donaho','Faculty','cdonaho20@time.com','910-996-9036',NULL),(74,'Osborn','Stow','Faculty','ostow21@huffingtonpost.com','705-690-4671',NULL),(75,'Julianna','Jentges','Staff','jjentges22@phoca.cz','469-117-5079',NULL),(76,'Marve','Rhymer','Faculty','mrhymer23@people.com.cn','937-450-7367',NULL),(77,'Eda','Boecke','Student','eboecke24@engadget.com','865-206-7926',NULL),(78,'Winifred','Chrisp','Staff','wchrisp25@sciencedaily.com','465-660-2760',NULL),(79,'Alphard','Winterflood','Student','awinterflood26@mapquest.com','317-143-1453',NULL),(80,'Adena','Lawrey','Faculty','alawrey27@nature.com','956-990-6139',NULL),(81,'Lonni','Rubinovici','Staff','lrubinovici28@furl.net','482-165-2767',NULL),(82,'Georg','Grammer','Staff','ggrammer29@drupal.org','345-425-2728',NULL),(83,'Osbourn','Kopp','Faculty','okopp2a@about.com','873-530-5083',NULL),(84,'Bridgette','Meneghi','Faculty','bmeneghi2b@dagondesign.com','482-741-2344',NULL),(85,'Daryl','Albone','Faculty','dalbone2c@fastcompany.com','588-925-8788',NULL),(86,'Pen','Habbema','Staff','phabbema2d@seesaa.net','640-466-6896',NULL),(87,'Chilton','Skelton','Staff','cskelton2e@fastcompany.com','664-148-3859',NULL),(88,'Iver','Colly','Student','icolly2f@vkontakte.ru','813-135-9757',NULL),(89,'Dur','Rosini','Staff','drosini2g@lycos.com','814-653-2751',NULL),(90,'Paola','Greenrodd','Staff','pgreenrodd2h@artisteer.com','254-729-3139',NULL),(91,'Jill','Jurkiewicz','Student','jjurkiewicz2i@unc.edu','985-829-7362',NULL),(92,'Maxine','Averill','Staff','maverill2j@ycombinator.com','638-307-3179',NULL),(93,'Stacie','Ralling','Staff','sralling2k@amazonaws.com','545-966-8494',NULL),(94,'Celinda','Cubley','Student','ccubley2l@independent.co.uk','863-798-7648',NULL),(95,'Gaile','Seakings','Staff','gseakings2m@cpanel.net','633-545-6042',NULL),(96,'Ibbie','Philcott','Student','iphilcott2n@abc.net.au','768-572-3132',NULL),(97,'Daloris','Shawyers','Faculty','dshawyers2o@cam.ac.uk','717-455-9350',NULL),(98,'Maurizio','Karle','Student','mkarle2p@privacy.gov.au','876-926-2416',NULL),(99,'Willard','Gollop','Faculty','wgollop2q@w3.org','483-350-8329',NULL),(100,'Dayna','MacTimpany','Staff','dmactimpany2r@mozilla.org','159-366-9837',NULL),(101,'Jillana','Purdon','Staff','jpurdon2s@myspace.com','489-746-4032',NULL),(102,'Berny','Tailby','Staff','btailby2t@xing.com','232-956-2276',NULL),(103,'Norris','Cronin','Staff','ncronin2u@people.com.cn','938-432-9406',NULL),(104,'Elsy','Brooksbank','Student','ebrooksbank2v@uol.com.br','356-329-7132',NULL),(105,'Lisle','Waters','Faculty','lwaters2w@skype.com','957-752-5148',NULL),(106,'Karoline','Kilpatrick','Staff','kkilpatrick2x@barnesandnoble.com','123-439-5952',NULL),(107,'Lamont','Dyke','Faculty','ldyke2y@spiegel.de','344-892-8004',NULL),(108,'Davide','Overnell','Staff','dovernell2z@qq.com','616-914-9972',NULL),(109,'Cthrine','Tuison','Staff','ctuison30@harvard.edu','535-988-6475',NULL),(110,'Ferrell','Carass','Staff','fcarass31@usnews.com','212-627-5262',NULL),(111,'Emogene','Renforth','Faculty','erenforth32@elegantthemes.com','790-240-0110',NULL),(112,'Jacinda','Cartwright','Student','jcartwright33@toplist.cz','847-856-2520',NULL),(113,'Ileana','La Padula','Faculty','ilapadula34@bbc.co.uk','466-578-4266',NULL),(114,'Douglass','Edmeades','Faculty','dedmeades35@godaddy.com','347-728-3102',NULL),(115,'Betti','Shuter','Faculty','bshuter36@symantec.com','533-559-1195',NULL),(116,'Lina','Eldrid','Faculty','leldrid37@posterous.com','144-301-4302',NULL),(117,'Templeton','Henricsson','Student','thenricsson38@shop-pro.jp','711-984-8452',NULL),(118,'Eudora','Craigmile','Student','ecraigmile39@cpanel.net','825-930-2565',NULL),(119,'Berton','Maccrea','Staff','bmaccrea3a@soundcloud.com','436-848-9364',NULL),(120,'Cristine','Vedstra','Staff','cvedstra3b@google.ru','812-512-8866',NULL),(121,'Lilah','Reynoollds','Student','lreynoollds3c@wordpress.com','250-338-9480',NULL),(122,'Kent','Bodocs','Faculty','kbodocs3d@dyndns.org','745-214-1226',NULL),(123,'Armstrong','Gasparro','Student','agasparro3e@hc360.com','615-851-7846',NULL),(124,'Ketti','Case','Faculty','kcase3f@moonfruit.com','866-983-9408',NULL),(125,'Marcia','Langthorne','Faculty','mlangthorne3g@google.com.au','475-493-8207',NULL),(126,'Shanie','Bowyer','Faculty','sbowyer3h@wordpress.org','955-834-1530',NULL),(127,'Roanna','Hymers','Staff','rhymers3i@storify.com','991-859-6475',NULL),(128,'Heriberto','Penhall','Faculty','hpenhall3j@biglobe.ne.jp','809-109-3292',NULL),(129,'Carolann','Leaming','Staff','cleaming3k@noaa.gov','492-659-5921',NULL),(130,'Griffie','Breton','Student','gbreton3l@sina.com.cn','311-219-3124',NULL),(131,'Traci','Zucker','Faculty','tzucker3m@gmpg.org','814-542-0037',NULL),(132,'Marielle','Liversley','Faculty','mliversley3n@bloglovin.com','579-927-9929',NULL),(133,'Geneva','Covert','Faculty','gcovert3o@ca.gov','362-216-2049',NULL),(134,'Bearnard','Saben','Staff','bsaben3p@twitter.com','497-859-7379',NULL),(135,'Dawna','Manketell','Faculty','dmanketell3q@cmu.edu','453-150-9945',NULL),(136,'Iris','Stockey','Staff','istockey3r@thetimes.co.uk','842-332-8637',NULL),(137,'Biron','Weatherall','Staff','bweatherall3s@gnu.org','551-155-4304',NULL),(138,'Emmit','MacAiline','Faculty','emacailine3t@myspace.com','193-278-0720',NULL),(139,'Josias','MacTrustey','Student','jmactrustey3u@csmonitor.com','504-736-9979',NULL),(140,'Harley','Bewsy','Staff','hbewsy3v@behance.net','323-807-3047',NULL),(141,'Putnem','Cartlidge','Faculty','pcartlidge3w@myspace.com','916-429-5136',NULL),(142,'Jodi','Tyrwhitt','Staff','jtyrwhitt3x@dmoz.org','976-893-4685',NULL),(143,'Lemuel','Obray','Staff','lobray3y@google.co.uk','116-844-5957',NULL),(144,'Layne','Blazek','Faculty','lblazek3z@sina.com.cn','122-432-3153',NULL),(145,'Melisse','Bonnett','Staff','mbonnett40@marriott.com','103-806-6524',NULL),(146,'Anton','Troke','Faculty','atroke41@seesaa.net','807-208-2642',NULL),(147,'Evyn','Joye','Student','ejoye42@discuz.net','590-908-2305',NULL),(148,'Bealle','Jellicorse','Student','bjellicorse43@who.int','138-315-3611',NULL),(149,'Jarid','Richarz','Faculty','jricharz44@123-reg.co.uk','399-925-1702',NULL),(150,'Ninon','Paolone','Student','npaolone45@shareasale.com','752-554-6641',NULL),(151,'Mela','Twist','Faculty','mtwist46@gov.uk','294-588-6880',NULL),(152,'Tory','Driscoll','Student','tdriscoll47@multiply.com','598-797-9483',NULL),(153,'Red','Jacobson','Student','rjacobson48@home.pl','137-827-5266',NULL),(154,'Tally','Ferrey','Faculty','tferrey49@networkadvertising.org','822-816-2814',NULL),(155,'Parnell','Keegan','Student','pkeegan4a@diigo.com','893-156-0356',NULL),(156,'Alfonso','Van Waadenburg','Student','avanwaadenburg4b@rakuten.co.jp','858-814-0857',NULL),(157,'Aidan','Geillier','Faculty','ageillier4c@ebay.com','460-454-2555',NULL),(158,'Jenelle','MacDuff','Staff','jmacduff4d@sfgate.com','244-200-0213',NULL),(159,'Sula','Cough','Faculty','scough4e@apache.org','793-743-7431',NULL),(160,'Pennie','Morrall','Faculty','pmorrall4f@linkedin.com','326-490-6337',NULL),(161,'Maxim','Bister','Staff','mbister4g@istockphoto.com','379-895-8242',NULL),(162,'Mirna','Akers','Student','makers4h@xing.com','650-675-0503',NULL),(163,'Paco','Bader','Faculty','pbader4i@wikispaces.com','997-124-3224',NULL),(164,'Rance','Marrow','Staff','rmarrow4j@last.fm','686-522-6416',NULL),(165,'Mord','Bearcroft','Student','mbearcroft4k@state.gov','202-176-4326',NULL),(166,'Carmelia','Christopher','Faculty','cchristopher4l@redcross.org','368-279-9730',NULL),(167,'Mischa','Gauche','Student','mgauche4m@disqus.com','777-400-8151',NULL),(168,'Charyl','Franzonello','Staff','cfranzonello4n@rediff.com','326-253-7456',NULL),(169,'Alyse','Silvers','Student','asilvers4o@ihg.com','966-207-6529',NULL),(170,'Mahmud','Shimmings','Faculty','mshimmings4p@vimeo.com','340-559-0985',NULL),(171,'Caryn','Gye','Student','cgye4q@wikipedia.org','420-800-3404',NULL),(172,'Nicki','Buckle','Student','nbuckle4r@senate.gov','929-759-5912',NULL),(173,'Gordy','De Vere','Student','gdevere4s@taobao.com','323-310-2868',NULL),(174,'Velvet','Cullerne','Staff','vcullerne4t@stanford.edu','277-854-3926',NULL),(175,'Eolanda','Douty','Faculty','edouty4u@github.io','758-711-5053',NULL),(176,'Myron','Maylott','Student','mmaylott4v@liveinternet.ru','189-362-7502',NULL),(177,'Brietta','Showell','Faculty','bshowell4w@tripadvisor.com','949-856-4145',NULL),(178,'Nev','Tunuy','Student','ntunuy4x@umich.edu','806-296-5989',NULL),(179,'Kile','Drohun','Faculty','kdrohun4y@alibaba.com','706-775-2009',NULL),(180,'Gabrila','Fawthorpe','Faculty','gfawthorpe4z@nytimes.com','902-386-8827',NULL),(181,'Stacee','Gentner','Student','sgentner50@geocities.com','472-114-8973',NULL),(182,'Alejandra','Manhare','Student','amanhare51@friendfeed.com','488-342-4265',NULL),(183,'Ravi','d\'Arcy','Staff','rdarcy52@soup.io','494-678-9575',NULL),(184,'Kimmi','Genn','Faculty','kgenn53@dagondesign.com','302-883-6156',NULL),(185,'Robinet','Redolfi','Faculty','rredolfi54@blog.com','993-532-2238',NULL),(186,'Adore','Cattenach','Student','acattenach55@cbc.ca','326-515-1692',NULL),(187,'Hunt','Stranger','Student','hstranger56@cmu.edu','807-186-3564',NULL),(188,'Enos','Backshaw','Student','ebackshaw57@xrea.com','359-595-4480',NULL),(189,'Bambi','Reah','Faculty','breah58@dagondesign.com','416-323-7480',NULL),(190,'Danell','Jerman','Staff','djerman59@google.co.uk','305-973-4045',NULL),(191,'Chastity','Pascall','Staff','cpascall5a@nhs.uk','479-303-9653',NULL),(192,'Bren','Durant','Staff','bdurant5b@google.co.uk','614-469-1019',NULL),(193,'Nani','Burchnall','Student','nburchnall5c@huffingtonpost.com','548-833-1584',NULL),(194,'Chloe','Nilges','Faculty','cnilges5d@is.gd','716-739-0820',NULL),(195,'Johnathon','Abbatt','Staff','jabbatt5e@apple.com','660-121-2267',NULL),(196,'Meagan','Mawson','Student','mmawson5f@jimdo.com','852-829-1101',NULL),(197,'Nicholle','Strathern','Student','nstrathern5g@youtube.com','483-609-8927',NULL),(198,'Zandra','Grahl','Staff','zgrahl5h@uiuc.edu','912-749-8565',NULL),(199,'Vivi','Christley','Staff','vchristley5i@reddit.com','454-578-3652',NULL),(200,'Ardeen','Melbert','Student','amelbert5j@nydailynews.com','749-927-2038',NULL),(201,'Seymour','Southwick','Student','ssouthwick5k@sciencedaily.com','710-425-8464',NULL),(202,'Gibbie','O\'Dowgaine','Faculty','godowgaine5l@1und1.de','348-425-0687',NULL),(203,'Tedda','Joburn','Student','tjoburn5m@indiegogo.com','384-712-7886',NULL),(204,'Morlee','Gaggen','Faculty','mgaggen5n@mediafire.com','729-784-2284',NULL),(205,'Alys','Blaine','Faculty','ablaine5o@wufoo.com','851-732-0780',NULL),(206,'Moishe','Rotter','Faculty','mrotter5p@angelfire.com','768-701-5859',NULL),(207,'Gavrielle','Philipsen','Staff','gphilipsen5q@google.com.hk','164-386-9263',NULL),(208,'Patton','Drennan','Staff','pdrennan5r@harvard.edu','403-830-8036',NULL),(209,'Layton','Muck','Faculty','lmuck5s@sina.com.cn','397-167-5421',NULL),(210,'Gardener','Woodyear','Faculty','gwoodyear5t@google.cn','647-385-0566',NULL),(211,'Benetta','McCambridge','Staff','bmccambridge5u@ft.com','383-284-3503',NULL),(212,'Borden','Meegan','Faculty','bmeegan5v@is.gd','116-630-7578',NULL),(213,'Finlay','Crackett','Faculty','fcrackett5w@taobao.com','450-565-7482',NULL),(214,'Mack','Dabes','Faculty','mdabes5x@mayoclinic.com','191-398-9637',NULL),(215,'Ezmeralda','Cowl','Faculty','ecowl5y@ox.ac.uk','874-772-7551',NULL),(216,'Ludovico','Gomar','Staff','lgomar5z@friendfeed.com','452-529-9498',NULL),(217,'Gannie','Filasov','Faculty','gfilasov60@godaddy.com','714-447-8298',NULL),(218,'Celisse','Atkyns','Staff','catkyns61@economist.com','798-396-9062',NULL),(219,'Annaliese','Matskevich','Faculty','amatskevich62@economist.com','762-330-3765',NULL),(220,'Rafe','Arnout','Staff','rarnout63@psu.edu','969-949-9117',NULL),(221,'Winnie','Wennington','Staff','wwennington64@hatena.ne.jp','547-863-4043',NULL),(222,'Way','Longridge','Student','wlongridge65@freewebs.com','765-374-4231',NULL),(223,'Vick','Caberas','Staff','vcaberas66@webeden.co.uk','413-861-7764',NULL),(224,'Hillel','Oades','Student','hoades67@unblog.fr','524-117-8564',NULL),(225,'Efrem','Donovin','Staff','edonovin68@shinystat.com','318-902-9279',NULL),(226,'Wade','Quinet','Staff','wquinet69@livejournal.com','900-128-0700',NULL),(227,'Lillian','Jeary','Student','ljeary6a@bbb.org','413-314-0015',NULL),(228,'Minda','Forton','Faculty','mforton6b@hud.gov','164-978-0292',NULL),(229,'Faina','Pepi','Faculty','fpepi6c@shop-pro.jp','621-376-5020',NULL),(230,'Harrietta','Atcheson','Faculty','hatcheson6d@de.vu','117-506-3785',NULL),(231,'Milena','Lechmere','Staff','mlechmere6e@nytimes.com','282-382-2358',NULL),(232,'Ami','Zoppo','Student','azoppo6f@plala.or.jp','979-263-2623',NULL),(233,'Lanie','Pounds','Staff','lpounds6g@google.fr','330-822-8475',NULL),(234,'Michel','Enston','Staff','menston6h@imgur.com','692-729-2732',NULL),(235,'Patrick','Henriquet','Faculty','phenriquet6i@typepad.com','728-601-7718',NULL),(236,'Horten','Perroni','Staff','hperroni6j@studiopress.com','104-647-5877',NULL),(237,'Loralee','Karczinski','Student','lkarczinski6k@desdev.cn','476-524-4381',NULL),(238,'Bobbee','Blofeld','Student','bblofeld6l@state.gov','629-125-7678',NULL),(239,'Peta','Robjant','Faculty','probjant6m@bbc.co.uk','555-676-9794',NULL),(240,'Blondelle','Gush','Student','bgush6n@smugmug.com','918-481-5221',NULL),(241,'Kaja','Guitton','Faculty','kguitton6o@indiegogo.com','444-693-6498',NULL),(242,'Alfonse','Olyff','Faculty','aolyff6p@360.cn','221-910-5203',NULL),(243,'Cristobal','Commings','Faculty','ccommings6q@senate.gov','125-534-5898',NULL),(244,'Julita','Masham','Faculty','jmasham6r@drupal.org','384-413-1205',NULL),(245,'Jens','MacNair','Staff','jmacnair6s@amazon.co.jp','539-764-6813',NULL),(246,'Theodosia','Johansen','Staff','tjohansen6t@mozilla.com','585-685-1627',NULL),(247,'Conni','Hogsden','Staff','chogsden6u@xinhuanet.com','999-703-2400',NULL),(248,'Wyatan','Sibthorp','Faculty','wsibthorp6v@1und1.de','242-424-6943',NULL),(249,'Roth','Cogdon','Student','rcogdon6w@istockphoto.com','984-712-8595',NULL),(250,'Sherrie','Bridges','Faculty','sbridges6x@example.com','622-149-5072',NULL),(251,'Madlin','Arnett','Staff','marnett6y@smugmug.com','741-275-9125',NULL),(252,'Aldridge','Greve','Staff','agreve6z@sfgate.com','310-449-1288',NULL),(253,'Marti','Demougeot','Faculty','mdemougeot70@cafepress.com','274-759-2355',NULL),(254,'Beth','Coudray','Student','bcoudray71@flickr.com','268-850-6321',NULL),(255,'York','Melody','Student','ymelody72@usda.gov','364-268-5735',NULL),(256,'Arabela','Kment','Faculty','akment73@wix.com','216-745-2554',NULL),(257,'Lilian','Cullimore','Faculty','lcullimore74@free.fr','562-548-5250',NULL),(258,'Eileen','Rahl','Student','erahl75@topsy.com','184-924-3673',NULL),(259,'Mariya','Diaper','Faculty','mdiaper76@examiner.com','949-407-5969',NULL),(260,'Lucila','Anselm','Student','lanselm77@dailymail.co.uk','492-712-2364',NULL),(261,'Gilli','Aupol','Faculty','gaupol78@psu.edu','461-337-8079',NULL),(262,'Nehemiah','Hurtado','Student','nhurtado79@google.com.hk','154-609-1173',NULL),(263,'Dwight','Carcas','Staff','dcarcas7a@china.com.cn','677-305-4298',NULL),(264,'Tilly','Gamlyn','Student','tgamlyn7b@merriam-webster.com','704-620-1385',NULL),(265,'Yolanda','Dracey','Student','ydracey7c@qq.com','889-876-4730',NULL),(266,'Cristine','Feldheim','Faculty','cfeldheim7d@gnu.org','852-882-7143',NULL),(267,'Ekaterina','Riggert','Faculty','eriggert7e@webnode.com','573-347-3287',NULL),(268,'Giraldo','Lacasa','Faculty','glacasa7f@msn.com','474-481-9983',NULL),(269,'Bo','Caudrelier','Faculty','bcaudrelier7g@who.int','410-764-7430',NULL),(270,'Ginger','Godmar','Staff','ggodmar7h@unblog.fr','122-502-7362',NULL),(271,'Gwenni','Dreelan','Faculty','gdreelan7i@globo.com','978-151-2756',NULL),(272,'Richy','Struis','Staff','rstruis7j@chronoengine.com','892-844-9900',NULL),(273,'Jon','Pund','Student','jpund7k@skype.com','199-303-1577',NULL),(274,'Del','Philippson','Staff','dphilippson7l@about.com','359-660-1352',NULL),(275,'Ryan','Radbourn','Staff','rradbourn7m@usda.gov','173-388-0550',NULL),(276,'Archibaldo','Elcott','Faculty','aelcott7n@baidu.com','780-810-9013',NULL),(277,'Joane','MacRinn','Student','jmacrinn7o@vk.com','850-337-0104',NULL),(278,'Codi','McAsgill','Student','cmcasgill7p@angelfire.com','548-539-4371',NULL),(279,'Martina','Juanes','Faculty','mjuanes7q@mashable.com','669-231-2691',NULL),(280,'Ceciley','Tennant','Faculty','ctennant7r@mail.ru','514-645-5767',NULL),(281,'Tibold','Ollerhad','Faculty','tollerhad7s@answers.com','260-184-9724',NULL),(282,'Minnie','Dugget','Staff','mdugget7t@friendfeed.com','538-865-0750',NULL),(283,'Aldis','Gilogly','Faculty','agilogly7u@bizjournals.com','256-676-4932',NULL),(284,'Normy','Caberas','Student','ncaberas7v@jiathis.com','130-201-1792',NULL),(285,'Kessia','Middas','Faculty','kmiddas7w@stanford.edu','434-905-7040',NULL),(286,'Charmian','Wloch','Student','cwloch7x@ftc.gov','668-424-5548',NULL),(287,'Gail','Fernier','Faculty','gfernier7y@slideshare.net','736-872-6211',NULL),(288,'Anderea','Toynbee','Faculty','atoynbee7z@miibeian.gov.cn','244-956-5384',NULL),(289,'Ambrosi','Schouthede','Faculty','aschouthede80@aol.com','320-623-9600',NULL),(290,'Stern','Bunner','Faculty','sbunner81@discuz.net','469-909-9290',NULL),(291,'Neron','Le Blanc','Staff','nleblanc82@google.ru','453-915-9233',NULL),(292,'Nelli','McFadin','Staff','nmcfadin83@myspace.com','934-668-7672',NULL),(293,'Clarance','Casotti','Staff','ccasotti84@usda.gov','726-701-0039',NULL),(294,'Elianora','Swateridge','Staff','eswateridge85@biblegateway.com','190-312-4537',NULL),(295,'Tyler','Toleman','Staff','ttoleman86@loc.gov','817-693-5839',NULL),(296,'Izabel','Blencoe','Staff','iblencoe87@hatena.ne.jp','557-549-5736',NULL),(297,'Stormi','Fessier','Faculty','sfessier88@mozilla.com','142-667-3766',NULL),(298,'Sammie','Rzehor','Faculty','srzehor89@wikispaces.com','721-680-2353',NULL),(299,'Petronia','Ealles','Faculty','pealles8a@angelfire.com','599-391-3046',NULL),(300,'Brenden','Please','Faculty','bplease8b@nyu.edu','881-246-0538',NULL),(301,'Roosevelt','MacLeod','Faculty','rmacleod8c@ning.com','374-252-1674',NULL),(302,'Patin','Henden','Staff','phenden8d@ustream.tv','963-945-6909',NULL),(303,'Stephen','Bevens','Staff','sbevens8e@nps.gov','279-993-0567',NULL),(304,'Jeane','Denton','Staff','jdenton8f@mit.edu','805-100-4739',NULL),(305,'Marna','McLenaghan','Student','mmclenaghan8g@g.co','329-978-5956',NULL),(306,'Megen','Tewkesbury','Student','mtewkesbury8h@merriam-webster.com','791-395-9467',NULL),(307,'Vern','Tranmer','Faculty','vtranmer8i@biblegateway.com','546-583-6818',NULL),(308,'Lexis','Southorn','Faculty','lsouthorn8j@macromedia.com','457-341-2210',NULL),(309,'Dido','Sorley','Student','dsorley8k@ft.com','643-916-8329',NULL),(310,'Aliza','Pinkett','Student','apinkett8l@usgs.gov','142-246-9596',NULL),(311,'Stanly','Bruty','Student','sbruty8m@youtube.com','173-631-8191',NULL),(312,'Haskel','Coltart','Student','hcoltart8n@cpanel.net','628-530-6138',NULL),(313,'Caryn','Golds','Student','cgolds8o@godaddy.com','178-355-1069',NULL),(314,'Clemence','Rushby','Student','crushby8p@mtv.com','678-233-1942',NULL),(315,'Neel','Harragin','Faculty','nharragin8q@theglobeandmail.com','996-396-0430',NULL),(316,'Clementius','Garbett','Faculty','cgarbett8r@answers.com','613-188-0087',NULL),(317,'Antonino','Painswick','Staff','apainswick8s@google.de','830-468-5164',NULL),(318,'Myra','Taverner','Student','mtaverner8t@icio.us','868-991-5493',NULL),(319,'Freedman','Pennycord','Faculty','fpennycord8u@meetup.com','716-191-2662',NULL),(320,'Shaun','Audas','Faculty','saudas8v@ycombinator.com','527-171-5570',NULL),(321,'Edgar','Costall','Staff','ecostall8w@amazon.com','554-820-1650',NULL),(322,'Zonda','Gilbank','Faculty','zgilbank8x@bizjournals.com','313-826-8828',NULL),(323,'Biddie','McDermot','Student','bmcdermot8y@princeton.edu','923-789-2207',NULL),(324,'Colette','Gerritzen','Student','cgerritzen8z@microsoft.com','430-722-8594',NULL),(325,'Rad','Henningham','Student','rhenningham90@cbc.ca','537-878-8645',NULL),(326,'Craggy','Esterbrook','Staff','cesterbrook91@adobe.com','582-743-2370',NULL),(327,'Riordan','Mawer','Student','rmawer92@youtube.com','382-594-4430',NULL),(328,'Jeremy','Stummeyer','Student','jstummeyer93@washington.edu','402-719-0392',NULL),(329,'Griswold','Gaynesford','Faculty','ggaynesford94@amazonaws.com','629-515-1188',NULL),(330,'Myranda','Fearns','Student','mfearns95@gravatar.com','457-726-3381',NULL),(331,'Arly','Bolingbroke','Staff','abolingbroke96@guardian.co.uk','153-967-4773',NULL),(332,'Augusto','Rudolf','Staff','arudolf97@toplist.cz','304-652-7266',NULL),(333,'Estrellita','Gauch','Student','egauch98@infoseek.co.jp','424-421-7006',NULL),(334,'Tedie','Lindelof','Student','tlindelof99@cbslocal.com','374-902-9356',NULL),(335,'Mellicent','Kluge','Student','mkluge9a@nyu.edu','571-950-2578',NULL),(336,'Sheela','Sussex','Staff','ssussex9b@flavors.me','775-595-6643',NULL),(337,'Zacharia','Sigert','Staff','zsigert9c@guardian.co.uk','977-193-6162',NULL),(338,'Luis','Coppard','Staff','lcoppard9d@flavors.me','904-578-0173',NULL),(339,'Marylynne','Yurchishin','Student','myurchishin9e@wikipedia.org','799-147-2416',NULL),(340,'Jessamyn','Ramas','Student','jramas9f@icq.com','246-347-1560',NULL),(341,'Kelly','Clell','Student','kclell9g@etsy.com','952-523-7257',NULL),(342,'Rodrique','Scardifield','Staff','rscardifield9h@usnews.com','640-548-4844',NULL),(343,'Nert','Geekin','Staff','ngeekin9i@weibo.com','304-226-1454',NULL),(344,'Crystie','Spooner','Student','cspooner9j@tmall.com','794-475-2667',NULL),(345,'Fredericka','Ganderton','Faculty','fganderton9k@netlog.com','456-223-0652',NULL),(346,'Josey','Clothier','Student','jclothier9l@japanpost.jp','864-790-3215',NULL),(347,'Inger','Poppleston','Faculty','ipoppleston9m@wufoo.com','339-743-6104',NULL),(348,'Vera','Cordes','Student','vcordes9n@etsy.com','539-139-9799',NULL),(349,'Ketty','Mattevi','Staff','kmattevi9o@elpais.com','314-827-1743',NULL),(350,'Heywood','Knottley','Student','hknottley9p@cloudflare.com','411-575-3801',NULL),(351,'Lexie','MacVean','Student','lmacvean9q@blog.com','982-575-0215',NULL),(352,'Eulalie','Bleby','Staff','ebleby9r@macromedia.com','515-778-5590',NULL),(353,'Georgia','Esby','Faculty','gesby9s@sciencedirect.com','519-350-0747',NULL),(354,'Patrice','Maharey','Faculty','pmaharey9t@google.pl','969-446-2619',NULL),(355,'Briana','Mish','Staff','bmish9u@shinystat.com','505-592-7072',NULL),(356,'Ottilie','Renner','Student','orenner9v@jimdo.com','650-184-9150',NULL),(357,'Christian','Champkin','Staff','cchampkin9w@si.edu','338-779-9819',NULL),(358,'Mischa','Gillise','Staff','mgillise9x@java.com','333-508-7263',NULL),(359,'Garrick','Mucillo','Staff','gmucillo9y@flavors.me','996-247-2866',NULL),(360,'Adey','Blackly','Faculty','ablackly9z@imdb.com','907-237-0662',NULL),(361,'Vanni','Pettigree','Faculty','vpettigreea0@europa.eu','979-503-0779',NULL),(362,'Rora','Dymock','Staff','rdymocka1@ocn.ne.jp','252-331-0350',NULL),(363,'Warner','Praten','Student','wpratena2@netlog.com','436-795-6038',NULL),(364,'Fernanda','Gillson','Staff','fgillsona3@comcast.net','693-488-1388',NULL),(365,'Kristan','Jakubovics','Faculty','kjakubovicsa4@hud.gov','505-468-2504',NULL),(366,'Randall','Maber','Staff','rmabera5@cdc.gov','965-924-6318',NULL),(367,'Dennet','Hamblin','Staff','dhamblina6@posterous.com','511-218-7741',NULL),(368,'Abrahan','Sollime','Student','asollimea7@biblegateway.com','534-330-0564',NULL),(369,'Constancy','McColgan','Faculty','cmccolgana8@chron.com','920-751-2002',NULL),(370,'Mendel','Calafate','Student','mcalafatea9@hud.gov','208-204-0410',NULL),(371,'Thebault','Tee','Staff','tteeaa@usatoday.com','761-631-4287',NULL),(372,'Meriel','Goghin','Faculty','mgoghinab@mysql.com','998-559-1676',NULL),(373,'Grissel','Stannislawski','Staff','gstannislawskiac@posterous.com','437-504-2654',NULL),(374,'Malissia','Pickthorn','Staff','mpickthornad@illinois.edu','943-370-0857',NULL),(375,'Georgi','Huggett','Student','ghuggettae@newyorker.com','405-180-8839',NULL),(376,'Fallon','Gounet','Student','fgounetaf@ehow.com','242-357-8025',NULL),(377,'Burke','MacIver','Student','bmaciverag@springer.com','666-461-0633',NULL),(378,'Salvatore','Baddam','Staff','sbaddamah@sciencedirect.com','979-679-3461',NULL),(379,'Nathalie','Novakovic','Student','nnovakovicai@gmpg.org','137-118-9652',NULL),(380,'Eduardo','Southard','Faculty','esouthardaj@sourceforge.net','566-487-3221',NULL),(381,'Lebbie','Enterlein','Staff','lenterleinak@fastcompany.com','170-982-2561',NULL),(382,'Annnora','Booth-Jarvis','Staff','aboothjarvisal@globo.com','845-726-7053',NULL),(383,'Darb','Stillman','Staff','dstillmanam@businessinsider.com','655-592-5242',NULL),(384,'Thatch','Schaben','Student','tschabenan@google.pl','669-523-7327',NULL),(385,'Timothy','McPheat','Staff','tmcpheatao@histats.com','302-309-8806',NULL),(386,'Christabella','Titchmarsh','Faculty','ctitchmarshap@blogger.com','976-356-5982',NULL),(387,'Heinrick','Bonellie','Faculty','hbonellieaq@digg.com','547-202-7339',NULL),(388,'Adina','Draude','Staff','adraudear@hibu.com','426-723-0981',NULL),(389,'Raul','Woodrooffe','Faculty','rwoodrooffeas@paginegialle.it','254-766-1482',NULL),(390,'Hallie','Camerana','Student','hcameranaat@mayoclinic.com','460-597-0906',NULL),(391,'Cher','Nana','Student','cnanaau@liveinternet.ru','457-689-7397',NULL),(392,'Lindy','Stiller','Faculty','lstillerav@earthlink.net','101-522-5437',NULL),(393,'Lizabeth','Rought','Staff','lroughtaw@linkedin.com','366-480-5163',NULL),(394,'Kim','Castanos','Staff','kcastanosax@telegraph.co.uk','239-858-5237',NULL),(395,'Maribel','Gadson','Student','mgadsonay@cbsnews.com','919-655-4842',NULL),(396,'Ted','Pinching','Faculty','tpinchingaz@homestead.com','583-391-6075',NULL),(397,'Lane','Sayburn','Student','lsayburnb0@businessinsider.com','353-579-3676',NULL),(398,'Chas','Keuntje','Faculty','ckeuntjeb1@stumbleupon.com','314-619-0577',NULL),(399,'Joshia','Tregunnah','Student','jtregunnahb2@google.it','297-998-2546',NULL),(400,'Konrad','Worswick','Student','kworswickb3@usgs.gov','796-432-1519',NULL),(401,'Lacy','Solloway','Faculty','lsollowayb4@prlog.org','517-462-7744',NULL),(402,'Alissa','Caurah','Faculty','acaurahb5@arstechnica.com','747-821-6351',NULL),(403,'Drugi','Eaklee','Staff','deakleeb6@vinaora.com','823-419-8621',NULL),(404,'Stefa','Sherville','Student','sshervilleb7@globo.com','878-926-5849',NULL),(405,'Reilly','Ondra','Student','rondrab8@intel.com','554-537-2022',NULL),(406,'Kenton','Buddock','Faculty','kbuddockb9@odnoklassniki.ru','879-701-2397',NULL),(407,'Magdaia','Lobley','Faculty','mlobleyba@cmu.edu','475-336-4035',NULL),(408,'Orazio','Kerrey','Faculty','okerreybb@wiley.com','962-978-2762',NULL),(409,'Vincenty','Frantz','Faculty','vfrantzbc@nsw.gov.au','309-555-9429',NULL),(410,'Forest','Pawle','Staff','fpawlebd@google.com','839-934-7617',NULL),(411,'Corry','MacMickan','Faculty','cmacmickanbe@sogou.com','658-565-7398',NULL),(412,'Gilli','Castelin','Student','gcastelinbf@ftc.gov','757-422-4033',NULL),(413,'Fairlie','Mancell','Faculty','fmancellbg@cnn.com','461-778-2561',NULL),(414,'Erl','Deshorts','Staff','edeshortsbh@wunderground.com','562-836-6025',NULL),(415,'Taylor','Baron','Faculty','tbaronbi@clickbank.net','686-922-4221',NULL),(416,'Pate','Castanho','Staff','pcastanhobj@weibo.com','772-607-2188',NULL),(417,'Alic','Wellstood','Student','awellstoodbk@theguardian.com','471-301-9944',NULL),(418,'Joelly','Arnet','Staff','jarnetbl@dedecms.com','249-238-2066',NULL),(419,'Brandtr','Chantree','Faculty','bchantreebm@usgs.gov','776-618-3775',NULL),(420,'Virgina','Buard','Faculty','vbuardbn@springer.com','477-977-7011',NULL),(421,'Neel','Carnegie','Staff','ncarnegiebo@delicious.com','821-103-6045',NULL),(422,'Bettye','Gilstin','Student','bgilstinbp@latimes.com','607-398-1178',NULL),(423,'Tomas','McPaik','Faculty','tmcpaikbq@weibo.com','667-862-1403',NULL),(424,'Lindsey','Vearncombe','Staff','lvearncombebr@jigsy.com','611-518-2199',NULL),(425,'Rosene','Nutbean','Student','rnutbeanbs@mapy.cz','667-408-1203',NULL),(426,'Lambert','Gosnall','Student','lgosnallbt@ucla.edu','700-647-1532',NULL),(427,'Almeda','Pickavant','Staff','apickavantbu@uol.com.br','231-261-5694',NULL),(428,'Allina','de Merida','Staff','ademeridabv@army.mil','951-407-6306',NULL),(429,'Clare','Spittall','Staff','cspittallbw@msu.edu','488-909-7067',NULL),(430,'Kippy','Semble','Student','ksemblebx@archive.org','844-181-8307',NULL),(431,'Horten','Noar','Staff','hnoarby@nationalgeographic.com','214-145-5157',NULL),(432,'Edlin','Dosdale','Student','edosdalebz@stumbleupon.com','304-594-2075',NULL),(433,'Petrina','Richmond','Student','prichmondc0@shareasale.com','948-664-0620',NULL),(434,'Ava','Edworthy','Student','aedworthyc1@cbsnews.com','330-541-1800',NULL),(435,'Worth','Bass','Staff','wbassc2@google.co.uk','575-836-4687',NULL),(436,'Codee','Blaskett','Staff','cblaskettc3@craigslist.org','236-639-6544',NULL),(437,'Garnet','Epilet','Student','gepiletc4@storify.com','302-909-6344',NULL),(438,'Rivalee','Romeril','Student','rromerilc5@eventbrite.com','564-458-8738',NULL),(439,'Elihu','Skones','Faculty','eskonesc6@themeforest.net','292-202-1007',NULL),(440,'Thedrick','O\'Cannovane','Student','tocannovanec7@hostgator.com','210-433-5133',NULL),(441,'Orren','McCusker','Staff','omccuskerc8@yolasite.com','425-446-6061',NULL),(442,'Jocko','McArd','Staff','jmcardc9@ameblo.jp','869-302-4030',NULL),(443,'Caro','Elwood','Staff','celwoodca@psu.edu','274-347-1644',NULL),(444,'Cara','Leatherland','Student','cleatherlandcb@sciencedirect.com','763-665-4096',NULL),(445,'Cybill','Maro','Student','cmarocc@taobao.com','198-158-8256',NULL),(446,'Keven','Horlick','Student','khorlickcd@reverbnation.com','466-857-8931',NULL),(447,'Elset','Michallat','Faculty','emichallatce@xinhuanet.com','432-850-7578',NULL),(448,'Christoper','Wallworth','Staff','cwallworthcf@wunderground.com','444-586-5383',NULL),(449,'Gram','Mycock','Faculty','gmycockcg@loc.gov','115-416-3531',NULL),(450,'Aldridge','Dumbrell','Staff','adumbrellch@npr.org','213-181-3140',NULL),(451,'Traci','Grinsdale','Faculty','tgrinsdaleci@quantcast.com','820-886-3553',NULL),(452,'Willy','Stork','Staff','wstorkcj@blogs.com','420-448-8103',NULL),(453,'Tarra','Jolliss','Staff','tjollissck@state.tx.us','971-585-3853',NULL),(454,'Jerrold','Burdas','Student','jburdascl@reddit.com','661-824-8753',NULL),(455,'Florence','Willoughey','Student','fwillougheycm@aol.com','876-178-5036',NULL),(456,'Joanne','Bollands','Student','jbollandscn@e-recht24.de','961-333-7522',NULL),(457,'Sosanna','Sales','Faculty','ssalesco@canalblog.com','845-716-3909',NULL),(458,'Doro','Crinson','Student','dcrinsoncp@odnoklassniki.ru','177-217-7077',NULL),(459,'Kilian','McInulty','Staff','kmcinultycq@topsy.com','418-314-2096',NULL),(460,'Abraham','Sikorsky','Staff','asikorskycr@arstechnica.com','182-641-0105',NULL),(461,'Genni','Hercules','Student','gherculescs@bloomberg.com','973-978-8313',NULL),(462,'Orsa','Ventum','Student','oventumct@prweb.com','697-593-8818',NULL),(463,'Isaiah','Tweddell','Staff','itweddellcu@msu.edu','885-353-7468',NULL),(464,'Ginni','Corday','Staff','gcordaycv@purevolume.com','714-636-6844',NULL),(465,'Darcy','Hellewell','Student','dhellewellcw@over-blog.com','893-123-2522',NULL),(466,'Odessa','Lorans','Staff','oloranscx@nasa.gov','240-115-7308',NULL),(467,'Agathe','Boliver','Staff','abolivercy@biblegateway.com','958-970-8464',NULL),(468,'Caye','Bultitude','Student','cbultitudecz@purevolume.com','434-825-2597',NULL),(469,'Aluin','Leakner','Student','aleaknerd0@liveinternet.ru','214-943-4604',NULL),(470,'Timothea','Attiwill','Student','tattiwilld1@drupal.org','562-680-2149',NULL),(471,'Louisa','Spall','Faculty','lspalld2@pinterest.com','571-728-3491',NULL),(472,'Amalita','Ogborn','Faculty','aogbornd3@amazon.com','334-251-3576',NULL),(473,'Lyndsey','Ranyelld','Staff','lranyelldd4@csmonitor.com','325-665-6057',NULL),(474,'Nancey','Hendren','Faculty','nhendrend5@harvard.edu','896-852-2145',NULL),(475,'Gerardo','Breeton','Staff','gbreetond6@photobucket.com','952-741-0096',NULL),(476,'Kathleen','Cassells','Student','kcassellsd7@behance.net','717-455-1881',NULL),(477,'Pavlov','Shafto','Student','pshaftod8@phoca.cz','430-123-9103',NULL),(478,'Gwenore','Mack','Faculty','gmackd9@over-blog.com','965-160-7491',NULL),(479,'Queenie','Van De Cappelle','Staff','qvandecappelleda@yelp.com','345-128-7701',NULL),(480,'Phylys','Lowrey','Faculty','plowreydb@soundcloud.com','954-569-6180',NULL),(481,'Dallon','Westhoff','Student','dwesthoffdc@google.nl','823-465-4607',NULL),(482,'Bertha','Greville','Faculty','bgrevilledd@yahoo.co.jp','494-757-8684',NULL),(483,'Thibaut','Alfonsetto','Staff','talfonsettode@wp.com','923-801-1740',NULL),(484,'Gisella','Fenich','Student','gfenichdf@ca.gov','571-131-8248',NULL),(485,'Stanleigh','Durban','Faculty','sdurbandg@studiopress.com','677-466-2508',NULL),(486,'Ewen','Olpin','Staff','eolpindh@51.la','386-772-0256',NULL),(487,'Susanne','Jull','Student','sjulldi@360.cn','108-126-5173',NULL),(488,'Ynez','Raveau','Faculty','yraveaudj@symantec.com','673-288-8973',NULL),(489,'Rose','Impett','Faculty','rimpettdk@cmu.edu','988-705-4037',NULL),(490,'Blondy','Rayment','Student','braymentdl@printfriendly.com','588-195-6943',NULL),(491,'Boyce','Lafrentz','Faculty','blafrentzdm@creativecommons.org','277-374-5235',NULL),(492,'Helaina','Hurt','Student','hhurtdn@squarespace.com','949-546-1029',NULL),(493,'Buddy','Purkis','Student','bpurkisdo@artisteer.com','491-443-6210',NULL),(494,'Meggi','Morrid','Staff','mmorriddp@goodreads.com','644-252-3571',NULL),(495,'Isabelita','Baddeley','Student','ibaddeleydq@si.edu','794-595-0015',NULL),(496,'Janetta','Berriman','Staff','jberrimandr@cdbaby.com','431-308-9979',NULL),(497,'Leland','Hanstock','Student','lhanstockds@ucla.edu','404-408-8865',NULL),(498,'Adriena','Jendas','Staff','ajendasdt@simplemachines.org','134-350-6277',NULL),(499,'Scott','Blackie','Student','sblackiedu@cbslocal.com','518-978-3293',NULL),(500,'Bellanca','De Beneditti','Faculty','bdebenedittidv@t-online.de','612-924-4054',NULL),(501,'Deidre','Barltrop','Staff','dbarltropdw@redcross.org','906-250-7541',NULL),(502,'Saunders','Fowlie','Faculty','sfowliedx@csmonitor.com','210-189-9727',NULL),(503,'Sue','Matthieson','Student','smatthiesondy@bluehost.com','370-165-5258',NULL),(504,'Raquel','O\'Rodane','Faculty','rorodanedz@xinhuanet.com','464-913-6367',NULL),(505,'Esther','Novik','Faculty','enovike0@qq.com','948-993-5524',NULL),(506,'Conchita','Castanho','Faculty','ccastanhoe1@census.gov','207-623-3149',NULL),(507,'Garvy','Fredy','Faculty','gfredye2@intel.com','401-234-3071',NULL),(508,'Tawsha','Livesley','Faculty','tlivesleye3@ucla.edu','472-307-3805',NULL),(509,'Courtnay','Fanstone','Faculty','cfanstonee4@google.com','535-274-9941',NULL),(510,'Sutherlan','Crain','Faculty','scraine5@amazon.co.jp','357-138-7860',NULL),(511,'Christen','Brosius','Staff','cbrosiuse6@pen.io','503-111-4010',NULL),(512,'Kilian','Bane','Faculty','kbanee7@hp.com','618-392-0991',NULL),(513,'Wittie','Cozins','Student','wcozinse8@about.me','258-691-2575',NULL),(514,'Catlin','Ogilvy','Faculty','cogilvye9@google.nl','678-669-7850',NULL),(515,'Prisca','Cosgrove','Faculty','pcosgroveea@ebay.co.uk','557-928-7739',NULL),(516,'Lannie','Jowle','Student','ljowleeb@marketwatch.com','900-528-2342',NULL),(517,'Ebonee','MacCome','Student','emaccomeec@ycombinator.com','970-243-2321',NULL),(518,'Karolina','Ettery','Staff','ketteryed@rediff.com','509-934-1869',NULL),(519,'Steffane','Meenan','Student','smeenanee@over-blog.com','870-697-9718',NULL),(520,'Rowe','Tuberfield','Student','rtuberfieldef@nbcnews.com','713-262-1634',NULL),(521,'Hanna','Wahlberg','Staff','hwahlbergeg@imdb.com','141-312-0029',NULL),(522,'Ed','Hacquard','Faculty','ehacquardeh@bbb.org','273-415-2873',NULL),(523,'Brewster','Landeg','Faculty','blandegei@amazon.co.uk','254-182-3027',NULL),(524,'Annabell','Jolin','Faculty','ajolinej@istockphoto.com','350-498-5624',NULL),(525,'Giacinta','Lornsen','Student','glornsenek@ucoz.com','604-618-4310',NULL),(526,'Nickolaus','Preedy','Faculty','npreedyel@csmonitor.com','671-817-4223',NULL),(527,'Blaine','Waldram','Faculty','bwaldramem@sciencedaily.com','631-313-9430',NULL),(528,'Pace','Ezzle','Staff','pezzleen@blog.com','337-269-7631',NULL),(529,'Deerdre','Purver','Staff','dpurvereo@techcrunch.com','411-210-0285',NULL),(530,'Amity','Badrick','Faculty','abadrickep@army.mil','626-121-7791',NULL),(531,'Coral','Surcomb','Faculty','csurcombeq@nba.com','615-567-3760',NULL),(532,'Corette','Konmann','Faculty','ckonmanner@networkadvertising.org','652-789-2953',NULL),(533,'Michelle','Matiebe','Faculty','mmatiebees@chicagotribune.com','330-325-5635',NULL),(534,'Krishnah','Newnham','Faculty','knewnhamet@hibu.com','697-724-4840',NULL),(535,'Genni','Kitteman','Student','gkittemaneu@facebook.com','704-727-3742',NULL),(536,'Lise','Caen','Faculty','lcaenev@people.com.cn','354-772-1270',NULL),(537,'Calvin','Helder','Faculty','chelderew@gmpg.org','678-334-4489',NULL),(538,'Mufi','Postles','Staff','mpostlesex@symantec.com','491-723-8748',NULL),(539,'Lynea','Beynon','Student','lbeynoney@themeforest.net','607-645-0387',NULL),(540,'Opaline','Pealing','Faculty','opealingez@china.com.cn','155-959-3481',NULL),(541,'Enrichetta','Neary','Faculty','enearyf0@nytimes.com','402-401-0392',NULL),(542,'Ilene','Eady','Staff','ieadyf1@jimdo.com','492-820-4269',NULL),(543,'Suzie','Costell','Staff','scostellf2@theglobeandmail.com','992-669-7562',NULL),(544,'Ivette','Kiellor','Staff','ikiellorf3@reverbnation.com','345-561-4509',NULL),(545,'Modesta','Beaudry','Student','mbeaudryf4@booking.com','157-832-5844',NULL),(546,'Harv','Sympson','Faculty','hsympsonf5@google.com.au','381-689-4986',NULL),(547,'Jenna','Valerio','Faculty','jvaleriof6@marriott.com','783-283-2854',NULL),(548,'Donetta','Eaddy','Staff','deaddyf7@about.me','357-906-6995',NULL),(549,'Maje','Sarfati','Faculty','msarfatif8@photobucket.com','669-940-2082',NULL),(550,'Shirl','Escot','Student','sescotf9@cisco.com','642-817-4042',NULL),(551,'Neala','McWhorter','Staff','nmcwhorterfa@chron.com','571-449-5901',NULL),(552,'Sue','Rawcliffe','Staff','srawcliffefb@odnoklassniki.ru','975-248-4473',NULL),(553,'Lainey','Yitzovitz','Student','lyitzovitzfc@house.gov','174-657-9380',NULL),(554,'Hamish','Keers','Student','hkeersfd@fc2.com','747-138-6592',NULL),(555,'Frederico','Santino','Faculty','fsantinofe@friendfeed.com','945-287-2251',NULL),(556,'Anastasia','Darkin','Staff','adarkinff@csmonitor.com','709-878-2591',NULL),(557,'Dee dee','Dove','Staff','ddovefg@jalbum.net','652-416-1502',NULL),(558,'Brena','Tacon','Staff','btaconfh@indiatimes.com','558-684-6623',NULL),(559,'Gelya','Boig','Faculty','gboigfi@geocities.com','541-272-3773',NULL),(560,'Field','Craythorne','Student','fcraythornefj@princeton.edu','734-251-8999',NULL),(561,'Seana','Longworth','Faculty','slongworthfk@independent.co.uk','119-619-8029',NULL),(562,'Kellie','Lowey','Staff','kloweyfl@marketwatch.com','986-874-5138',NULL),(563,'Milissent','Hunnicutt','Faculty','mhunnicuttfm@g.co','140-273-3421',NULL),(564,'Sarah','Joutapavicius','Staff','sjoutapaviciusfn@usda.gov','328-669-3571',NULL),(565,'Jess','Germann','Staff','jgermannfo@earthlink.net','994-568-8327',NULL),(566,'Aguistin','Glover','Faculty','agloverfp@sfgate.com','106-766-6542',NULL),(567,'Timofei','Brazear','Faculty','tbrazearfq@sfgate.com','318-674-5396',NULL),(568,'Chandal','Soppit','Student','csoppitfr@freewebs.com','721-623-6516',NULL),(569,'Sax','Whoolehan','Staff','swhoolehanfs@toplist.cz','659-836-5255',NULL),(570,'Tana','Stobo','Student','tstoboft@histats.com','268-668-3198',NULL),(571,'Nealon','de Juares','Student','ndejuaresfu@parallels.com','285-934-5351',NULL),(572,'Meagan','Schroeder','Faculty','mschroederfv@tinyurl.com','149-553-9897',NULL),(573,'Emmit','Keaves','Faculty','ekeavesfw@tripod.com','404-966-1569',NULL),(574,'Hilliard','Levet','Faculty','hlevetfx@chicagotribune.com','376-202-9035',NULL),(575,'Daren','McCurt','Faculty','dmccurtfy@twitpic.com','889-624-5810',NULL),(576,'Muffin','Samweyes','Faculty','msamweyesfz@senate.gov','266-890-1695',NULL),(577,'Eduard','Evamy','Faculty','eevamyg0@cafepress.com','804-267-5200',NULL),(578,'Anderea','Zoanetti','Staff','azoanettig1@army.mil','876-873-8138',NULL),(579,'Lorry','Kohler','Staff','lkohlerg2@addthis.com','591-107-1140',NULL),(580,'Teddie','Valentin','Student','tvalenting3@merriam-webster.com','316-968-4653',NULL),(581,'Cammy','Heifer','Faculty','cheiferg4@quantcast.com','213-452-8666',NULL),(582,'Lizbeth','Hasling','Staff','lhaslingg5@mlb.com','572-344-6295',NULL),(583,'Edi','Coll','Student','ecollg6@dailymotion.com','344-585-7633',NULL),(584,'Rosabelle','Battelle','Faculty','rbattelleg7@ucoz.ru','454-778-1848',NULL),(585,'Dore','Cavill','Student','dcavillg8@studiopress.com','457-493-3220',NULL),(586,'Amandie','Wyldbore','Student','awyldboreg9@google.de','602-251-3518',NULL),(587,'Sheryl','Anthes','Staff','santhesga@elegantthemes.com','447-223-8257',NULL),(588,'Pam','Dumingo','Staff','pdumingogb@earthlink.net','791-266-4948',NULL),(589,'Barty','Ickowics','Student','bickowicsgc@shutterfly.com','891-229-3834',NULL),(590,'Edi','Berfoot','Staff','eberfootgd@goo.gl','745-522-0897',NULL),(591,'Velma','Luppitt','Staff','vluppittge@usnews.com','238-120-2320',NULL),(592,'Bettye','Tanner','Student','btannergf@berkeley.edu','978-137-4573',NULL),(593,'Elva','Ellsbury','Staff','eellsburygg@addtoany.com','956-153-4692',NULL),(594,'Marve','MacDermand','Student','mmacdermandgh@miitbeian.gov.cn','357-434-2018',NULL),(595,'Culver','Brewer','Staff','cbrewergi@linkedin.com','922-941-4205',NULL),(596,'Serena','Riccardo','Staff','sriccardogj@about.com','569-657-4726',NULL),(597,'Aridatha','Larver','Faculty','alarvergk@wordpress.com','229-770-3171',NULL),(598,'Archibald','Treadger','Student','atreadgergl@si.edu','825-531-8056',NULL),(599,'Maddi','Cordoba','Student','mcordobagm@netvibes.com','647-772-9286',NULL),(600,'Mark','Brimilcombe','Faculty','mbrimilcombegn@taobao.com','396-338-8741',NULL),(601,'Lyda','Gasperi','Student','lgasperigo@google.com','430-372-5133',NULL),(602,'Nanni','MacCarrick','Student','nmaccarrickgp@yellowbook.com','911-687-0478',NULL),(603,'Dorise','Tocqueville','Staff','dtocquevillegq@ucoz.com','226-762-9218',NULL),(604,'Beau','Rimell','Faculty','brimellgr@live.com','626-305-7131',NULL),(605,'Whitney','Dearsley','Faculty','wdearsleygs@columbia.edu','780-900-9468',NULL),(606,'Liuka','Costin','Staff','lcostingt@mozilla.org','506-809-1267',NULL),(607,'Ammamaria','Audiss','Student','aaudissgu@ask.com','293-809-8103',NULL),(608,'Yasmeen','Dumingo','Staff','ydumingogv@unicef.org','540-504-2897',NULL),(609,'Fan','Croizier','Staff','fcroiziergw@gnu.org','111-603-9903',NULL),(610,'Niccolo','O\' Driscoll','Student','nodriscollgx@163.com','730-280-7097',NULL),(611,'Dorothy','Mullan','Faculty','dmullangy@shop-pro.jp','190-701-4884',NULL),(612,'Earvin','Westley','Staff','ewestleygz@accuweather.com','363-704-4434',NULL),(613,'Minna','Castelot','Staff','mcasteloth0@earthlink.net','529-103-7683',NULL),(614,'Monique','Ecclestone','Faculty','mecclestoneh1@dailymail.co.uk','281-517-9262',NULL),(615,'Donn','Blancowe','Student','dblancoweh2@theatlantic.com','908-694-1027',NULL),(616,'Jillayne','Keedy','Faculty','jkeedyh3@t-online.de','899-281-4999',NULL),(617,'Hort','Savoury','Student','hsavouryh4@chicagotribune.com','750-121-4470',NULL),(618,'Ellsworth','Janatka','Staff','ejanatkah5@dailymail.co.uk','536-829-9591',NULL),(619,'Liuka','Turfus','Faculty','lturfush6@indiegogo.com','186-868-9679',NULL),(620,'Layton','Lintall','Faculty','llintallh7@ft.com','471-172-5857',NULL),(621,'Bogey','Paradine','Staff','bparadineh8@cargocollective.com','438-493-2694',NULL),(622,'Alvan','Ormston','Staff','aormstonh9@psu.edu','246-672-8164',NULL),(623,'Oswald','Hounsom','Faculty','ohounsomha@yellowpages.com','748-190-5507',NULL),(624,'Brant','Boxer','Student','bboxerhb@webs.com','793-802-7351',NULL),(625,'Elli','Huyghe','Staff','ehuyghehc@alexa.com','115-501-2634',NULL),(626,'Pauline','Delue','Staff','pdeluehd@hatena.ne.jp','223-125-8228',NULL),(627,'Arabel','Campanelli','Faculty','acampanellihe@arstechnica.com','869-268-8272',NULL),(628,'Elias','Skyner','Staff','eskynerhf@amazon.com','979-323-9236',NULL),(629,'Goldy','Jills','Faculty','gjillshg@wsj.com','824-762-2434',NULL),(630,'Kevin','Epgrave','Student','kepgravehh@studiopress.com','762-579-1265',NULL),(631,'Javier','Leynton','Faculty','jleyntonhi@ted.com','712-180-4949',NULL),(632,'Celinka','Linkie','Student','clinkiehj@wikispaces.com','372-143-2163',NULL),(633,'Mikel','Turbefield','Faculty','mturbefieldhk@prweb.com','103-491-1141',NULL),(634,'Nara','Faltskog','Student','nfaltskoghl@loc.gov','809-245-3174',NULL),(635,'Fidela','Fishwick','Staff','ffishwickhm@bloglines.com','918-474-2967',NULL),(636,'Nicky','Tinan','Faculty','ntinanhn@fda.gov','629-296-7405',NULL),(637,'Rodolfo','Rogier','Faculty','rrogierho@miitbeian.gov.cn','624-156-9227',NULL),(638,'Bradly','Ross','Staff','brosshp@yahoo.co.jp','959-575-4790',NULL),(639,'Frank','Tyndall','Student','ftyndallhq@hud.gov','839-596-2396',NULL),(640,'Murray','Atwell','Faculty','matwellhr@fc2.com','346-633-6601',NULL),(641,'Harriott','Denne','Staff','hdennehs@mapquest.com','340-641-2470',NULL),(642,'Jamill','Zamboniari','Faculty','jzamboniariht@free.fr','509-158-6069',NULL),(643,'Barnard','Wilderspoon','Student','bwilderspoonhu@123-reg.co.uk','307-603-9995',NULL),(644,'Berty','Roskilly','Student','broskillyhv@tmall.com','512-413-6232',NULL),(645,'Jacklin','Ludovico','Faculty','jludovicohw@meetup.com','332-839-3885',NULL),(646,'Rad','Youel','Staff','ryouelhx@goo.gl','552-501-4993',NULL),(647,'Ransom','Tolliday','Faculty','rtollidayhy@ted.com','256-477-0467',NULL),(648,'Max','Voller','Faculty','mvollerhz@tripadvisor.com','585-888-6472',NULL),(649,'Spence','Bevis','Student','sbevisi0@hp.com','764-809-0221',NULL),(650,'Harriette','Dowson','Student','hdowsoni1@cafepress.com','553-879-0415',NULL),(651,'Allis','McCarrell','Student','amccarrelli2@tripadvisor.com','505-803-9979',NULL),(652,'Fairlie','Aleksich','Staff','faleksichi3@sohu.com','920-378-1701',NULL),(653,'Arlena','Mearing','Staff','amearingi4@artisteer.com','481-213-3699',NULL),(654,'Hardy','Boutellier','Student','hboutellieri5@diigo.com','460-367-0441',NULL),(655,'Tate','Billings','Faculty','tbillingsi6@yelp.com','751-987-1457',NULL),(656,'Arden','Cranmer','Staff','acranmeri7@parallels.com','870-905-2786',NULL),(657,'Aileen','Leech','Student','aleechi8@symantec.com','837-209-1221',NULL),(658,'Kippie','Rainy','Student','krainyi9@netvibes.com','956-513-5008',NULL),(659,'Georgena','Redsull','Faculty','gredsullia@sciencedaily.com','212-606-0788',NULL),(660,'Nalani','Leishman','Student','nleishmanib@springer.com','311-987-6173',NULL),(661,'Betsey','Eadmeads','Faculty','beadmeadsic@twitpic.com','557-478-5702',NULL),(662,'Laurel','Gurnay','Student','lgurnayid@qq.com','433-368-0052',NULL),(663,'Terrell','MacDirmid','Staff','tmacdirmidie@stumbleupon.com','913-698-7517',NULL),(664,'Adan','Harland','Student','aharlandif@themeforest.net','330-179-5242',NULL),(665,'Wye','Scotts','Faculty','wscottsig@woothemes.com','727-884-7797',NULL),(666,'Page','McCoy','Staff','pmccoyih@tmall.com','638-783-3401',NULL),(667,'Jacynth','Middup','Staff','jmiddupii@vkontakte.ru','174-722-8903',NULL),(668,'Lauritz','Hub','Staff','lhubij@histats.com','936-393-9591',NULL),(669,'Any','Sanchis','Student','asanchisik@4shared.com','172-550-9331',NULL),(670,'Julienne','Synnott','Student','jsynnottil@pinterest.com','538-176-8491',NULL),(671,'Tristam','Alpes','Student','talpesim@wikia.com','450-858-9708',NULL),(672,'Eb','Dobrowlski','Faculty','edobrowlskiin@washington.edu','783-737-9284',NULL),(673,'Rebekkah','Labitt','Student','rlabittio@163.com','739-869-8003',NULL),(674,'Jaime','Bearns','Faculty','jbearnsip@cocolog-nifty.com','660-745-6124',NULL),(675,'Ellerey','Mate','Staff','emateiq@geocities.com','875-880-8238',NULL),(676,'Kermy','Strain','Staff','kstrainir@epa.gov','348-682-1268',NULL),(677,'Tildy','Getty','Student','tgettyis@free.fr','293-787-5570',NULL),(678,'Bucky','Thorbon','Staff','bthorbonit@kickstarter.com','362-792-2865',NULL),(679,'Dorthea','Adanet','Faculty','dadanetiu@ucsd.edu','835-885-9983',NULL),(680,'Guglielma','Borrel','Staff','gborreliv@paypal.com','351-967-0153',NULL),(681,'Megen','Dyzart','Staff','mdyzartiw@vistaprint.com','593-901-2848',NULL),(682,'Sherlock','Gullberg','Staff','sgullbergix@berkeley.edu','116-436-0851',NULL),(683,'Renaud','Angrove','Faculty','rangroveiy@delicious.com','468-784-6450',NULL),(684,'Lindi','Warlaw','Staff','lwarlawiz@tripadvisor.com','241-183-9571',NULL),(685,'Thorn','Carlson','Staff','tcarlsonj0@bizjournals.com','789-486-9869',NULL),(686,'Cariotta','Bentz','Student','cbentzj1@livejournal.com','214-238-4384',NULL),(687,'Florinda','Hobell','Staff','fhobellj2@spiegel.de','378-741-5542',NULL),(688,'Smith','Fodden','Student','sfoddenj3@google.com.au','472-785-9268',NULL),(689,'Ariella','Bastian','Staff','abastianj4@oracle.com','801-264-9378',NULL),(690,'Dev','Rubbens','Faculty','drubbensj5@wiley.com','923-650-3808',NULL),(691,'Morly','McKean','Student','mmckeanj6@forbes.com','406-377-1931',NULL),(692,'Margo','Bark','Student','mbarkj7@tumblr.com','891-280-7687',NULL),(693,'Ignaz','Blum','Staff','iblumj8@tuttocitta.it','954-986-1302',NULL),(694,'Emeline','Wilmington','Staff','ewilmingtonj9@github.com','503-187-7832',NULL),(695,'Valle','Applegate','Faculty','vapplegateja@cyberchimps.com','317-985-8302',NULL),(696,'Risa','Huyton','Staff','rhuytonjb@microsoft.com','286-442-2695',NULL),(697,'Sibylle','Pengilley','Student','spengilleyjc@ucoz.ru','292-249-7846',NULL),(698,'Phillie','Kettlestringe','Faculty','pkettlestringejd@tamu.edu','189-244-0838',NULL),(699,'Hilary','Cromwell','Faculty','hcromwellje@adobe.com','398-979-4533',NULL),(700,'Waneta','Dignon','Staff','wdignonjf@dropbox.com','521-179-1200',NULL),(701,'Amitie','Dowdeswell','Faculty','adowdeswelljg@baidu.com','102-878-6475',NULL),(702,'Conn','Nice','Staff','cnicejh@auda.org.au','468-429-4323',NULL),(703,'Belinda','Wabb','Faculty','bwabbji@networksolutions.com','289-103-9137',NULL),(704,'Pris','Schultheiss','Faculty','pschultheissjj@un.org','693-471-0631',NULL),(705,'Rolland','Colkett','Faculty','rcolkettjk@youku.com','170-478-1281',NULL),(706,'Bertina','Beagin','Staff','bbeaginjl@tamu.edu','737-756-0714',NULL),(707,'Cybil','Kernermann','Student','ckernermannjm@comcast.net','329-890-4757',NULL),(708,'Melodie','Wiltshear','Faculty','mwiltshearjn@ox.ac.uk','870-186-0001',NULL),(709,'Dimitri','Nollet','Staff','dnolletjo@amazon.de','185-880-4254',NULL),(710,'Lurlene','Shreenan','Staff','lshreenanjp@mit.edu','990-274-2184',NULL),(711,'Corrianne','Dukes','Faculty','cdukesjq@redcross.org','436-656-1943',NULL),(712,'Mendy','Kliesl','Staff','mkliesljr@sourceforge.net','365-648-0717',NULL),(713,'Jakob','Spitell','Staff','jspitelljs@nasa.gov','969-677-0674',NULL),(714,'Bobbye','Anlay','Faculty','banlayjt@dion.ne.jp','361-969-2033',NULL),(715,'Bibby','Anfonsi','Faculty','banfonsiju@columbia.edu','764-235-0174',NULL),(716,'Robin','Capper','Faculty','rcapperjv@facebook.com','736-997-6803',NULL),(717,'Bo','Ramiro','Staff','bramirojw@gnu.org','547-964-5016',NULL),(718,'Charis','Cuthill','Staff','ccuthilljx@auda.org.au','183-110-8055',NULL),(719,'Conn','Ateggart','Student','categgartjy@dion.ne.jp','318-343-6046',NULL),(720,'Gardy','Gagen','Faculty','ggagenjz@ucsd.edu','607-817-5631',NULL),(721,'Herbert','Marcinkowski','Staff','hmarcinkowskik0@sphinn.com','422-509-1458',NULL),(722,'Dael','Walsh','Faculty','dwalshk1@drupal.org','512-333-7603',NULL),(723,'Constantia','Blose','Staff','cblosek2@1und1.de','854-157-8117',NULL),(724,'Lynea','Witcherley','Staff','lwitcherleyk3@networkadvertising.org','806-136-1162',NULL),(725,'Mindy','Streeter','Student','mstreeterk4@huffingtonpost.com','862-794-2267',NULL),(726,'Micky','Lamburne','Faculty','mlamburnek5@pinterest.com','233-977-1242',NULL),(727,'Araldo','Drogan','Student','adrogank6@aboutads.info','223-983-4805',NULL),(728,'Evered','Laxe','Student','elaxek7@cpanel.net','705-347-4239',NULL),(729,'Obadiah','Corsor','Faculty','ocorsork8@irs.gov','467-380-9600',NULL),(730,'Stacia','Wrotchford','Student','swrotchfordk9@newsvine.com','396-782-4023',NULL),(731,'Daniel','Conklin','Staff','dconklinka@ow.ly','312-784-7703',NULL),(732,'Amye','Pinkett','Staff','apinkettkb@pen.io','524-832-9835',NULL),(733,'Kailey','Shildrick','Staff','kshildrickkc@webs.com','863-986-9133',NULL),(734,'Nilson','Kearley','Faculty','nkearleykd@w3.org','147-939-7707',NULL),(735,'Powell','Challens','Staff','pchallenske@cafepress.com','107-225-0493',NULL),(736,'Bink','Dany','Student','bdanykf@liveinternet.ru','235-272-8907',NULL),(737,'Emmye','Crosskell','Student','ecrosskellkg@nifty.com','394-709-6965',NULL),(738,'Rica','Hill','Staff','rhillkh@foxnews.com','377-500-9366',NULL),(739,'Biddie','Di Carlo','Student','bdicarloki@de.vu','368-317-7280',NULL),(740,'Ernesta','Stannion','Staff','estannionkj@sogou.com','125-696-7870',NULL),(741,'Bartlet','Truin','Faculty','btruinkk@unblog.fr','848-928-2940',NULL),(742,'Melany','Mellon','Faculty','mmellonkl@gizmodo.com','479-452-3148',NULL),(743,'Annamarie','Fossitt','Staff','afossittkm@liveinternet.ru','208-251-4406',NULL),(744,'Marleen','Dorwood','Staff','mdorwoodkn@tripadvisor.com','837-242-1392',NULL),(745,'Amandy','Coule','Faculty','acouleko@utexas.edu','659-865-8719',NULL),(746,'Keslie','Archbutt','Student','karchbuttkp@ebay.com','782-204-0348',NULL),(747,'Fredia','D\'Aulby','Staff','fdaulbykq@uol.com.br','504-789-5286',NULL),(748,'Gauthier','Trevna','Student','gtrevnakr@huffingtonpost.com','145-829-2846',NULL),(749,'Sarita','Kohnemann','Staff','skohnemannks@wikia.com','887-700-4876',NULL),(750,'Poul','Martello','Student','pmartellokt@nba.com','341-518-7699',NULL),(751,'Rosmunda','Killimister','Staff','rkillimisterku@cornell.edu','748-772-4616',NULL),(752,'Alfy','Pauwel','Faculty','apauwelkv@opera.com','550-413-2323',NULL),(753,'Dorri','Hollerin','Student','dhollerinkw@scribd.com','302-235-0401',NULL),(754,'Julianna','Warlawe','Staff','jwarlawekx@posterous.com','402-625-7745',NULL),(755,'Jonathon','Tibbs','Student','jtibbsky@columbia.edu','225-208-3846',NULL),(756,'Ephraim','Bulcroft','Faculty','ebulcroftkz@pinterest.com','630-615-4080',NULL),(757,'Bettina','Chettle','Faculty','bchettlel0@netvibes.com','100-442-8280',NULL),(758,'Cordie','Fotherby','Student','cfotherbyl1@imgur.com','183-815-8529',NULL),(759,'Gualterio','Bellows','Staff','gbellowsl2@omniture.com','576-906-9369',NULL),(760,'Nathalia','Manjot','Faculty','nmanjotl3@sfgate.com','525-662-8662',NULL),(761,'Dacy','Ogdahl','Faculty','dogdahll4@comcast.net','316-539-1866',NULL),(762,'Ezekiel','Denerley','Student','edenerleyl5@wisc.edu','624-931-8299',NULL),(763,'Alexandros','Povey','Student','apoveyl6@harvard.edu','567-538-1360',NULL),(764,'Con','Pieter','Faculty','cpieterl7@independent.co.uk','430-202-5097',NULL),(765,'Inge','Graundisson','Faculty','igraundissonl8@theglobeandmail.com','396-874-5894',NULL),(766,'Madonna','Murricanes','Staff','mmurricanesl9@bravesites.com','385-626-0575',NULL),(767,'Joyous','Ivanitsa','Student','jivanitsala@oracle.com','645-335-2794',NULL),(768,'Nathalie','Ivashkin','Staff','nivashkinlb@fema.gov','626-715-6629',NULL),(769,'Cherye','Muddimer','Faculty','cmuddimerlc@google.com.br','437-155-6078',NULL),(770,'Devon','Kerby','Staff','dkerbyld@cbslocal.com','368-630-0789',NULL),(771,'Avis','Lages','Student','alagesle@hatena.ne.jp','822-848-0105',NULL),(772,'Garvy','Jellybrand','Student','gjellybrandlf@webnode.com','713-973-9275',NULL),(773,'Raynard','Lavender','Faculty','rlavenderlg@yellowpages.com','590-470-8113',NULL),(774,'Josh','Harme','Staff','jharmelh@t.co','428-318-9297',NULL),(775,'Darnall','Bottleson','Student','dbottlesonli@github.com','904-477-4917',NULL),(776,'Avivah','Hegden','Student','ahegdenlj@yellowbook.com','100-130-3562',NULL),(777,'Tybi','Matityahu','Staff','tmatityahulk@exblog.jp','649-959-1593',NULL),(778,'Dyanne','Folkes','Staff','dfolkesll@thetimes.co.uk','287-178-5912',NULL),(779,'Lorna','Silcocks','Staff','lsilcockslm@uol.com.br','808-564-1758',NULL),(780,'Verna','Dysert','Student','vdysertln@sciencedirect.com','794-212-3064',NULL),(781,'Alfredo','Chesser','Student','achesserlo@mediafire.com','904-673-2537',NULL),(782,'Iolande','Madders','Faculty','imadderslp@youtube.com','840-574-8079',NULL),(783,'Francesco','Kellert','Faculty','fkellertlq@narod.ru','817-652-3905',NULL),(784,'Orly','Heigold','Staff','oheigoldlr@mayoclinic.com','148-871-8045',NULL),(785,'Derk','Couttes','Faculty','dcouttesls@intel.com','780-432-5362',NULL),(786,'Celesta','Nyssens','Faculty','cnyssenslt@godaddy.com','305-911-1723',NULL),(787,'Asia','Fison','Staff','afisonlu@dedecms.com','198-866-1737',NULL),(788,'Darlene','Lacky','Faculty','dlackylv@prnewswire.com','463-217-0962',NULL),(789,'Kristien','Leupold','Faculty','kleupoldlw@list-manage.com','653-277-9132',NULL),(790,'Alleen','Santora','Student','asantoralx@pbs.org','277-619-1278',NULL),(791,'Dulcinea','Cassimer','Staff','dcassimerly@goo.gl','781-957-0665',NULL),(792,'Brennen','Turfes','Faculty','bturfeslz@dedecms.com','963-395-7885',NULL),(793,'Clarissa','Hanham','Faculty','chanhamm0@java.com','148-406-4895',NULL),(794,'Rustie','Hugonin','Staff','rhugoninm1@bizjournals.com','368-142-4578',NULL),(795,'Meggy','Tomaszkiewicz','Staff','mtomaszkiewiczm2@ucsd.edu','605-213-1727',NULL),(796,'Shurlock','Callow','Staff','scallowm3@huffingtonpost.com','164-576-8463',NULL),(797,'Jannel','Olivo','Staff','jolivom4@blinklist.com','726-251-7450',NULL),(798,'Burr','Sket','Staff','bsketm5@cloudflare.com','745-832-2980',NULL),(799,'Chrissie','Rammell','Faculty','crammellm6@businessweek.com','621-827-4652',NULL),(800,'Gabriell','Wolford','Faculty','gwolfordm7@google.es','298-404-5140',NULL),(801,'Malia','Bullent','Staff','mbullentm8@google.it','858-997-4897',NULL),(802,'Brig','Isakson','Staff','bisaksonm9@google.pl','121-388-0900',NULL),(803,'Germain','Nary','Faculty','gnaryma@moonfruit.com','561-468-4050',NULL),(804,'Turner','Chatten','Faculty','tchattenmb@reference.com','494-548-9946',NULL),(805,'Lola','Milesap','Faculty','lmilesapmc@1und1.de','385-940-0939',NULL),(806,'Junie','Fountaine','Faculty','jfountainemd@shinystat.com','652-880-6308',NULL),(807,'Woodman','Tuerena','Student','wtuerename@va.gov','316-507-5269',NULL),(808,'Jasmina','Raeside','Staff','jraesidemf@feedburner.com','757-603-5043',NULL),(809,'Melosa','Allmann','Student','mallmannmg@qq.com','652-247-0726',NULL),(810,'Renaldo','Gullen','Faculty','rgullenmh@redcross.org','929-665-1038',NULL),(811,'Candice','Shottin','Staff','cshottinmi@bloglines.com','332-940-5448',NULL),(812,'Lanie','Siddle','Staff','lsiddlemj@salon.com','923-253-9608',NULL),(813,'Jany','Abramcik','Staff','jabramcikmk@sun.com','635-291-2933',NULL),(814,'Phylys','Buggs','Staff','pbuggsml@altervista.org','349-590-2668',NULL),(815,'Amii','Barraclough','Staff','abarracloughmm@fotki.com','557-824-1564',NULL),(816,'Hale','Pimer','Faculty','hpimermn@imageshack.us','772-704-0478',NULL),(817,'Garek','Lerwill','Faculty','glerwillmo@soundcloud.com','281-610-4693',NULL),(818,'Hulda','Pyle','Student','hpylemp@prnewswire.com','902-387-8988',NULL),(819,'Carmon','Paviour','Staff','cpaviourmq@smugmug.com','441-330-1208',NULL),(820,'Laraine','Gebuhr','Student','lgebuhrmr@taobao.com','896-192-0629',NULL),(821,'Rafa','Jentgens','Student','rjentgensms@imdb.com','679-340-0924',NULL),(822,'Tedman','Landrean','Staff','tlandreanmt@craigslist.org','821-575-3621',NULL),(823,'Ximenez','Simak','Student','xsimakmu@google.com','969-257-9077',NULL),(824,'Lewes','Petroff','Faculty','lpetroffmv@utexas.edu','463-463-9458',NULL),(825,'Mile','McLean','Faculty','mmcleanmw@vinaora.com','640-854-0832',NULL),(826,'Pernell','Wilshire','Faculty','pwilshiremx@jalbum.net','426-380-0283',NULL),(827,'Beale','Gabbitas','Student','bgabbitasmy@toplist.cz','507-729-1972',NULL),(828,'Vernen','Chatelain','Student','vchatelainmz@illinois.edu','871-539-8470',NULL),(829,'Iormina','Twiddy','Staff','itwiddyn0@google.com.au','368-387-5797',NULL),(830,'Heather','Mellmer','Staff','hmellmern1@imdb.com','545-458-3418',NULL),(831,'Crosby','Ivchenko','Faculty','civchenkon2@amazon.co.jp','344-646-3750',NULL),(832,'Ferne','McBeith','Staff','fmcbeithn3@hud.gov','898-840-1103',NULL),(833,'Stefano','Skone','Student','sskonen4@irs.gov','199-435-4112',NULL),(834,'Eugenio','Seedull','Staff','eseedulln5@cisco.com','580-536-5772',NULL),(835,'Wendeline','Mote','Staff','wmoten6@nhs.uk','414-638-2668',NULL),(836,'Luis','Buglar','Staff','lbuglarn7@msn.com','921-802-5457',NULL),(837,'Breanne','Wilcher','Staff','bwilchern8@sohu.com','268-137-2156',NULL),(838,'Fifine','Meedendorpe','Student','fmeedendorpen9@usda.gov','469-673-8781',NULL),(839,'Mirabel','Naish','Student','mnaishna@vimeo.com','859-528-0538',NULL),(840,'Deny','Francesconi','Student','dfrancesconinb@pcworld.com','670-848-0155',NULL),(841,'Klara','Bourtoumieux','Faculty','kbourtoumieuxnc@washington.edu','297-828-1714',NULL),(842,'Anette','Jevon','Faculty','ajevonnd@google.pl','298-785-9928',NULL),(843,'Marty','Heaviside','Staff','mheavisidene@jigsy.com','772-309-6576',NULL),(844,'Chloe','Greggersen','Staff','cgreggersennf@forbes.com','601-140-0189',NULL),(845,'Bari','Hercock','Faculty','bhercockng@pbs.org','984-452-0502',NULL),(846,'Thibaut','Gai','Faculty','tgainh@huffingtonpost.com','941-653-9792',NULL),(847,'Dixie','Amys','Faculty','damysni@army.mil','792-111-8286',NULL),(848,'Chaddie','Bidmead','Staff','cbidmeadnj@people.com.cn','369-899-4351',NULL),(849,'Alexandros','McGibbon','Staff','amcgibbonnk@ucoz.com','785-527-2117',NULL),(850,'Revkah','Foxten','Staff','rfoxtennl@bravesites.com','931-904-6734',NULL),(851,'Josie','Lamberth','Faculty','jlamberthnm@dell.com','557-320-1890',NULL),(852,'Tessa','Skyner','Faculty','tskynernn@artisteer.com','775-955-9622',NULL),(853,'Cynde','Sterzaker','Staff','csterzakerno@shutterfly.com','226-450-7830',NULL),(854,'Cordey','Wetherburn','Student','cwetherburnnp@discuz.net','818-483-5461',NULL),(855,'Tedra','Monsey','Faculty','tmonseynq@parallels.com','316-252-5327',NULL),(856,'Tobe','Olivetti','Staff','tolivettinr@hp.com','147-618-8071',NULL),(857,'Bennett','Avarne','Student','bavarnens@chron.com','169-335-0506',NULL),(858,'Victor','Raccio','Staff','vracciont@spiegel.de','346-448-3167',NULL),(859,'Zebedee','Pendell','Staff','zpendellnu@icio.us','486-709-8188',NULL),(860,'Hurlee','Reskelly','Staff','hreskellynv@nasa.gov','530-827-0224',NULL),(861,'Clem','Anning','Staff','canningnw@economist.com','629-727-3491',NULL),(862,'Vitoria','Eloy','Faculty','veloynx@free.fr','175-203-2552',NULL),(863,'Amelie','Rulton','Student','arultonny@friendfeed.com','844-802-3892',NULL),(864,'Moore','Aingell','Student','maingellnz@ft.com','524-181-1504',NULL),(865,'Jada','Kestle','Staff','jkestleo0@wikimedia.org','809-267-6068',NULL),(866,'Marc','Parkman','Staff','mparkmano1@kickstarter.com','317-778-0140',NULL),(867,'Wilburt','Rein','Staff','wreino2@paypal.com','588-610-8020',NULL),(868,'Townsend','Forster','Student','tforstero3@mediafire.com','984-221-0160',NULL),(869,'Dallas','Tummond','Staff','dtummondo4@miitbeian.gov.cn','672-274-5903',NULL),(870,'Guss','Bound','Faculty','gboundo5@disqus.com','919-998-4338',NULL),(871,'Niccolo','Barendtsen','Faculty','nbarendtseno6@sitemeter.com','730-634-6024',NULL),(872,'Waly','Sille','Staff','wsilleo7@yandex.ru','572-878-7192',NULL),(873,'Madelene','de Villier','Faculty','mdevilliero8@webnode.com','317-767-4726',NULL),(874,'Virgina','Tiron','Student','vtirono9@illinois.edu','386-869-7661',NULL),(875,'Corty','Oliphand','Student','coliphandoa@examiner.com','617-478-1318',NULL),(876,'Staford','McDiarmid','Faculty','smcdiarmidob@linkedin.com','301-867-2202',NULL),(877,'Helene','Paulon','Faculty','hpaulonoc@mail.ru','876-280-1042',NULL),(878,'Alice','Stillgoe','Student','astillgoeod@reddit.com','941-222-8832',NULL),(879,'Clark','Allwright','Student','callwrightoe@youtu.be','743-249-0201',NULL),(880,'Phoebe','Corter','Staff','pcorterof@dyndns.org','502-623-6181',NULL),(881,'Kristo','Brotherton','Faculty','kbrothertonog@tripod.com','932-439-2404',NULL),(882,'Lianne','Peskin','Faculty','lpeskinoh@npr.org','971-790-1961',NULL),(883,'Perrine','Upfold','Staff','pupfoldoi@friendfeed.com','138-619-5568',NULL),(884,'Tybi','Brundale','Faculty','tbrundaleoj@about.me','733-533-1203',NULL),(885,'Rasla','Bothwell','Student','rbothwellok@telegraph.co.uk','683-644-8346',NULL),(886,'Hakim','Shallcross','Student','hshallcrossol@timesonline.co.uk','787-478-6202',NULL),(887,'Remington','Armstrong','Student','rarmstrongom@photobucket.com','244-245-7602',NULL),(888,'Delano','Keeney','Staff','dkeeneyon@webeden.co.uk','910-497-5769',NULL),(889,'Thain','McSweeney','Staff','tmcsweeneyoo@simplemachines.org','698-907-5678',NULL),(890,'Damara','Hourstan','Faculty','dhourstanop@nymag.com','869-463-1305',NULL),(891,'Phyllys','Theurer','Faculty','ptheureroq@360.cn','234-631-8373',NULL),(892,'Job','De Hooch','Staff','jdehoochor@elpais.com','497-865-8361',NULL),(893,'Ginnifer','Leisman','Faculty','gleismanos@google.it','776-588-7434',NULL),(894,'Shane','Hawksby','Student','shawksbyot@tinypic.com','646-135-3751',NULL),(895,'Nerti','Kirkpatrick','Staff','nkirkpatrickou@hubpages.com','174-949-3557',NULL),(896,'Culver','Obern','Faculty','cobernov@harvard.edu','750-571-7694',NULL),(897,'Carce','Apedaile','Staff','capedaileow@admin.ch','359-419-0016',NULL),(898,'Taddeo','Pearcy','Staff','tpearcyox@e-recht24.de','867-662-4425',NULL),(899,'Cecilius','Fakeley','Faculty','cfakeleyoy@wp.com','861-309-8970',NULL),(900,'Valle','Paulson','Staff','vpaulsonoz@sourceforge.net','467-470-0701',NULL),(901,'Zsa zsa','Dallywater','Faculty','zdallywaterp0@technorati.com','839-913-2536',NULL),(902,'Merrel','Naulls','Student','mnaullsp1@narod.ru','181-796-9369',NULL),(903,'Aeriela','McCobb','Staff','amccobbp2@lulu.com','814-272-8206',NULL),(904,'Avril','Lynnitt','Student','alynnittp3@go.com','272-469-8973',NULL),(905,'Jay','Albon','Student','jalbonp4@oakley.com','619-661-4171',NULL),(906,'Winne','Scudder','Faculty','wscudderp5@japanpost.jp','127-122-4906',NULL),(907,'Addy','Rollitt','Faculty','arollittp6@umich.edu','434-359-5575',NULL),(908,'Isabelita','Geistbeck','Staff','igeistbeckp7@ameblo.jp','206-486-3545',NULL),(909,'Germaine','Fairleigh','Student','gfairleighp8@go.com','467-453-7070',NULL),(910,'Arturo','Terrazzo','Student','aterrazzop9@opera.com','130-699-8701',NULL),(911,'Kinsley','Goodsall','Staff','kgoodsallpa@nba.com','269-491-1834',NULL),(912,'Sebastian','Regis','Staff','sregispb@ucoz.ru','775-497-0409',NULL),(913,'Allie','Kleinstern','Faculty','akleinsternpc@answers.com','459-789-8135',NULL),(914,'Chad','Jakobssen','Staff','cjakobssenpd@disqus.com','544-305-6315',NULL),(915,'Anabel','Boutcher','Faculty','aboutcherpe@diigo.com','557-712-3838',NULL),(916,'Jacky','Legion','Staff','jlegionpf@accuweather.com','248-579-6897',NULL),(917,'Junie','de Juares','Student','jdejuarespg@mysql.com','577-706-5442',NULL),(918,'Tish','Cyseley','Faculty','tcyseleyph@bizjournals.com','348-174-0442',NULL),(919,'Carina','Pigeram','Faculty','cpigerampi@pagesperso-orange.fr','908-806-9253',NULL),(920,'Holly','Regler','Faculty','hreglerpj@reddit.com','131-944-0050',NULL),(921,'Care','Cough','Student','ccoughpk@a8.net','954-271-8524',NULL),(922,'Rustie','Legge','Student','rleggepl@fema.gov','240-183-4446',NULL),(923,'Joelle','Cuddy','Student','jcuddypm@cnbc.com','134-539-0134',NULL),(924,'Denys','Sandon','Faculty','dsandonpn@addtoany.com','467-587-8106',NULL),(925,'Hatty','McLugish','Faculty','hmclugishpo@devhub.com','371-403-0336',NULL),(926,'Edee','Newborn','Faculty','enewbornpp@google.ca','900-816-8794',NULL),(927,'Dall','McLise','Faculty','dmclisepq@wix.com','211-640-7807',NULL),(928,'Barrie','Jaukovic','Student','bjaukovicpr@newsvine.com','976-318-3226',NULL),(929,'Darcy','Marchbank','Staff','dmarchbankps@si.edu','857-261-0577',NULL),(930,'Grantley','Ruf','Staff','grufpt@mail.ru','869-494-9065',NULL),(931,'Jerrilee','Schule','Faculty','jschulepu@phpbb.com','443-806-1029',NULL),(932,'Ken','Branwhite','Student','kbranwhitepv@yale.edu','417-741-4360',NULL),(933,'Randi','Standley','Faculty','rstandleypw@godaddy.com','275-381-7719',NULL),(934,'Elizabet','Staite','Staff','estaitepx@tinyurl.com','204-562-8680',NULL),(935,'Byran','Cuolahan','Staff','bcuolahanpy@eepurl.com','282-846-6778',NULL),(936,'Tera','Francomb','Student','tfrancombpz@google.cn','991-407-0561',NULL),(937,'Christoper','Whoston','Faculty','cwhostonq0@blogger.com','526-470-4301',NULL),(938,'Freddie','Nussgen','Staff','fnussgenq1@mozilla.com','200-503-1280',NULL),(939,'Margarethe','Guerrier','Student','mguerrierq2@mapy.cz','280-389-0765',NULL),(940,'Allyn','Roizin','Faculty','aroizinq3@nba.com','675-202-0193',NULL),(941,'Toddy','Peirone','Faculty','tpeironeq4@marketwatch.com','801-707-0381',NULL),(942,'Patricia','Ronchi','Student','pronchiq5@aboutads.info','880-992-3948',NULL),(943,'Amble','Bassingden','Student','abassingdenq6@dmoz.org','657-879-2774',NULL),(944,'Simone','Brokenshaw','Faculty','sbrokenshawq7@cam.ac.uk','613-757-8263',NULL),(945,'Dulce','McCoole','Faculty','dmccooleq8@oaic.gov.au','922-443-6691',NULL),(946,'Kurt','Margaret','Faculty','kmargaretq9@t.co','951-396-6574',NULL),(947,'Langston','Cornilli','Student','lcornilliqa@usatoday.com','161-460-7634',NULL),(948,'Pollyanna','Antoshin','Staff','pantoshinqb@google.com.au','758-346-8061',NULL),(949,'Remington','Newart','Faculty','rnewartqc@smugmug.com','927-997-5619',NULL),(950,'Loy','Millmore','Faculty','lmillmoreqd@mozilla.org','279-531-8620',NULL),(951,'Kath','Reppaport','Staff','kreppaportqe@scribd.com','879-518-8047',NULL),(952,'Patsy','Lowen','Staff','plowenqf@netscape.com','309-550-7473',NULL),(953,'Doria','Child','Faculty','dchildqg@businessweek.com','374-959-9632',NULL),(954,'Hamlen','Braunds','Faculty','hbraundsqh@gravatar.com','289-156-4119',NULL),(955,'Lucie','Carbett','Student','lcarbettqi@4shared.com','866-848-4201',NULL),(956,'Penelope','Robbeke','Staff','probbekeqj@goodreads.com','172-710-7659',NULL),(957,'Moises','Lewcock','Faculty','mlewcockqk@senate.gov','162-139-3832',NULL),(958,'Nerty','Guerreau','Faculty','nguerreauql@examiner.com','136-495-4862',NULL),(959,'Ruby','Garroway','Faculty','rgarrowayqm@mozilla.org','917-539-4684',NULL),(960,'Miquela','Agnew','Student','magnewqn@histats.com','902-963-5555',NULL),(961,'Tiffani','Dufer','Student','tduferqo@soundcloud.com','800-821-7090',NULL),(962,'Tatiana','Edgars','Student','tedgarsqp@wikia.com','259-259-4042',NULL),(963,'Ewart','Lidstone','Student','elidstoneqq@gov.uk','692-722-5648',NULL),(964,'Nichols','Syphas','Faculty','nsyphasqr@blogtalkradio.com','179-535-8980',NULL),(965,'Keen','Verecker','Staff','kvereckerqs@bloomberg.com','213-433-1063',NULL),(966,'Cairistiona','Langfitt','Staff','clangfittqt@cocolog-nifty.com','947-595-6160',NULL),(967,'Kaylyn','Fawke','Staff','kfawkequ@senate.gov','394-607-1676',NULL),(968,'Rog','Roughey','Staff','rrougheyqv@soup.io','614-954-1868',NULL),(969,'Niels','Cragoe','Staff','ncragoeqw@hatena.ne.jp','536-749-1495',NULL),(970,'Barrie','Varty','Faculty','bvartyqx@hhs.gov','523-528-9783',NULL),(971,'Sydelle','Ilyas','Faculty','silyasqy@etsy.com','695-611-5113',NULL),(972,'Lira','Sambath','Staff','lsambathqz@engadget.com','931-929-6699',NULL),(973,'Brigida','Ferrarini','Faculty','bferrarinir0@wunderground.com','865-760-7953',NULL),(974,'Winslow','Halton','Faculty','whaltonr1@scribd.com','722-828-2402',NULL),(975,'Gayle','Hardingham','Faculty','ghardinghamr2@nhs.uk','626-503-0351',NULL),(976,'Bernete','Gleave','Faculty','bgleaver3@123-reg.co.uk','704-598-3455',NULL),(977,'Auberta','Sails','Student','asailsr4@deviantart.com','279-766-5837',NULL),(978,'Laryssa','Mawer','Staff','lmawerr5@fema.gov','605-398-9549',NULL),(979,'Darwin','Wolton','Staff','dwoltonr6@gov.uk','240-382-9609',NULL),(980,'Trent','Andersch','Staff','tanderschr7@github.com','706-945-2788',NULL),(981,'Peadar','Foulkes','Faculty','pfoulkesr8@berkeley.edu','374-189-6272',NULL),(982,'Farah','McJury','Staff','fmcjuryr9@acquirethisname.com','185-363-0189',NULL),(983,'Chad','Beane','Staff','cbeanera@com.com','635-241-8415',NULL),(984,'Penelope','Mangham','Faculty','pmanghamrb@github.io','471-666-9936',NULL),(985,'Evelyn','Greenless','Staff','egreenlessrc@cafepress.com','520-210-2632',NULL),(986,'Yurik','Bowerman','Student','ybowermanrd@cnet.com','346-278-0994',NULL),(987,'Karoly','Shippam','Staff','kshippamre@symantec.com','334-519-7766',NULL),(988,'Patric','Graben','Student','pgrabenrf@geocities.jp','928-856-7010',NULL),(989,'Juanita','Kearle','Faculty','jkearlerg@1und1.de','367-655-3908',NULL),(990,'Penelope','Petrushka','Faculty','ppetrushkarh@imageshack.us','346-530-3484',NULL),(991,'Celestine','Seeborne','Student','cseeborneri@narod.ru','665-685-4720',NULL),(992,'Brigg','Toe','Student','btoerj@bloomberg.com','471-608-1515',NULL),(993,'Vernice','Poli','Faculty','vpolirk@nymag.com','356-319-7611',NULL),(994,'Annamaria','Bladge','Faculty','abladgerl@hugedomains.com','795-534-0375',NULL),(995,'Stephi','Phalip','Faculty','sphaliprm@howstuffworks.com','172-287-6003',NULL),(996,'Pasquale','Cromarty','Faculty','pcromartyrn@dailymail.co.uk','321-889-6138',NULL),(997,'Delphine','Shirtcliffe','Faculty','dshirtcliffero@npr.org','562-296-3019',NULL),(998,'Lynnea','Quantrill','Staff','lquantrillrp@gizmodo.com','664-158-3604',NULL),(999,'Con','Gollin','Faculty','cgollinrq@arstechnica.com','857-573-2684',NULL),(1000,'Jeddy','Northleigh','Staff','jnorthleighrr@cnbc.com','731-245-3257',NULL);
/*!40000 ALTER TABLE `iitgn_member` ENABLE KEYS */;
UNLOCK TABLES;

--
-- Table structure for table `incurs_bill`
--

DROP TABLE IF EXISTS `incurs_bill`;
/*!40101 SET @saved_cs_client     = @@character_set_client */;
/*!50503 SET character_set_client = utf8mb4 */;
CREATE TABLE `incurs_bill` (
  `guest_id` int NOT NULL,
  `bill_id` int NOT NULL,
  PRIMARY KEY (`guest_id`,`bill_id`),
  KEY `bill_id` (`bill_id`),
  CONSTRAINT `incurs_bill_ibfk_1` FOREIGN KEY (`guest_id`) REFERENCES `current_guest` (`guest_id`) ON DELETE CASCADE,
  CONSTRAINT `incurs_bill_ibfk_2` FOREIGN KEY (`bill_id`) REFERENCES `bill` (`bill_id`) ON DELETE CASCADE
) ENGINE=InnoDB DEFAULT CHARSET=utf8mb4 COLLATE=utf8mb4_0900_ai_ci;
/*!40101 SET character_set_client = @saved_cs_client */;

--
-- Dumping data for table `incurs_bill`
--

LOCK TABLES `incurs_bill` WRITE;
/*!40000 ALTER TABLE `incurs_bill` DISABLE KEYS */;
INSERT INTO `incurs_bill` VALUES (61,1),(46,2),(98,2),(16,3),(11,4),(20,4),(70,4),(99,4),(7,6),(54,8),(87,8),(4,10),(71,10),(56,11),(8,12),(26,12),(3,13),(17,13),(57,14),(65,14),(54,15),(43,16),(27,18),(34,18),(85,18),(3,19),(28,19),(71,22),(79,22),(76,23),(98,23),(71,24),(55,25),(91,25),(99,26),(42,28),(90,28),(27,29),(98,29),(61,34),(2,35),(64,36),(100,36),(53,37),(30,39),(7,46),(35,46),(4,48),(16,49),(27,49),(92,50),(51,51),(73,51),(38,52),(34,53),(70,56),(16,58),(86,58),(93,60),(18,61),(93,62),(1,64),(19,64),(88,64),(68,66),(16,67),(35,67),(85,67),(66,69),(27,70),(36,71),(53,71),(75,72),(78,73),(27,74),(38,74),(23,76),(20,78),(90,79),(5,80),(73,80),(7,82),(60,82),(63,83),(29,84),(67,84),(8,86),(30,86),(32,86),(40,90),(8,91),(29,91),(37,92),(80,92),(18,93),(48,93),(78,93),(100,93),(67,95),(90,95),(68,96),(100,96),(20,98),(57,98),(61,98),(94,100),(5,102),(56,102),(69,102),(18,103),(54,103),(98,104),(74,106),(42,107),(5,110),(79,111),(83,111),(2,112),(3,112),(36,113),(73,113),(72,114),(42,115),(11,116),(43,116),(91,116),(66,117),(93,118),(36,120),(6,122),(34,122),(71,122),(87,123),(77,124),(80,124),(1,125),(47,125),(24,126),(27,126),(50,126),(61,126),(8,128),(82,128),(90,128),(15,129),(53,131),(51,133),(30,134),(53,135),(26,137),(58,138),(65,141),(74,142),(15,143),(28,143),(42,145),(40,146),(51,146),(93,146),(50,148),(68,148),(88,148),(37,150),(89,150),(53,151),(11,153),(9,155),(40,156),(76,156),(34,157),(64,158),(23,159),(62,159),(15,163),(21,163),(54,163),(84,167),(20,169),(64,169),(80,169),(85,170),(90,170),(26,171),(76,174),(99,174),(6,176),(91,176),(30,177),(71,179),(96,180),(29,181),(20,182),(75,182),(95,182),(42,183),(55,184),(30,185),(5,186),(6,186),(1,187),(36,187),(17,189),(87,190),(37,191),(89,193),(45,195),(79,195),(73,196),(13,197),(88,197),(34,199),(42,200),(85,200),(42,201),(66,202),(62,205),(93,206),(66,207),(70,208),(54,209),(19,211),(28,211),(38,211),(53,212),(60,212),(50,213),(39,214),(31,215),(57,216),(30,217),(72,217),(76,218),(51,219),(97,219),(56,222),(82,222),(51,223),(84,224),(5,225),(29,225),(39,225),(17,226),(84,228),(15,229),(34,232),(63,232),(51,234),(75,234),(84,234),(96,237),(79,239),(90,239),(7,240),(6,241),(44,242),(6,243),(9,243),(38,243),(87,244),(96,245),(50,247),(57,247),(50,248),(49,249),(42,251),(20,252),(5,254),(44,254),(87,258),(23,259),(80,259),(95,262),(14,263),(85,265),(75,266),(39,268),(5,271),(18,272),(21,274),(39,274),(47,275),(62,275),(96,276),(17,277),(20,278),(3,279),(96,279),(18,280),(98,281),(34,282),(69,283),(86,283),(41,284),(64,284),(83,286),(18,290),(28,290),(17,291),(18,291),(47,291),(28,292),(56,295),(20,296),(9,297),(54,298),(89,298),(74,299),(35,301),(54,301),(61,302),(92,303),(26,304),(91,304),(34,305),(73,305),(97,305),(42,306),(47,307),(59,309),(69,311),(98,311),(8,315),(84,316),(20,317),(19,318),(44,318),(53,318),(18,319),(55,319),(19,320),(35,320),(7,321),(88,322),(22,323),(99,323),(11,324),(85,325),(97,325),(90,326),(71,327),(80,327),(19,329),(99,329),(7,331),(22,332),(87,333),(22,334),(33,334),(83,336),(5,337),(46,338),(74,339),(68,340),(20,341),(50,341),(73,341),(25,342),(25,343),(32,343),(64,344),(73,344),(9,345),(65,347),(91,349),(77,350),(78,352),(23,353),(9,354),(88,357),(88,358),(89,358),(97,359),(1,361),(96,361),(32,363),(7,366),(71,366),(59,367),(12,368),(25,368),(92,368),(67,370),(70,370),(48,371),(27,372),(6,376),(46,376),(58,376),(54,378),(92,378),(80,379),(92,381),(82,382),(22,384),(65,384),(97,385),(41,386),(78,386),(49,387),(36,389),(46,391),(10,393),(94,393),(56,394),(78,394),(52,395),(8,399),(40,400),(41,402),(54,404),(5,406),(50,407),(27,408),(77,408),(42,409),(99,410),(89,411),(51,413),(57,415),(19,417),(26,417),(41,417),(80,418),(100,421),(24,422),(58,423),(20,424),(38,424),(80,425),(74,427),(91,427),(8,429),(21,430),(85,431),(5,434),(62,434),(62,437),(45,439),(11,441),(29,441),(68,441),(85,442),(64,444),(67,444),(71,444),(78,444),(86,444),(50,445),(77,446),(22,447),(60,448),(75,449),(43,450),(99,451),(64,453),(5,454),(7,454),(92,454),(93,455),(39,456),(23,457),(35,457),(94,457),(47,460),(9,462),(56,467),(68,467),(8,468),(33,469),(37,469),(89,469),(73,470),(96,470),(25,471),(7,472),(30,474),(1,476),(20,477),(53,478),(55,478),(16,479),(67,479),(19,480),(23,482),(90,482),(84,483),(97,483),(10,486),(13,486),(33,487),(3,488),(32,489),(13,490),(89,490),(17,491),(44,496),(17,500),(86,502),(90,502),(39,503),(6,505),(25,505),(18,507),(25,509),(90,510),(27,513),(33,513),(1,514),(47,514),(64,515),(71,515),(39,516),(84,516),(25,518),(54,521),(1,522),(20,522),(41,522),(75,523),(54,524),(58,524),(79,525),(91,525),(5,526),(33,526),(12,527),(15,527),(19,530),(22,530),(2,531),(60,531),(75,534),(27,536),(31,539),(43,540),(70,541),(35,542),(41,542),(42,542),(56,542),(25,543),(39,543),(65,543),(68,546),(82,546),(91,546),(49,548),(15,549),(53,550),(43,552),(70,553),(28,555),(40,555),(61,556),(2,557),(10,558),(62,558),(62,559),(50,560),(65,560),(95,560),(5,562),(60,562),(99,562),(15,563),(47,564),(80,564),(50,566),(86,566),(15,567),(8,568),(25,569),(35,569),(94,572),(24,576),(2,577),(26,577),(65,577),(89,578),(93,578),(31,580),(30,582),(69,584),(77,584),(17,585),(71,585),(88,585),(90,585),(85,586),(67,587),(19,591),(69,593),(45,594),(21,596),(87,596),(92,601),(6,603),(18,603),(32,606),(12,607),(7,608),(37,608),(21,609),(39,612),(96,612),(57,615),(40,619),(62,620),(68,620),(11,621),(25,621),(29,621),(69,621),(97,623),(24,624),(87,624),(68,625),(62,626),(69,627),(59,628),(22,630),(29,630),(45,631),(49,631),(70,631),(72,631),(7,632),(17,632),(57,632),(49,635),(82,635),(91,635),(44,636),(80,636),(12,637),(25,637),(68,637),(3,639),(99,640),(37,641),(46,641),(29,643),(99,643),(11,644),(64,644),(72,644),(17,646),(52,647),(64,647),(75,647),(48,650),(51,652),(12,653),(30,653),(7,654),(53,654),(60,654),(30,656),(19,657),(8,658),(9,659),(30,660),(94,661),(21,663),(57,663),(30,664),(9,665),(29,665),(23,666),(94,666),(29,667),(36,667),(98,668),(28,669),(49,669),(3,671),(20,671),(48,671),(84,671),(23,673),(26,674),(62,674),(92,675),(59,677),(74,677),(26,678),(12,679),(14,679),(22,680),(23,680),(83,681),(84,681),(100,687),(51,688),(92,689),(66,690),(68,690),(88,690),(12,691),(65,691),(73,691),(87,693),(32,695),(36,696),(48,699),(84,701),(21,702),(21,705),(14,707),(93,710),(29,714),(32,714),(69,714),(83,714),(84,714),(21,715),(23,715),(91,716),(100,716),(29,717),(50,719),(89,719),(96,719),(17,720),(86,720),(16,721),(28,721),(45,723),(14,724),(47,726),(96,726),(68,728),(12,729),(59,729),(81,729),(39,730),(80,731),(81,731),(57,732),(97,734),(1,736),(49,737),(2,738),(43,738),(88,738),(27,739),(87,739),(24,740),(39,741),(50,742),(98,744),(56,746),(25,747),(7,748),(48,748),(67,748),(26,749),(85,750),(7,752),(87,754),(97,754),(33,756),(90,756),(10,762),(79,763),(100,763),(31,765),(60,766),(15,767),(34,767),(93,768),(85,769),(44,770),(53,771),(45,773),(94,773),(82,774),(58,775),(78,775),(25,777),(66,777),(14,778),(47,778),(67,778),(78,779),(80,780),(95,780),(25,781),(83,783),(35,784),(57,784),(68,784),(87,784),(48,787),(67,787),(49,788),(73,789),(24,790),(50,790),(13,792),(47,792),(34,793),(46,793),(70,794),(42,795),(12,796),(23,796),(76,797),(60,798),(11,799),(25,799),(29,799),(16,801),(11,803),(22,804),(29,805),(65,807),(83,807),(9,808),(60,811),(93,811),(36,812),(63,812),(24,813),(54,813),(82,814),(12,815),(15,815),(30,815),(82,815),(96,815),(65,816),(57,818),(15,821),(19,821),(69,821),(26,823),(50,825),(65,825),(91,827),(61,829),(64,830),(45,831),(11,833),(55,833),(44,834),(48,834),(98,836),(28,837),(72,837),(34,838),(28,839),(45,839),(47,839),(70,840),(54,842),(34,844),(53,844),(99,844),(78,845),(17,846),(61,847),(17,851),(9,852),(95,852),(5,854),(40,855),(31,856),(38,856),(60,856),(6,857),(33,860),(66,860),(7,861),(5,863),(30,863),(15,864),(54,864),(51,866),(63,866),(9,868),(42,869),(9,870),(95,870),(62,871),(61,873),(97,875),(75,876),(100,876),(1,877),(76,880),(5,884),(8,885),(77,886),(80,886),(49,888),(59,889),(95,889),(56,892),(1,894),(40,894),(29,895),(19,896),(81,896),(50,899),(68,899),(42,900),(77,900),(35,905),(88,908),(19,909),(24,912),(29,913),(99,913),(14,914),(15,917),(79,917),(6,919),(40,921),(11,922),(14,925),(87,926),(10,927),(43,927),(78,928),(28,929),(29,929),(16,931),(95,932),(99,932),(22,934),(8,938),(22,938),(63,942),(71,942),(4,943),(98,943),(15,945),(47,947),(69,947),(99,949),(7,951),(92,952),(45,954),(68,955),(84,955),(84,956),(84,957),(22,958),(31,958),(1,959),(6,959),(43,961),(81,961),(100,961),(90,962),(59,963),(62,964),(92,964),(68,965),(51,967),(37,968),(31,971),(32,971),(80,971),(1,973),(53,975),(95,975),(82,976),(84,976),(6,977),(67,977),(9,978),(58,978),(9,979),(17,980),(87,984),(64,986),(9,988),(33,988),(64,988),(92,988),(49,989),(51,989),(56,989),(31,990),(26,992),(78,992),(92,996),(36,998),(48,998),(50,998);
/*!40000 ALTER TABLE `incurs_bill` ENABLE KEYS */;
UNLOCK TABLES;

--
-- Table structure for table `initiated_travel_request`
--

DROP TABLE IF EXISTS `initiated_travel_request`;
/*!40101 SET @saved_cs_client     = @@character_set_client */;
/*!50503 SET character_set_client = utf8mb4 */;
CREATE TABLE `initiated_travel_request` (
  `travel_request_id` int NOT NULL,
  `guest_id` int DEFAULT NULL,
  PRIMARY KEY (`travel_request_id`),
  KEY `guest_id` (`guest_id`),
  CONSTRAINT `initiated_travel_request_ibfk_1` FOREIGN KEY (`travel_request_id`) REFERENCES `travel_request` (`travel_request_id`) ON DELETE CASCADE,
  CONSTRAINT `initiated_travel_request_ibfk_2` FOREIGN KEY (`guest_id`) REFERENCES `current_guest` (`guest_id`) ON DELETE CASCADE
) ENGINE=InnoDB DEFAULT CHARSET=utf8mb4 COLLATE=utf8mb4_0900_ai_ci;
/*!40101 SET character_set_client = @saved_cs_client */;

--
-- Dumping data for table `initiated_travel_request`
--

LOCK TABLES `initiated_travel_request` WRITE;
/*!40000 ALTER TABLE `initiated_travel_request` DISABLE KEYS */;
/*!40000 ALTER TABLE `initiated_travel_request` ENABLE KEYS */;
UNLOCK TABLES;

--
-- Table structure for table `maintenance_request`
--

DROP TABLE IF EXISTS `maintenance_request`;
/*!40101 SET @saved_cs_client     = @@character_set_client */;
/*!50503 SET character_set_client = utf8mb4 */;
CREATE TABLE `maintenance_request` (
  `request_id` int NOT NULL,
  `description` text,
  `status` varchar(50) DEFAULT NULL,
  `date_created` date NOT NULL,
  `time_created` time NOT NULL,
  `housekeeping_staff_id` int DEFAULT NULL,
  PRIMARY KEY (`request_id`),
  KEY `housekeeping_staff_id` (`housekeeping_staff_id`),
  CONSTRAINT `maintenance_request_ibfk_1` FOREIGN KEY (`housekeeping_staff_id`) REFERENCES `housekeeping_staff` (`housekeeping_staff_id`) ON DELETE CASCADE
) ENGINE=InnoDB DEFAULT CHARSET=utf8mb4 COLLATE=utf8mb4_0900_ai_ci;
/*!40101 SET character_set_client = @saved_cs_client */;

--
-- Dumping data for table `maintenance_request`
--

LOCK TABLES `maintenance_request` WRITE;
/*!40000 ALTER TABLE `maintenance_request` DISABLE KEYS */;
INSERT INTO `maintenance_request` VALUES (2,'Donec posuere metus vitae ipsum. Aliquam non mauris. Morbi non lectus.','closed','2023-08-19','22:50:03',8),(7,'Vestibulum ante ipsum primis in faucibus orci luctus et ultrices posuere cubilia Curae; Duis faucibus accumsan odio. Curabitur convallis.','closed','2023-07-30','09:13:41',10),(11,'Nullam sit amet turpis elementum ligula vehicula consequat. Morbi a ipsum.','closed','2023-04-21','12:10:35',3),(12,'Ut tellus. Nulla ut erat id mauris vulputate elementum. Nullam varius.','closed','2023-07-19','13:31:57',7),(21,'Lorem ipsum dolor sit amet, consectetuer adipiscing elit. Proin interdum mauris non ligula pellentesque ultrices. Phasellus id sapien in sapien iaculis congue. Vivamus metus arcu, adipiscing molestie, hendrerit at, vulputate vitae, nisl.','closed','2023-07-19','09:36:01',7),(22,'Curabitur at ipsum ac tellus semper interdum.','open','2023-03-12','04:30:22',8),(23,'Nulla tellus. In sagittis dui vel nisl. Duis ac nibh. Fusce lacus purus, aliquet at, feugiat non, pretium quis, lectus.','open','2023-07-20','07:07:43',6),(24,'In tempor, turpis nec euismod scelerisque, quam turpis adipiscing lorem, vitae mattis nibh ligula nec sem. Duis aliquam convallis nunc. Proin at turpis a pede posuere nonummy. Integer non velit.','closed','2024-02-04','04:05:13',7),(27,'Sed vel enim sit amet nunc viverra dapibus. Nulla suscipit ligula in lacus. Curabitur at ipsum ac tellus semper interdum.','open','2023-07-19','01:59:19',2),(28,'Suspendisse potenti.','closed','2023-06-14','03:35:48',5),(33,'Praesent id massa id nisl venenatis lacinia. Aenean sit amet justo. Morbi ut odio.','closed','2024-01-29','19:00:21',4),(40,'Vivamus vel nulla eget eros elementum pellentesque. Quisque porta volutpat erat. Quisque erat eros, viverra eget, congue eget, semper rutrum, nulla.','closed','2023-11-04','17:58:58',7),(46,'Maecenas rhoncus aliquam lacus. Morbi quis tortor id nulla ultrices aliquet. Maecenas leo odio, condimentum id, luctus nec, molestie sed, justo. Pellentesque viverra pede ac diam.','open','2024-01-03','09:47:52',3),(50,'Aliquam quis turpis eget elit sodales scelerisque.','closed','2023-05-02','08:54:47',7),(51,'clean room 101\r\n','open','2024-04-05','09:41:55',NULL),(52,'clean room 102\r\n','closed','2024-04-05','09:42:39',NULL),(53,'new','closed','2024-04-05','13:09:55',NULL),(54,'new2','closed','2024-04-05','13:10:29',NULL),(55,'Cleaning Required on Room 201','open','2024-04-05','13:11:09',NULL);
/*!40000 ALTER TABLE `maintenance_request` ENABLE KEYS */;
UNLOCK TABLES;

--
-- Table structure for table `makes`
--

DROP TABLE IF EXISTS `makes`;
/*!40101 SET @saved_cs_client     = @@character_set_client */;
/*!50503 SET character_set_client = utf8mb4 */;
CREATE TABLE `makes` (
  `reservation_id` int NOT NULL,
  `iitgn_id` int DEFAULT NULL,
  `comments` text NOT NULL,
  PRIMARY KEY (`reservation_id`),
  KEY `iitgn_id` (`iitgn_id`),
  CONSTRAINT `makes_ibfk_1` FOREIGN KEY (`reservation_id`) REFERENCES `reservation` (`reservation_id`) ON DELETE CASCADE,
  CONSTRAINT `makes_ibfk_2` FOREIGN KEY (`iitgn_id`) REFERENCES `iitgn_member` (`iitgn_id`) ON DELETE CASCADE
) ENGINE=InnoDB DEFAULT CHARSET=utf8mb4 COLLATE=utf8mb4_0900_ai_ci;
/*!40101 SET character_set_client = @saved_cs_client */;

--
-- Dumping data for table `makes`
--

LOCK TABLES `makes` WRITE;
/*!40000 ALTER TABLE `makes` DISABLE KEYS */;
/*!40000 ALTER TABLE `makes` ENABLE KEYS */;
UNLOCK TABLES;

--
-- Table structure for table `manages_maintenance`
--

DROP TABLE IF EXISTS `manages_maintenance`;
/*!40101 SET @saved_cs_client     = @@character_set_client */;
/*!50503 SET character_set_client = utf8mb4 */;
CREATE TABLE `manages_maintenance` (
  `request_id` int NOT NULL,
  `hospitality_staff_id` int DEFAULT NULL,
  PRIMARY KEY (`request_id`),
  KEY `hospitality_staff_id` (`hospitality_staff_id`),
  CONSTRAINT `manages_maintenance_ibfk_1` FOREIGN KEY (`request_id`) REFERENCES `maintenance_request` (`request_id`) ON DELETE CASCADE,
  CONSTRAINT `manages_maintenance_ibfk_2` FOREIGN KEY (`hospitality_staff_id`) REFERENCES `hospitality_staff` (`hospitality_staff_id`) ON DELETE CASCADE
) ENGINE=InnoDB DEFAULT CHARSET=utf8mb4 COLLATE=utf8mb4_0900_ai_ci;
/*!40101 SET character_set_client = @saved_cs_client */;

--
-- Dumping data for table `manages_maintenance`
--

LOCK TABLES `manages_maintenance` WRITE;
/*!40000 ALTER TABLE `manages_maintenance` DISABLE KEYS */;
INSERT INTO `manages_maintenance` VALUES (50,1),(46,7),(22,8),(11,10),(33,12),(40,15),(23,22),(21,30),(28,32),(7,38),(24,43),(12,44),(2,46),(27,46);
/*!40000 ALTER TABLE `manages_maintenance` ENABLE KEYS */;
UNLOCK TABLES;

--
-- Table structure for table `manages_reservation`
--

DROP TABLE IF EXISTS `manages_reservation`;
/*!40101 SET @saved_cs_client     = @@character_set_client */;
/*!50503 SET character_set_client = utf8mb4 */;
CREATE TABLE `manages_reservation` (
  `reservation_id` int NOT NULL,
  `hospitality_staff_id` int DEFAULT NULL,
  `comments` text NOT NULL,
  PRIMARY KEY (`reservation_id`),
  KEY `hospitality_staff_id` (`hospitality_staff_id`),
  CONSTRAINT `manages_reservation_ibfk_1` FOREIGN KEY (`reservation_id`) REFERENCES `reservation` (`reservation_id`) ON DELETE CASCADE,
  CONSTRAINT `manages_reservation_ibfk_2` FOREIGN KEY (`hospitality_staff_id`) REFERENCES `hospitality_staff` (`hospitality_staff_id`) ON DELETE CASCADE
) ENGINE=InnoDB DEFAULT CHARSET=utf8mb4 COLLATE=utf8mb4_0900_ai_ci;
/*!40101 SET character_set_client = @saved_cs_client */;

--
-- Dumping data for table `manages_reservation`
--

LOCK TABLES `manages_reservation` WRITE;
/*!40000 ALTER TABLE `manages_reservation` DISABLE KEYS */;
INSERT INTO `manages_reservation` VALUES (1,45,'eget nunc donec quis orci eget orci'),(2,5,'adipiscing lorem vitae mattis nibh'),(3,36,'luctus tincidunt nulla mollis'),(4,3,'vestibulum velit id pretium iaculis'),(5,41,'risus semper porta volutpat quam pede'),(6,3,'quam pharetra magna ac'),(7,24,'dapibus augue vel accumsan tellus nisi eu orci'),(8,24,'velit donec diam neque vestibulum eget'),(9,44,'in felis eu sapien cursus vestibulum'),(10,32,'nibh in lectus pellentesque at nulla suspendisse potenti'),(11,49,'quam pharetra magna ac consequat metus sapien ut'),(12,14,'at feugiat non pretium'),(13,22,'curae donec pharetra magna vestibulum aliquet'),(14,40,'amet nunc viverra dapibus nulla suscipit'),(15,37,'pede libero quis orci'),(16,6,'vestibulum sagittis sapien cum'),(17,15,'quam sapien varius ut blandit non interdum'),(18,36,'suspendisse potenti in eleifend quam'),(19,43,'in tempor turpis nec euismod scelerisque quam'),(20,18,'eget rutrum at lorem'),(21,35,'curae nulla dapibus dolor vel est donec odio'),(22,49,'id massa id nisl venenatis lacinia'),(23,38,'nulla quisque arcu libero rutrum'),(24,18,'rutrum rutrum neque aenean auctor gravida'),(25,46,'nulla tempus vivamus in'),(26,37,'viverra dapibus nulla suscipit ligula in lacus'),(27,24,'pretium iaculis justo in hac habitasse'),(28,25,'in porttitor pede justo eu massa'),(29,5,'orci luctus et ultrices posuere cubilia curae'),(30,23,'vestibulum sagittis sapien cum sociis natoque penatibus et'),(31,6,'morbi vestibulum velit id pretium iaculis'),(32,25,'quam turpis adipiscing lorem vitae mattis'),(33,6,'nascetur ridiculus mus vivamus'),(34,38,'lobortis convallis tortor risus dapibus'),(35,2,'donec semper sapien a libero'),(36,1,'nulla integer pede justo'),(37,4,'duis aliquam convallis nunc proin at turpis a'),(38,14,'vivamus vestibulum sagittis sapien'),(39,7,'aliquam lacus morbi quis tortor id'),(40,5,'diam erat fermentum justo nec condimentum'),(41,20,'sit amet consectetuer adipiscing elit proin'),(42,3,'iaculis diam erat fermentum justo nec condimentum'),(43,42,'eros vestibulum ac est'),(44,1,'vestibulum ante ipsum primis'),(45,12,'porta volutpat erat quisque erat eros viverra'),(46,43,'eu tincidunt in leo maecenas pulvinar lobortis est'),(47,18,'at turpis a pede posuere nonummy'),(48,38,'aliquam convallis nunc proin at turpis a pede'),(49,49,'nam congue risus semper porta volutpat quam pede'),(50,46,'sit amet erat nulla');
/*!40000 ALTER TABLE `manages_reservation` ENABLE KEYS */;
UNLOCK TABLES;

--
-- Table structure for table `past_guests`
--

DROP TABLE IF EXISTS `past_guests`;
/*!40101 SET @saved_cs_client     = @@character_set_client */;
/*!50503 SET character_set_client = utf8mb4 */;
CREATE TABLE `past_guests` (
  `past_guest_id` int NOT NULL,
  `first_name` varchar(20) NOT NULL,
  `last_name` varchar(20) NOT NULL,
  `age` int DEFAULT NULL,
  `street` varchar(50) DEFAULT NULL,
  `state` varchar(15) DEFAULT NULL,
  `pincode` int DEFAULT NULL,
  `country` varchar(20) DEFAULT NULL,
  `phone_no` varchar(20) DEFAULT NULL,
  `guest_category` varchar(50) DEFAULT NULL,
  `visit_purpose` varchar(100) DEFAULT NULL,
  `check_in_date` date NOT NULL,
  `check_out_date` date NOT NULL,
  `iitgn_id` int DEFAULT NULL,
  PRIMARY KEY (`past_guest_id`),
  KEY `iitgn_id` (`iitgn_id`),
  CONSTRAINT `past_guests_ibfk_1` FOREIGN KEY (`iitgn_id`) REFERENCES `iitgn_member` (`iitgn_id`) ON DELETE CASCADE
) ENGINE=InnoDB DEFAULT CHARSET=utf8mb4 COLLATE=utf8mb4_0900_ai_ci;
/*!40101 SET character_set_client = @saved_cs_client */;

--
-- Dumping data for table `past_guests`
--

LOCK TABLES `past_guests` WRITE;
/*!40000 ALTER TABLE `past_guests` DISABLE KEYS */;
INSERT INTO `past_guests` VALUES (1,'Morgen','Garrat',86,'01 Nova Road','Tennessee',626232,'United States','731-140-5245','C','molestie nibh in lectus pellentesque at','2023-03-15','2023-07-26',8),(2,'Aileen','Ezzell',55,'459 Garrison Road','Texas',259602,'United States','432-513-1717','C','lacus morbi','2023-03-07','2023-06-11',549),(3,'Sibyl','Elcox',21,'28021 Acker Plaza','Pennsylvania',564307,'United States','215-480-0406','B','morbi vestibulum velit id pretium iaculis diam','2023-03-08','2023-11-14',846),(4,'Dag','Neesam',90,'1710 Upham Trail','Texas',125610,'United States','210-863-4959','C','mauris ullamcorper','2023-03-04','2024-02-03',370),(5,'Yancey','Gerrels',82,'6412 Caliangt Junction','Louisiana',246691,'United States','504-186-6170','C','sit amet cursus id turpis integer','2023-03-14','2023-06-03',831),(6,'Anatola','Yurchenko',90,'4109 Schurz Terrace','Columbia',516860,'United States','202-617-2627','C','ultrices posuere cubilia curae','2023-02-28','2023-08-09',678),(7,'Alley','Humfrey',18,'76739 Myrtle Lane','Louisiana',305132,'United States','337-832-8821','C','nunc vestibulum ante ipsum primis','2023-03-19','2024-02-20',256),(8,'Astra','Sommerlie',89,'82034 Eggendart Street','Texas',278156,'United States','469-162-5966','C','dictumst maecenas ut','2023-03-18','2024-02-25',303),(9,'Norman','Newart',96,'0 David Pass','Georgia',327577,'United States','404-592-9407','A','congue vivamus metus arcu adipiscing','2023-02-25','2024-01-31',807),(10,'Sofia','Shillinglaw',24,'3 Stoughton Trail','California',617874,'United States','949-911-7315','C','ut mauris eget massa tempor convallis nulla neque','2023-03-04','2023-11-24',909),(11,'Tamar','Mounsie',48,'8 Del Sol Trail','Wisconsin',297890,'United States','262-440-3044','B','tellus nulla ut erat id mauris','2023-03-17','2023-09-26',618),(12,'Laird','Drakeley',59,'6179 Huxley Point','California',452054,'United States','951-409-0467','A','rhoncus aliquam lacus','2023-02-15','2023-12-06',128),(13,'Ruprecht','Pett',29,'27 Warrior Hill','Minnesota',304476,'United States','651-766-5366','C','purus phasellus in felis donec semper sapien','2023-03-08','2023-03-20',39),(14,'Rey','Forryan',9,'1156 Fairview Lane','Pennsylvania',647246,'United States','570-144-8827','B','libero rutrum ac lobortis vel dapibus','2023-02-17','2023-06-01',224),(15,'Brant','Levee',13,'64327 Nova Alley','Texas',341278,'United States','214-186-2381','A','lectus in quam fringilla rhoncus mauris enim leo','2023-03-02','2023-12-20',914),(16,'Maryann','Jaquiss',73,'12604 Sachtjen Point','Hawaii',305153,'United States','808-340-0434','B','massa volutpat convallis morbi odio odio','2023-02-25','2023-08-29',981),(17,'Sebastien','Eccleston',80,'07 Anniversary Lane','West Virginia',535744,'United States','304-672-2191','B','amet nunc viverra dapibus nulla suscipit','2023-03-15','2023-08-13',827),(18,'Goddard','Di Giorgio',99,'674 Packers Junction','Minnesota',612050,'United States','763-130-8877','C','ipsum primis','2023-02-18','2023-05-08',728),(19,'Lem','Bresman',93,'9 Fuller Alley','Virginia',759137,'United States','571-174-9162','B','quam nec dui luctus rutrum nulla tellus','2023-02-22','2023-04-03',735),(20,'Shelba','Tosney',57,'9510 Raven Circle','Illinois',706962,'United States','312-253-5336','A','dolor sit','2023-03-07','2023-11-18',356),(21,'Chuck','O\'Spellissey',63,'97043 Burrows Court','North Carolina',642409,'United States','704-958-0054','B','sed sagittis nam congue risus semper porta volutpat','2023-03-03','2023-09-30',855),(22,'Lynea','Toffolini',30,'20 Walton Avenue','Columbia',792494,'United States','202-850-8144','C','pede venenatis non sodales sed tincidunt eu','2023-03-17','2023-09-05',477),(23,'Spence','Winchester',74,'6020 Hanson Alley','Florida',347313,'United States','561-568-7636','C','consequat nulla nisl nunc','2023-03-15','2023-06-04',89),(24,'Cobb','Gryglewski',100,'24 Dahle Circle','Georgia',282816,'United States','404-515-2457','C','posuere felis sed lacus morbi','2023-03-15','2023-05-20',903),(25,'Roseanne','Metham',5,'7 Thackeray Alley','Texas',462666,'United States','210-895-2810','A','imperdiet nullam','2023-03-15','2024-01-29',447),(26,'Hillard','Gouldie',54,'39 Paget Point','California',180302,'United States','714-326-1690','C','curabitur gravida nisi','2023-03-12','2023-05-27',423),(27,'Jeffy','Dightham',58,'181 Mendota Road','Michigan',738941,'United States','269-957-9136','C','at dolor quis','2023-02-18','2023-12-16',243),(28,'Gan','Thake',13,'9543 Di Loreto Pass','Washington',199311,'United States','206-217-4963','B','pellentesque ultrices','2023-02-22','2023-06-19',834),(29,'Eugen','Raymen',71,'745 Utah Plaza','Pennsylvania',654471,'United States','215-660-9987','C','rhoncus mauris enim leo rhoncus','2023-03-16','2023-10-20',403),(30,'Ardys','Olivari',46,'6 Garrison Way','Delaware',567180,'United States','302-970-4120','B','odio cras mi pede malesuada in imperdiet','2023-03-18','2024-01-05',127),(31,'Wileen','Openshaw',70,'530 Warner Alley','Louisiana',456772,'United States','504-984-6379','A','sapien sapien non mi integer','2023-02-27','2023-12-21',856),(32,'Crin','Ganforth',17,'5241 Carpenter Trail','Washington',537061,'United States','253-156-4678','B','nisl nunc nisl duis bibendum felis sed','2023-02-17','2024-01-14',331),(33,'Torre','Sweedland',57,'899 Moulton Trail','Columbia',715994,'United States','202-686-3797','A','erat vestibulum sed magna at','2023-02-28','2023-05-19',238),(34,'Gilberta','Jerosch',31,'0 Graceland Parkway','Texas',549021,'United States','682-390-3023','A','donec pharetra magna vestibulum aliquet ultrices erat tortor','2023-03-03','2023-03-27',340),(35,'Myrlene','Cumbridge',75,'90872 Ohio Alley','Georgia',740305,'United States','404-881-4869','C','nulla quisque arcu','2023-03-05','2023-04-29',526),(36,'Kit','Peirone',23,'4 Riverside Pass','North Carolina',403560,'United States','704-994-8121','C','congue risus','2023-03-09','2023-06-18',254),(37,'Darryl','Caller',59,'8876 Barby Lane','Utah',582442,'United States','801-260-4512','A','suspendisse potenti nullam porttitor lacus at','2023-03-07','2023-05-18',281),(38,'Cary','Muldowney',85,'39509 Northfield Road','California',503359,'United States','909-840-4398','A','aliquam augue','2023-02-26','2023-11-01',239),(39,'Kennith','Summerside',28,'2392 Donald Point','Oklahoma',623188,'United States','405-925-9604','B','ipsum dolor sit amet consectetuer adipiscing','2023-03-01','2024-02-13',383),(40,'Dicky','Turfes',44,'6606 Maywood Crossing','Columbia',772094,'United States','202-571-4399','A','quis orci nullam molestie nibh in','2023-03-08','2023-11-16',480),(41,'Jerad','Lorenzin',84,'1 Londonderry Trail','Florida',317779,'United States','813-657-4249','A','velit nec nisi vulputate nonummy maecenas','2023-03-06','2023-06-19',211),(42,'Erick','Smitten',37,'8074 Evergreen Point','Indiana',666014,'United States','317-569-3900','A','pretium quis lectus suspendisse potenti in','2023-03-09','2023-05-27',325),(43,'Laetitia','Marriot',100,'17 Gale Park','Arizona',533890,'United States','520-229-8986','B','viverra dapibus nulla suscipit ligula in','2023-02-26','2023-10-13',584),(44,'Haily','Bethel',61,'93 Transport Hill','New York',460902,'United States','585-765-6174','A','imperdiet nullam','2023-03-11','2023-08-01',16),(45,'Zsazsa','Jizhaki',34,'6 Autumn Leaf Place','California',288914,'United States','415-853-2842','B','vel lectus in quam','2023-02-18','2023-09-11',546),(46,'Tammie','Robberts',3,'51560 Lighthouse Bay Lane','California',499892,'United States','408-517-5290','C','mus vivamus vestibulum sagittis','2023-03-18','2023-08-31',57),(47,'Anni','Sciacovelli',97,'77 East Plaza','Ohio',333483,'United States','419-150-3059','C','quis turpis eget','2023-02-20','2023-04-03',936),(48,'Reginauld','Shakesbye',51,'71923 Fairview Point','Delaware',292207,'United States','302-787-9416','B','vestibulum ac est lacinia nisi venenatis','2023-02-28','2023-12-28',910),(49,'Wilt','Darrington',79,'19804 Riverside Drive','Michigan',576719,'United States','231-508-0867','B','praesent blandit','2023-03-12','2024-01-08',257),(50,'Sutherlan','Fidgett',22,'2 Union Avenue','North Carolina',236601,'United States','704-214-6105','A','nisl duis ac','2023-03-01','2023-11-28',524),(51,'Dietrich','Urwin',50,'65194 Hansons Plaza','Florida',386399,'United States','321-664-0526','C','quis orci nullam molestie nibh in lectus pellentesque','2023-02-17','2023-11-03',873),(52,'Northrup','Daunay',78,'3 Katie Circle','Ohio',376365,'United States','614-636-5449','A','vulputate elementum nullam varius nulla facilisi cras non','2023-02-28','2023-12-09',364),(53,'Tobe','Wilcockes',74,'8 Kenwood Park','South Dakota',497266,'United States','605-930-0137','C','velit vivamus vel nulla','2023-03-01','2023-12-23',917),(54,'Slade','Winchester',13,'918 Oriole Point','California',214676,'United States','510-703-2613','B','nulla ac','2023-03-16','2023-07-27',280),(55,'Derril','Flye',62,'27881 Rigney Drive','Georgia',661253,'United States','404-183-4800','B','posuere felis sed lacus morbi sem mauris','2023-03-03','2023-07-23',917),(56,'Massimiliano','Kingsmill',91,'92 Forest Run Street','California',685413,'United States','650-229-8866','B','donec dapibus duis','2023-03-16','2023-09-24',968),(57,'Jennilee','Brennon',17,'1 Lyons Street','Ohio',178143,'United States','614-406-5905','A','morbi a ipsum integer a','2023-02-22','2024-02-17',830),(58,'Vitia','Doding',45,'3 Surrey Circle','Florida',492780,'United States','941-479-1933','A','augue vestibulum ante ipsum primis in','2023-03-09','2023-11-05',74),(59,'Dreddy','Cookley',92,'151 Monument Center','Mississippi',795255,'United States','601-246-7109','A','potenti cras in','2023-03-08','2023-05-05',178),(60,'Andrew','Burwell',85,'8031 Roth Terrace','Georgia',338644,'United States','770-293-5534','A','ac tellus semper interdum mauris','2023-03-10','2024-01-05',469),(61,'Gary','De Ferraris',89,'65 Heath Point','Illinois',773271,'United States','217-819-3383','B','nam ultrices','2023-03-12','2023-12-11',165),(62,'Charlie','Wallis',74,'6464 Mallory Terrace','Ohio',136478,'United States','234-183-7402','A','erat eros viverra eget','2023-02-21','2023-11-19',704),(63,'Karmen','Sherrard',13,'0263 Ohio Junction','Connecticut',437203,'United States','203-655-7358','A','in hac habitasse platea dictumst','2023-03-14','2023-03-30',516),(64,'Lizette','Pottiphar',57,'8504 Hoffman Drive','California',423116,'United States','916-437-0045','A','et ultrices posuere cubilia curae duis faucibus accumsan','2023-03-05','2023-05-08',505),(65,'Dorie','Aireton',81,'0 Eastwood Lane','Texas',288976,'United States','806-981-0499','A','potenti nullam porttitor','2023-03-07','2023-07-14',850),(66,'Rosetta','Kupis',67,'796 Briar Crest Terrace','Ohio',632951,'United States','330-638-1530','C','sed magna at nunc commodo','2023-03-13','2023-10-22',243),(67,'Edythe','Kitto',55,'24 Garrison Plaza','Missouri',294448,'United States','314-804-1604','A','porttitor id consequat in consequat','2023-03-04','2023-10-20',97),(68,'Vasilis','Ickovic',100,'661 Elmside Circle','South Carolina',239408,'United States','864-526-1285','A','proin leo odio porttitor id','2023-03-16','2023-09-24',941),(69,'Jaime','Bilborough',95,'71791 Arapahoe Road','Louisiana',398917,'United States','504-390-7208','A','suspendisse accumsan tortor quis turpis sed ante','2023-02-19','2023-10-27',912),(70,'Forster','Jelley',56,'51510 Roxbury Plaza','Louisiana',495928,'United States','318-647-3728','A','mi sit amet lobortis sapien sapien non','2023-02-20','2024-01-25',640),(71,'Mauricio','Rabbitts',17,'5 Walton Plaza','Louisiana',224470,'United States','318-805-3278','B','justo pellentesque viverra','2023-03-11','2023-05-19',424),(72,'Ebba','Skaif',95,'118 Knutson Place','Pennsylvania',600748,'United States','570-265-5933','C','convallis nulla neque','2023-02-27','2023-05-01',503),(73,'Berke','Francesc',23,'01 Loomis Parkway','Columbia',523957,'United States','202-410-3028','B','in sapien','2023-03-03','2023-04-02',835),(74,'Orville','Kiledal',68,'49 Kensington Road','Nebraska',271959,'United States','402-947-2859','C','magna vulputate luctus cum','2023-03-07','2023-05-08',867),(75,'Tudor','Bulfield',70,'02666 Banding Hill','Washington',776288,'United States','509-101-7061','B','tempus vivamus','2023-02-20','2023-06-19',490),(76,'Lorine','Pitson',79,'7 Duke Pass','Ohio',790514,'United States','614-905-1564','A','praesent id massa id nisl venenatis lacinia aenean','2023-02-22','2023-05-18',296),(77,'Haydon','Yekel',78,'00 Green Ridge Plaza','California',635782,'United States','408-226-1697','A','lectus suspendisse potenti in eleifend','2023-02-15','2023-06-12',327),(78,'Raynell','Elias',94,'236 Michigan Point','Florida',204072,'United States','561-302-0217','B','consequat varius integer ac leo pellentesque','2023-02-19','2023-09-25',889),(79,'Lulu','Assaf',10,'6 Messerschmidt Parkway','Virginia',774845,'United States','434-227-0535','A','placerat ante nulla justo aliquam','2023-02-24','2023-08-29',928),(80,'Pamelina','Tanswill',63,'9 Larry Plaza','New York',647680,'United States','585-175-5246','C','accumsan tellus nisi','2023-03-04','2023-03-22',972),(81,'Adriano','Walisiak',4,'7 Summer Ridge Court','Arkansas',313062,'United States','501-584-5916','A','ac lobortis vel','2023-03-04','2023-09-10',835),(82,'Phebe','Hildrew',92,'815 Graedel Trail','Alaska',331218,'United States','907-318-7372','B','nulla dapibus dolor vel est donec odio justo','2023-02-18','2023-04-11',930),(83,'Alfie','O\'Garmen',53,'88 Mayer Lane','Florida',315584,'United States','561-330-7463','B','nunc rhoncus','2023-03-08','2023-03-26',47),(84,'Ynes','Grinov',26,'83943 West Drive','Connecticut',577385,'United States','203-613-4986','B','pede venenatis non sodales sed tincidunt','2023-03-06','2024-01-02',100),(85,'Frederigo','Mellhuish',35,'0 Lighthouse Bay Junction','Missouri',787647,'United States','573-346-5721','B','rhoncus mauris enim leo','2023-02-23','2023-04-12',889),(86,'Hew','Carous',77,'038 Quincy Pass','Colorado',240569,'United States','719-301-0042','B','sit amet nulla','2023-03-12','2024-01-09',98),(87,'Roosevelt','Atthowe',1,'62 Crownhardt Street','California',295928,'United States','916-536-0714','A','morbi porttitor lorem','2023-03-01','2023-10-15',180),(88,'Urbain','Flatte',95,'443 Oak Valley Road','New York',592564,'United States','315-318-7452','C','in hac habitasse platea dictumst etiam faucibus cursus','2023-03-16','2023-11-25',304),(89,'Staffard','Ownsworth',91,'86 Mockingbird Hill','Missouri',710166,'United States','314-368-2792','C','urna ut tellus','2023-03-01','2023-08-17',255),(90,'Udale','Revey',81,'32 Manley Circle','Florida',308729,'United States','954-927-8671','A','condimentum neque sapien','2023-03-01','2023-12-30',72),(91,'Norah','Gwyllt',48,'78644 Spaight Terrace','Indiana',165611,'United States','260-381-0896','A','erat nulla tempus vivamus in','2023-03-07','2023-08-23',449),(92,'Erhart','Dunphie',29,'37 Schmedeman Court','Ohio',761319,'United States','419-821-3060','B','quis orci nullam molestie nibh in lectus','2023-02-22','2023-10-25',258),(93,'Loren','Tapp',45,'7 Oak Valley Street','Illinois',297248,'United States','312-869-6884','A','ipsum primis in','2023-03-14','2024-03-13',462),(94,'Alyda','Mudge',40,'989 Northridge Avenue','Virginia',113932,'United States','757-705-6810','C','integer a nibh in quis','2023-03-10','2023-09-25',757),(95,'Harlan','Blaney',88,'54 Talisman Court','Tennessee',169248,'United States','901-851-9453','A','enim lorem ipsum','2023-03-01','2023-06-29',787),(96,'Ara','Nazer',55,'5578 Atwood Avenue','Ohio',630031,'United States','419-697-7543','A','posuere felis sed','2023-03-08','2023-07-22',20),(97,'Charin','Greenlees',47,'272 Esker Road','California',476273,'United States','714-840-0695','A','morbi vestibulum velit id pretium iaculis','2023-02-23','2023-05-24',985),(98,'Paige','Husher',2,'3 Bartillon Park','Nebraska',329524,'United States','402-444-7170','B','pede morbi','2023-03-16','2023-10-04',443),(99,'Tan','Jackson',93,'006 Sommers Pass','Texas',672551,'United States','806-183-5652','C','cras pellentesque volutpat dui maecenas tristique est et','2023-03-15','2024-01-18',300),(100,'Raul','Hardwell',41,'84 Sherman Court','Illinois',395581,'United States','773-976-0315','B','ultrices posuere cubilia','2023-02-23','2023-03-24',805),(101,'Cynthea','Anstiss',55,'08009 Mccormick Crossing','Colorado',269982,'United States','720-141-9721','A','elit ac','2023-02-27','2023-04-05',34),(102,'Kaylee','Bollans',28,'335 Harper Terrace','Washington',176478,'United States','253-883-1172','A','duis ac nibh fusce lacus purus aliquet at','2023-02-24','2024-02-18',535),(103,'Caz','Botler',99,'2 Daystar Plaza','Minnesota',526978,'United States','612-490-2351','A','enim lorem ipsum dolor sit','2023-02-15','2024-02-23',952),(104,'Marylinda','Townsend',83,'748 Sugar Plaza','West Virginia',320701,'United States','304-952-4682','A','massa id lobortis convallis tortor','2023-02-18','2023-04-18',301),(105,'Teena','Abramovitz',60,'23820 Del Mar Parkway','Hawaii',549188,'United States','808-364-6134','A','dui luctus rutrum nulla tellus','2023-03-16','2023-11-15',599),(106,'Stefania','Brou',1,'6 Roxbury Alley','Columbia',179722,'United States','202-622-3198','B','vitae quam suspendisse potenti nullam porttitor','2023-02-23','2024-02-06',418),(107,'Milka','Kilbourn',63,'4 Nancy Circle','North Carolina',653341,'United States','704-298-1802','A','cras mi pede malesuada in imperdiet','2023-02-21','2023-06-28',281),(108,'Lianne','Beining',56,'4249 Holy Cross Junction','Texas',578632,'United States','432-534-4158','B','platea dictumst','2023-02-28','2023-05-02',409),(109,'Pail','Erdis',29,'322 Mcbride Hill','California',454196,'United States','408-181-3649','C','faucibus orci luctus','2023-02-24','2023-03-28',977),(110,'Laural','Langthorne',93,'5238 Reindahl Junction','Washington',675138,'United States','425-545-4987','C','quis orci eget orci vehicula condimentum curabitur in','2023-03-19','2023-12-26',416),(111,'Curr','Andrewartha',22,'3068 Straubel Terrace','California',121543,'United States','310-424-4348','B','massa id nisl venenatis lacinia','2023-02-24','2023-12-27',734),(112,'Anderson','Wiffield',42,'4 Debra Street','Tennessee',562268,'United States','615-628-8968','A','vulputate ut ultrices vel augue vestibulum ante ipsum','2023-02-22','2023-10-20',706),(113,'Glenine','Hartus',29,'3173 Dawn Center','California',384165,'United States','408-199-6045','B','interdum venenatis turpis enim','2023-02-22','2023-08-06',275),(114,'Ryan','Garces',46,'872 Bunker Hill Place','Massachusetts',366389,'United States','508-544-0860','C','tellus in sagittis dui','2023-02-24','2023-08-29',690),(115,'Beatrix','Hursthouse',52,'36925 Carpenter Park','Georgia',234658,'United States','229-947-8718','A','ipsum primis in faucibus orci','2023-02-19','2023-04-21',148),(116,'Aggy','Whichelow',68,'227 Elgar Road','Florida',222330,'United States','786-398-4996','A','curabitur gravida nisi at nibh in hac habitasse','2023-03-17','2023-10-06',650),(117,'Debor','Chaudrelle',68,'76 Elmside Circle','Maryland',333243,'United States','410-909-8966','C','quis orci','2023-03-08','2024-01-22',501),(118,'Robby','Jillitt',85,'256 Namekagon Street','North Carolina',574612,'United States','704-131-3366','B','pede morbi porttitor lorem id ligula suspendisse ornare','2023-03-16','2023-11-09',525),(119,'Arney','Crafter',97,'067 Old Shore Avenue','Louisiana',473083,'United States','504-197-1687','B','non velit donec diam neque vestibulum eget vulputate','2023-02-28','2023-12-08',766),(120,'Della','Normanvill',1,'573 Heffernan Point','Arizona',384452,'United States','602-574-8946','C','amet consectetuer adipiscing elit proin interdum','2023-02-19','2024-01-15',645),(121,'Rem','MacShane',38,'898 Packers Drive','Tennessee',784105,'United States','865-267-2068','B','neque vestibulum eget vulputate ut','2023-03-12','2023-07-02',249),(122,'Madalena','Mingotti',4,'36265 Summit Terrace','Missouri',340370,'United States','417-698-7366','B','diam vitae','2023-02-16','2024-02-28',580),(123,'Michael','Elves',20,'6 Kedzie Pass','Kansas',589738,'United States','785-330-5561','A','in faucibus orci luctus','2023-02-23','2024-01-29',835),(124,'Selie','Cordel',60,'3 Fair Oaks Lane','Florida',583496,'United States','941-329-4016','C','faucibus orci luctus et ultrices posuere cubilia','2023-03-04','2023-05-14',590),(125,'Dickie','Otley',39,'28 Bowman Trail','Idaho',664969,'United States','208-343-1781','B','consequat metus sapien ut nunc vestibulum ante','2023-03-08','2023-12-22',510),(126,'Wallace','Jost',76,'184 Sycamore Lane','Tennessee',499928,'United States','423-906-2586','C','consequat ut nulla sed accumsan felis ut','2023-03-11','2024-02-23',435),(127,'Ashly','Pailin',65,'16 Glacier Hill Lane','Georgia',759910,'United States','706-242-3420','B','volutpat quam pede lobortis','2023-03-13','2023-11-09',393),(128,'Colleen','Yarnley',67,'3 Ridge Oak Park','Nebraska',339030,'United States','402-397-3588','A','sit amet diam in magna bibendum imperdiet','2023-03-18','2023-03-20',464),(129,'Donnamarie','Bader',72,'2668 Oakridge Junction','South Carolina',659157,'United States','864-249-6647','C','ullamcorper augue','2023-03-11','2023-10-20',457),(130,'Sharron','Voice',17,'7384 South Court','Pennsylvania',182310,'United States','717-830-3573','B','faucibus accumsan odio','2023-02-20','2023-12-18',706),(131,'Codie','Harber',96,'77148 Eastlawn Point','Nevada',643854,'United States','702-669-1894','C','nascetur ridiculus mus vivamus','2023-02-21','2024-01-10',833),(132,'Olympia','Chippin',93,'4 Gina Parkway','Texas',694895,'United States','817-744-5239','C','lacus purus aliquet at feugiat non','2023-03-07','2023-09-12',967),(133,'Goran','Snape',69,'70058 Mitchell Alley','Georgia',758362,'United States','404-655-0583','C','libero convallis eget eleifend luctus ultricies eu nibh','2023-02-28','2023-05-10',293),(134,'Cheryl','McAvaddy',31,'7 Mendota Junction','Florida',617631,'United States','561-873-5344','A','in est','2023-02-21','2023-08-20',469),(135,'Koo','Lamey',90,'049 Troy Plaza','Alaska',568678,'United States','907-114-4589','B','penatibus et','2023-03-02','2023-10-07',294),(136,'Scotty','Meltetal',2,'429 Mccormick Way','Connecticut',146147,'United States','860-584-8045','B','mauris ullamcorper purus','2023-03-17','2023-11-26',667),(137,'Welch','O\'Fallone',4,'0681 Larry Court','Kentucky',784106,'United States','502-103-8516','A','augue aliquam erat','2023-03-10','2023-07-31',67),(138,'Laural','Mughal',84,'58054 Shasta Trail','Virginia',413564,'United States','757-140-1960','A','primis in faucibus','2023-02-17','2024-03-09',238),(139,'Benedick','Bauldrey',6,'3428 Oak Valley Road','Florida',256687,'United States','772-519-8593','A','vulputate elementum nullam varius','2023-02-16','2023-11-16',641),(140,'Bonnie','Makiver',50,'273 Ilene Court','Ohio',792084,'United States','513-136-0310','C','sed interdum venenatis','2023-02-20','2024-02-23',303),(141,'Rogerio','Truder',11,'86618 Sunnyside Place','Maryland',156960,'United States','410-319-6992','C','tortor risus dapibus augue vel accumsan tellus nisi','2023-03-04','2023-05-20',125),(142,'Sigismund','Deaconson',23,'87180 Westridge Parkway','California',317631,'United States','415-342-5337','B','at ipsum ac tellus semper interdum mauris','2023-03-19','2023-12-07',205),(143,'Yule','Crumpton',57,'5 Lukken Plaza','Columbia',498480,'United States','202-162-6690','C','cursus id turpis integer aliquet massa id lobortis','2023-02-21','2023-11-05',471),(144,'Juieta','Klauer',20,'369 Sunfield Street','Texas',169378,'United States','682-413-2545','A','nec nisi volutpat eleifend donec ut dolor','2023-02-19','2023-10-31',228),(145,'Gerti','Fordyce',84,'1029 South Terrace','Colorado',675987,'United States','719-666-2211','B','at nunc','2023-03-16','2024-03-10',997),(146,'Alf','O\'Ferris',31,'85585 Mandrake Alley','Louisiana',244206,'United States','504-226-8063','C','nisi vulputate nonummy maecenas tincidunt lacus at','2023-03-17','2023-05-05',374),(147,'Ardine','Beharrell',65,'22960 Warbler Pass','Georgia',430563,'United States','404-861-5195','B','tincidunt nulla mollis molestie lorem quisque ut erat','2023-03-05','2023-07-30',342),(148,'Linn','Scutching',84,'516 Northfield Pass','Arizona',353302,'United States','602-299-6395','A','rhoncus aliquet pulvinar sed nisl','2023-03-08','2023-10-31',560),(149,'Helli','Absolon',54,'65121 Tony Parkway','Texas',651006,'United States','512-333-4574','C','hac habitasse','2023-03-07','2023-05-25',303),(150,'Stevena','Cheales',55,'845 Carioca Lane','California',347349,'United States','916-868-3550','B','sit amet nulla quisque arcu','2023-03-13','2023-07-08',195),(151,'Gray','Warde',60,'2754 Holmberg Trail','Illinois',190991,'United States','309-994-6522','B','quam sollicitudin vitae consectetuer eget','2023-02-26','2023-06-27',362),(152,'Samara','Shand',39,'20757 Shelley Parkway','Colorado',619889,'United States','719-492-0278','B','ridiculus mus','2023-02-24','2024-02-16',926),(153,'Sid','Kamall',48,'5 Harper Circle','Florida',778029,'United States','941-800-2185','B','orci eget orci','2023-03-09','2023-03-19',240),(154,'Napoleon','Harnes',58,'87400 Meadow Valley Way','Alabama',256114,'United States','251-815-0865','C','congue risus semper porta volutpat','2023-02-25','2023-04-23',88),(155,'Felicia','Hargate',78,'61047 Hallows Point','Oklahoma',724521,'United States','918-691-5526','C','ipsum primis in faucibus orci luctus et','2023-02-23','2024-01-18',43),(156,'Jared','Crankhorn',16,'332 Anniversary Terrace','Texas',168485,'United States','281-730-8692','A','ultricies eu nibh','2023-02-25','2024-02-02',737),(157,'Francois','Sprey',77,'58229 Continental Trail','Kentucky',169097,'United States','502-931-1520','A','libero convallis','2023-03-12','2023-06-11',248),(158,'Venita','Chatenier',34,'1 Eastwood Center','Kansas',241291,'United States','913-269-0567','C','nibh in hac habitasse platea dictumst','2023-03-03','2024-02-29',986),(159,'Joseito','Etches',91,'21418 Fallview Point','Florida',248558,'United States','727-257-6577','B','quam a','2023-02-22','2023-04-30',995),(160,'Wanda','Bonnier',10,'8839 Eagan Place','Texas',599239,'United States','432-682-4579','A','velit vivamus vel nulla','2023-02-20','2023-04-29',693),(161,'Janka','Soots',56,'9 Fremont Court','California',287445,'United States','559-931-5497','C','consequat metus sapien ut nunc vestibulum ante','2023-03-12','2023-05-26',413),(162,'Benson','Ellard',21,'65 Dwight Junction','Indiana',466957,'United States','260-159-4427','C','habitasse platea dictumst aliquam augue quam sollicitudin vitae','2023-02-24','2023-05-04',476),(163,'Uri','Murrigans',84,'97828 Caliangt Parkway','Pennsylvania',770521,'United States','412-805-9037','C','faucibus orci luctus et ultrices posuere cubilia curae','2023-03-02','2023-10-15',34),(164,'Gib','Lambin',61,'3927 Huxley Way','Pennsylvania',539108,'United States','814-930-1077','B','justo sit amet sapien dignissim','2023-03-19','2023-12-19',466),(165,'Kassie','Josupeit',100,'89 Continental Plaza','New York',495259,'United States','716-647-1732','C','felis fusce posuere','2023-02-20','2023-09-10',634),(166,'Frederic','Desporte',11,'09202 Forster Lane','Texas',515111,'United States','512-279-1537','A','non mauris morbi non lectus aliquam','2023-03-04','2023-12-19',487),(167,'Cam','Rizzone',11,'9414 Mallard Alley','Florida',275642,'United States','727-956-0530','C','dapibus at diam nam tristique tortor eu','2023-02-24','2023-07-26',315),(168,'Aldrich','Dykins',82,'119 Schmedeman Park','Massachusetts',343948,'United States','781-435-5173','A','quam sapien varius ut','2023-03-02','2023-08-17',224),(169,'Konstantine','Corrett',38,'8948 Anniversary Plaza','North Carolina',207201,'United States','704-566-7511','A','et magnis','2023-02-22','2023-03-30',90),(170,'Kendre','Le Sarr',79,'6752 Ilene Pass','Wisconsin',300888,'United States','608-796-8134','C','at velit vivamus vel','2023-02-19','2023-08-03',747),(171,'Pincas','Waycot',96,'3949 Hovde Park','Florida',294240,'United States','786-890-3092','C','cursus urna ut tellus nulla ut erat id','2023-03-18','2023-12-31',546),(172,'Darlleen','Rule',64,'154 Eagle Crest Junction','Georgia',614444,'United States','706-306-7803','C','molestie nibh','2023-02-28','2023-07-04',843),(173,'Hewe','Forsdike',6,'9881 Oakridge Pass','Illinois',239390,'United States','217-275-2862','B','vitae nisi nam ultrices','2023-03-17','2023-03-20',577),(174,'Reece','Redish',32,'831 Lighthouse Bay Place','Texas',753308,'United States','903-272-2616','B','nunc proin at turpis a pede posuere','2023-03-08','2023-06-15',748),(175,'Cloris','Trigg',62,'827 Victoria Park','Texas',385423,'United States','512-962-1178','C','donec diam neque vestibulum eget','2023-02-21','2023-04-17',185),(176,'Batholomew','Catley',62,'0 Service Parkway','California',411203,'United States','626-195-0654','C','est congue elementum in hac','2023-03-17','2023-05-26',320),(177,'Bessie','Leopold',44,'2577 Grayhawk Center','Virginia',489719,'United States','571-534-1624','C','ac neque duis','2023-02-16','2023-10-16',810),(178,'Miran','Shipway',70,'4 Chive Alley','Missouri',596917,'United States','816-870-7544','A','congue vivamus metus arcu adipiscing molestie hendrerit','2023-03-09','2024-01-02',589),(179,'Pinchas','Macklin',66,'69290 Beilfuss Parkway','Texas',130985,'United States','512-603-8709','B','vulputate luctus cum sociis','2023-03-15','2023-10-27',452),(180,'Ring','Bannister',21,'9687 Meadow Valley Way','Georgia',511368,'United States','478-581-1873','B','id pretium iaculis diam erat fermentum','2023-03-01','2023-07-08',636),(181,'Annabella','Bromont',54,'9455 Mockingbird Alley','Columbia',253822,'United States','202-471-3059','B','semper sapien a libero','2023-03-12','2023-07-07',521),(182,'Yule','Mangion',18,'18 Red Cloud Crossing','Oregon',650557,'United States','971-583-6835','A','est lacinia nisi venenatis tristique fusce congue diam','2023-02-23','2024-02-08',64),(183,'Nadya','Ploughwright',31,'58309 Kenwood Terrace','Ohio',728681,'United States','937-522-9012','A','nulla neque libero convallis eget eleifend luctus','2023-03-08','2023-11-03',977),(184,'Moselle','Slaght',1,'6958 Dawn Alley','Iowa',287292,'United States','515-770-4632','B','elit ac nulla sed','2023-03-15','2024-02-27',803),(185,'Amandie','Huggen',22,'65308 Sunfield Hill','Columbia',508559,'United States','202-298-6082','B','vivamus metus arcu adipiscing molestie hendrerit at vulputate','2023-03-11','2023-06-06',859),(186,'Milka','Ingle',10,'33025 Northridge Terrace','Texas',580522,'United States','713-533-3837','A','lectus in quam fringilla rhoncus','2023-02-25','2023-11-16',10),(187,'Ignatius','Bishell',96,'8 Lien Crossing','Utah',642230,'United States','801-806-8444','A','interdum mauris ullamcorper purus sit amet','2023-02-19','2023-07-18',538),(188,'Ennis','Scargill',73,'818 Dorton Court','Columbia',503483,'United States','202-663-2405','B','molestie sed','2023-03-01','2024-02-13',407),(189,'Stanford','Boanas',50,'2993 Carioca Alley','Wisconsin',410671,'United States','920-373-8342','C','duis faucibus accumsan odio curabitur convallis duis consequat','2023-02-23','2023-07-06',552),(190,'Johannah','Azema',22,'7 Ohio Crossing','Kentucky',490103,'United States','502-287-0636','C','nulla elit','2023-03-13','2024-02-17',838),(191,'Willie','Lince',90,'10065 Gale Court','Iowa',158549,'United States','515-988-6656','C','elementum eu interdum eu tincidunt','2023-03-12','2023-10-09',546),(192,'Lexi','Dorn',61,'64 Anderson Point','California',654169,'United States','408-376-8761','C','a libero nam dui proin leo odio porttitor','2023-03-16','2023-04-27',661),(193,'Dick','Calleja',10,'1 Pine View Way','California',178355,'United States','661-496-0169','B','integer pede justo lacinia eget tincidunt eget','2023-02-16','2024-02-13',313),(194,'Nerta','Seson',86,'41 Lakeland Drive','Texas',115927,'United States','469-793-2688','B','ultrices posuere cubilia curae','2023-03-08','2023-07-27',116),(195,'Liesa','Johannes',71,'345 Porter Court','Pennsylvania',414433,'United States','724-634-8683','B','nulla tempus vivamus in felis eu sapien cursus','2023-03-07','2024-02-04',853),(196,'Darcy','Dunbar',87,'8 Cottonwood Way','California',231679,'United States','760-668-1509','A','rutrum neque aenean auctor gravida sem','2023-03-17','2023-06-26',276),(197,'Jamey','Atteridge',47,'31767 Randy Drive','New Mexico',457836,'United States','505-774-4865','B','hac habitasse platea dictumst aliquam augue quam','2023-03-13','2023-10-08',684),(198,'Del','Zammitt',59,'45 Dawn Place','Iowa',604122,'United States','712-901-8753','A','eu felis fusce posuere','2023-03-12','2024-02-27',424),(199,'Fabe','Cough',25,'4 Coolidge Place','Florida',794927,'United States','941-136-0395','A','arcu libero','2023-02-24','2023-06-14',960),(200,'Greta','Dosdale',6,'7 Summer Ridge Parkway','Ohio',402782,'United States','419-533-1262','B','elit ac nulla sed','2023-02-22','2024-01-25',185),(201,'Nicolai','Bern',66,'61 Pleasure Pass','Virginia',712879,'United States','540-194-1812','A','aenean sit amet justo morbi ut odio','2023-03-07','2023-08-08',283),(202,'Nanon','Frankling',80,'6471 Dorton Street','Arkansas',229345,'United States','501-339-4781','A','morbi porttitor lorem id ligula suspendisse ornare consequat','2023-03-12','2023-05-21',523),(203,'Jaclin','Dwire',83,'4 Roth Place','Illinois',482028,'United States','630-284-3441','B','curabitur gravida nisi at nibh in hac habitasse','2023-03-01','2024-02-20',668),(204,'Bria','Alti',42,'64 Dennis Circle','Utah',687455,'United States','435-824-0747','A','enim leo rhoncus sed vestibulum','2023-03-08','2023-06-09',426),(205,'Cindra','Smullen',71,'425 Stone Corner Parkway','Maryland',615743,'United States','410-909-2147','B','tincidunt nulla mollis molestie lorem','2023-03-10','2023-04-29',427),(206,'Isis','di Rocca',10,'1 Union Court','Texas',292178,'United States','214-762-4283','C','mollis molestie lorem quisque ut erat curabitur','2023-02-20','2024-03-07',83),(207,'Marylin','Farrand',70,'14387 Menomonie Plaza','Oklahoma',764397,'United States','405-280-7168','C','donec odio justo sollicitudin ut suscipit a','2023-03-04','2024-03-02',482),(208,'Cedric','Casiroli',22,'088 Muir Street','New York',280743,'United States','716-433-1209','B','montes nascetur ridiculus','2023-02-20','2023-06-19',884),(209,'Christal','Wall',92,'8414 Farwell Junction','Pennsylvania',326356,'United States','412-324-8444','A','scelerisque mauris sit','2023-03-10','2023-06-29',403),(210,'Flemming','Blanchette',35,'72499 Blue Bill Park Way','Minnesota',610570,'United States','320-423-2023','B','et magnis','2023-02-15','2023-10-03',781),(211,'Gifford','Daines',53,'43412 Delladonna Trail','Minnesota',645283,'United States','612-198-0701','B','gravida nisi at nibh','2023-03-14','2023-03-14',473),(212,'Sharlene','Ellesworthe',87,'95255 Birchwood Lane','New York',568364,'United States','716-771-0282','B','morbi non lectus aliquam sit amet diam','2023-03-07','2023-09-09',272),(213,'Miriam','Kunisch',66,'9954 Sundown Parkway','Tennessee',330295,'United States','865-190-6203','C','metus sapien ut nunc vestibulum','2023-02-27','2023-09-12',822),(214,'Atlante','Flute',37,'3072 Hanson Street','Texas',769409,'United States','713-352-0746','C','pede malesuada in imperdiet et commodo vulputate','2023-03-11','2023-05-02',698),(215,'Nicola','Raiman',7,'324 Barnett Trail','New York',328577,'United States','347-680-4053','B','curae nulla dapibus dolor','2023-03-17','2023-08-26',342),(216,'Boniface','Melanaphy',79,'92 Northland Pass','New York',712868,'United States','212-226-2563','B','cubilia curae nulla dapibus dolor','2023-02-28','2023-05-05',426),(217,'Enrichetta','MacMakin',51,'6 Farmco Place','South Dakota',312583,'United States','605-718-2466','C','consequat morbi a ipsum integer','2023-03-06','2023-08-20',207),(218,'Claudian','Maharey',91,'327 Anhalt Junction','Texas',512143,'United States','903-832-8486','B','ut ultrices vel augue vestibulum ante ipsum primis','2023-02-15','2023-04-12',740),(219,'Kalil','Sokell',8,'4178 Barnett Terrace','Illinois',761631,'United States','773-550-5734','C','ut odio cras mi','2023-02-15','2023-06-03',274),(220,'Rachelle','Muress',77,'913 Declaration Lane','New York',588674,'United States','518-930-1927','A','sapien cursus vestibulum proin eu mi nulla ac','2023-02-17','2023-07-27',114),(221,'Roselle','Mitchard',46,'40229 Alpine Junction','Kansas',647638,'United States','316-657-2532','A','vestibulum ac est lacinia nisi venenatis tristique fusce','2023-02-19','2023-05-03',343),(222,'Nananne','Keyser',24,'627 Larry Court','Kentucky',179121,'United States','859-971-7638','B','id ligula suspendisse ornare','2023-03-05','2023-05-31',789),(223,'Nady','Loch',6,'4968 Butternut Junction','Michigan',232199,'United States','248-107-7082','B','ipsum dolor sit','2023-03-14','2023-10-18',174),(224,'Geralda','Baltrushaitis',55,'079 Kenwood Drive','Arizona',173441,'United States','480-650-0003','B','id pretium iaculis','2023-02-19','2024-02-22',729),(225,'Deanna','Cawthery',95,'8 Petterle Point','Texas',571145,'United States','281-676-1786','B','vulputate justo in blandit ultrices','2023-02-23','2023-10-04',634),(226,'Windy','Arkell',44,'32955 Summerview Lane','Florida',533767,'United States','786-493-0564','B','dapibus dolor vel','2023-02-20','2024-01-11',10),(227,'Allissa','Scurrell',5,'76994 Swallow Place','Minnesota',222991,'United States','651-301-7227','B','libero nullam sit amet turpis','2023-03-04','2023-06-12',496),(228,'Lazar','Christoffersen',75,'89 Jay Park','Florida',674595,'United States','941-290-9823','B','neque libero convallis','2023-03-13','2024-03-05',774),(229,'Juliana','Boag',96,'52963 Marcy Plaza','Illinois',141133,'United States','217-582-5624','A','blandit non interdum in','2023-02-15','2023-10-26',574),(230,'Stuart','Cheshire',24,'54 Anzinger Hill','Pennsylvania',478977,'United States','267-338-8168','B','nulla nisl','2023-02-26','2023-07-06',471),(231,'Arron','Whyard',31,'83 Bunting Pass','Colorado',212807,'United States','303-582-6100','B','convallis nunc proin at turpis a pede','2023-03-18','2024-01-01',569),(232,'Torrey','Iron',91,'50554 Brown Circle','Texas',287699,'United States','915-546-2035','A','in libero ut','2023-03-06','2023-11-22',730),(233,'Ursula','Learmonth',89,'4 Hagan Court','Texas',660341,'United States','915-170-2368','A','in consequat ut nulla sed','2023-02-21','2023-04-02',820),(234,'Iorgos','Uren',44,'98679 Gale Hill','Virginia',144758,'United States','571-846-5090','A','ut volutpat sapien','2023-02-28','2023-12-15',570),(235,'Vincenz','Flisher',62,'8288 Buell Avenue','New York',249258,'United States','716-800-8903','A','nulla suspendisse potenti cras in','2023-03-08','2023-04-29',8),(236,'Lisetta','Ollerton',63,'864 Dorton Alley','Missouri',257266,'United States','314-165-6301','C','pede morbi porttitor lorem id','2023-02-26','2023-11-05',694),(237,'Mitchel','Joule',29,'88 Maywood Lane','North Carolina',687453,'United States','704-492-4026','B','condimentum neque','2023-03-05','2023-11-12',566),(238,'Katrina','Bromige',61,'8687 Portage Center','New York',332630,'United States','347-890-6680','A','congue diam','2023-02-27','2023-09-28',743),(239,'Even','Malkie',33,'62 Lighthouse Bay Pass','Minnesota',718335,'United States','218-965-2818','C','porta volutpat','2023-02-23','2023-11-18',918),(240,'Dennis','Drioli',35,'7 Cherokee Circle','Ohio',416444,'United States','614-761-7874','A','nulla integer pede justo lacinia eget','2023-02-19','2023-09-11',904),(241,'Dolf','Sherrard',58,'24702 Stephen Park','Missouri',382918,'United States','314-822-5406','B','ante vestibulum ante ipsum primis in faucibus','2023-03-01','2023-10-31',223),(242,'Liuka','Zuker',59,'06543 American Road','Texas',562069,'United States','361-144-0030','C','tristique in tempus sit amet sem fusce','2023-02-22','2024-02-18',415),(243,'Thorsten','Clipson',24,'388 Sommers Center','New York',299547,'United States','718-140-5057','C','tortor id nulla ultrices aliquet','2023-02-28','2024-03-06',754),(244,'Gui','Wewell',13,'37 American Pass','Tennessee',244595,'United States','615-609-2536','B','magna vulputate luctus cum sociis','2023-02-20','2023-09-05',175),(245,'Darbie','Serfati',30,'4944 Bartelt Plaza','Pennsylvania',549630,'United States','267-939-6499','A','massa quis augue luctus','2023-03-13','2023-05-31',680),(246,'Fons','Faussett',9,'1293 Buell Alley','Oklahoma',659417,'United States','405-456-1262','B','sit amet','2023-03-19','2023-06-02',270),(247,'Vinita','McCluin',13,'8688 Lerdahl Parkway','Massachusetts',369701,'United States','781-436-4252','A','vestibulum ante ipsum primis in faucibus orci luctus','2023-02-20','2023-07-17',204),(248,'Farra','Hulks',62,'9 Green Ridge Way','Texas',652341,'United States','713-319-0507','A','justo maecenas rhoncus aliquam lacus morbi quis tortor','2023-03-14','2023-09-11',246),(249,'Darrick','Kneller',43,'1434 Judy Court','Pennsylvania',357870,'United States','215-342-2130','C','luctus et ultrices posuere cubilia','2023-03-10','2023-09-09',775),(250,'Avrom','Steffan',15,'5379 Chinook Way','Texas',509683,'United States','214-518-3509','C','dolor vel est','2023-03-04','2023-05-12',909),(251,'Ethelyn','Halbeard',45,'31282 Dunning Avenue','Pennsylvania',364067,'United States','814-339-5631','C','lectus in quam fringilla','2023-02-17','2023-04-08',272),(252,'Dame','Krysiak',60,'4 Maple Road','Florida',116725,'United States','239-234-5023','C','placerat praesent blandit nam nulla integer pede justo','2023-03-01','2023-06-30',294),(253,'Fancy','Moulds',4,'820 Dorton Road','Hawaii',266131,'United States','808-282-1645','C','vestibulum sagittis sapien','2023-02-25','2023-12-20',915),(254,'Norbert','Skelhorne',73,'5 Fieldstone Trail','Michigan',776599,'United States','989-266-1266','C','sapien iaculis','2023-03-13','2024-01-06',441),(255,'Zelig','Vince',59,'978 Morningstar Junction','Connecticut',711600,'United States','203-159-6697','C','pulvinar sed nisl','2023-03-13','2023-09-17',126),(256,'Clarie','Wetter',30,'895 Bayside Court','Illinois',777737,'United States','312-438-4320','A','convallis nunc proin at turpis a','2023-03-06','2023-09-28',544),(257,'Homere','MacCheyne',65,'20276 Karstens Trail','West Virginia',152710,'United States','304-467-3098','B','quam suspendisse potenti nullam porttitor','2023-03-03','2024-03-03',414),(258,'Franny','Espie',10,'4311 Rutledge Circle','Washington',384469,'United States','206-998-9765','C','in faucibus orci luctus et ultrices','2023-02-20','2023-07-30',624),(259,'Beatrisa','Blennerhassett',2,'679 Arkansas Lane','California',685947,'United States','619-854-0643','B','eget elit sodales scelerisque mauris','2023-02-22','2023-05-28',108),(260,'Rowena','Watman',78,'6 Autumn Leaf Circle','Missouri',285612,'United States','816-261-4397','C','pellentesque ultrices','2023-03-18','2024-02-07',76),(261,'Forester','Gronou',27,'11530 Debs Parkway','North Carolina',520946,'United States','704-973-7782','B','lectus suspendisse','2023-02-17','2023-12-11',747),(262,'Tansy','Hutcheson',47,'13 Sullivan Park','Texas',618444,'United States','281-926-9559','B','venenatis lacinia','2023-03-02','2023-06-14',52),(263,'Charlene','McGraw',8,'878 Hudson Drive','Kentucky',163257,'United States','502-605-7063','B','ante ipsum primis in faucibus orci luctus','2023-02-25','2023-04-29',284),(264,'Blane','Meth',12,'2 Surrey Junction','Texas',144723,'United States','915-997-2486','C','proin at turpis a','2023-03-08','2023-09-17',439),(265,'Hillyer','Onthank',65,'9 Bellgrove Alley','Oregon',253254,'United States','503-861-8275','B','est congue elementum in','2023-03-11','2023-05-09',294),(266,'Major','McGuiney',85,'9 Grasskamp Street','Florida',470600,'United States','561-989-3164','A','diam neque vestibulum eget vulputate','2023-03-11','2024-01-19',662),(267,'Karon','Gisbey',40,'747 Londonderry Way','Texas',623861,'United States','903-414-9819','A','donec ut mauris eget massa tempor convallis','2023-03-03','2024-02-11',513),(268,'Welbie','Capstaff',64,'7216 Cottonwood Way','California',116751,'United States','213-851-0280','C','justo sollicitudin ut suscipit','2023-03-01','2023-10-19',471),(269,'Judas','Budgeon',48,'073 Moulton Circle','West Virginia',681714,'United States','304-406-4620','C','nullam molestie nibh in lectus','2023-03-19','2023-04-08',802),(270,'Quinta','Treleven',19,'8499 Paget Center','New York',435641,'United States','917-924-6881','C','quis odio consequat varius','2023-03-01','2024-03-06',59),(271,'Joaquin','Prenty',64,'60 Clemons Drive','Florida',738555,'United States','954-928-3856','C','ut tellus','2023-02-15','2023-06-20',577),(272,'Tiphani','McGinn',4,'8184 Brickson Park Pass','California',632528,'United States','619-920-2159','A','varius nulla facilisi cras non','2023-02-21','2024-03-11',872),(273,'Annabel','Gullam',80,'3 Susan Plaza','Illinois',718178,'United States','309-938-8373','B','in quis justo maecenas rhoncus aliquam lacus','2023-03-05','2023-05-13',103),(274,'Any','Drees',12,'65359 Longview Junction','California',715299,'United States','925-695-4025','A','tempus vivamus in felis','2023-03-11','2023-11-24',231),(275,'Peter','Strangwood',28,'482 Dunning Plaza','Mississippi',566964,'United States','601-480-4067','C','luctus nec molestie sed justo pellentesque viverra pede','2023-02-27','2024-01-21',319),(276,'Algernon','Condell',79,'8 Montana Hill','New Jersey',243824,'United States','201-337-0348','B','tortor duis mattis egestas metus aenean fermentum','2023-03-10','2024-02-17',186),(277,'Cortie','Edgett',57,'3 Pine View Court','Connecticut',460934,'United States','203-423-0132','B','leo rhoncus sed','2023-03-09','2023-04-21',458),(278,'April','Noden',37,'8480 Knutson Place','Texas',524505,'United States','817-554-6790','A','ante vel ipsum praesent blandit lacinia erat','2023-03-10','2023-06-13',998),(279,'Alexine','Doble',96,'7 Hooker Alley','Florida',236960,'United States','561-125-1836','B','penatibus et magnis dis parturient montes nascetur ridiculus','2023-03-01','2023-09-17',446),(280,'Delila','Bilton',13,'9 Arapahoe Drive','California',632114,'United States','805-178-0673','C','maecenas leo odio condimentum','2023-03-02','2023-11-19',72),(281,'Paola','Noquet',8,'674 Green Pass','Texas',409330,'United States','915-157-3514','C','aliquet ultrices erat tortor sollicitudin mi','2023-03-03','2024-01-18',916),(282,'Annabel','Trower',84,'11084 Hallows Place','Florida',598448,'United States','305-627-4778','C','sapien sapien non','2023-02-23','2024-01-19',461),(283,'Shirley','Rowter',33,'9 Morningstar Court','Wisconsin',136661,'United States','414-514-8491','B','phasellus id','2023-03-09','2023-07-23',849),(284,'Kay','Sivil',48,'34 Iowa Terrace','Texas',147467,'United States','281-564-2603','C','sed augue aliquam erat volutpat in','2023-03-03','2024-01-24',195),(285,'Maximilianus','Petrovsky',97,'5 Bluejay Plaza','Pennsylvania',524196,'United States','267-209-4025','C','eget elit sodales scelerisque mauris sit','2023-03-06','2023-04-13',88),(286,'Bryna','Chugg',99,'81 Calypso Avenue','Iowa',798663,'United States','563-587-8996','C','sit amet eros','2023-03-09','2023-10-18',545),(287,'Rudiger','Tuma',2,'3292 Birchwood Place','Florida',596089,'United States','863-288-2311','B','tincidunt ante vel ipsum praesent','2023-02-15','2023-09-27',831),(288,'Martin','Heymann',90,'3310 Stone Corner Lane','Missouri',330516,'United States','417-878-4936','C','congue risus semper','2023-03-10','2023-03-16',968),(289,'Klemens','Wakeling',66,'2 Petterle Way','Massachusetts',770902,'United States','617-745-7721','A','luctus et ultrices posuere cubilia curae','2023-03-04','2023-07-12',446),(290,'Gillan','Pashley',69,'71 Sheridan Place','Alabama',518463,'United States','205-981-7800','C','lectus pellentesque at nulla suspendisse potenti cras','2023-02-18','2023-12-11',584),(291,'Melanie','Gooddy',61,'77 John Wall Drive','Massachusetts',151944,'United States','508-586-1390','A','pede justo eu massa donec dapibus','2023-03-16','2023-07-26',34),(292,'Bonnee','Blackborow',90,'3 Cordelia Avenue','Pennsylvania',755494,'United States','215-447-9354','A','in hac habitasse platea dictumst maecenas','2023-02-22','2023-04-28',572),(293,'Chadwick','Glasner',22,'93 Merchant Junction','Columbia',163818,'United States','202-885-8873','B','massa tempor convallis nulla neque libero convallis','2023-03-04','2023-08-05',136),(294,'Archibald','Feighry',80,'6947 Morrow Parkway','Georgia',460431,'United States','229-700-9618','C','quisque erat eros viverra eget congue eget semper','2023-03-17','2024-02-19',137),(295,'Hugo','Pickrell',70,'6 South Park','Illinois',535550,'United States','309-618-3274','A','pellentesque ultrices phasellus id sapien in sapien','2023-02-21','2023-05-04',981),(296,'Juliette','Humberstone',75,'82 Merry Avenue','Washington',563618,'United States','360-946-8902','C','tortor risus dapibus augue vel accumsan tellus nisi','2023-03-16','2023-07-24',686),(297,'Connie','Deinhardt',27,'9 Harper Crossing','Minnesota',335732,'United States','952-904-2601','A','nunc vestibulum ante ipsum','2023-02-21','2023-11-29',830),(298,'Matthus','Wimbridge',30,'40 Fulton Drive','Illinois',790057,'United States','217-713-8818','C','suscipit a feugiat et eros vestibulum ac est','2023-03-06','2023-06-30',564),(299,'Cam','Purchase',12,'029 Golf Course Court','New Jersey',623714,'United States','862-701-0697','A','est congue elementum in','2023-02-15','2024-02-03',192),(300,'Doralynne','Blackader',44,'456 Burning Wood Court','Colorado',182834,'United States','720-874-6684','B','augue vel accumsan tellus nisi eu orci mauris','2023-03-02','2023-06-25',41),(301,'Julita','Thorn',98,'379 Walton Point','Minnesota',262066,'United States','952-154-3120','C','phasellus in felis donec semper sapien a','2023-02-17','2023-12-16',907),(302,'Kirby','Lambarth',79,'5 Larry Alley','New Jersey',674325,'United States','973-394-4749','A','vestibulum ante','2023-03-04','2023-06-01',243),(303,'Jaclyn','Ricker',38,'929 Clarendon Alley','Pennsylvania',569331,'United States','610-288-6317','C','sed sagittis nam congue risus','2023-03-02','2023-03-14',873),(304,'Manya','Bentke',22,'0 Amoth Lane','Pennsylvania',783238,'United States','412-357-6439','C','sollicitudin mi','2023-02-24','2023-07-26',664),(305,'Kliment','Richards',71,'32 Namekagon Street','Pennsylvania',747055,'United States','412-589-1333','C','habitasse platea dictumst aliquam augue quam sollicitudin','2023-03-11','2023-04-01',779),(306,'Lorne','Batie',89,'03 Eagle Crest Center','Florida',674815,'United States','813-579-8586','B','integer non velit donec diam neque vestibulum eget','2023-03-11','2024-02-28',583),(307,'Hilliary','Orrow',74,'80669 Anderson Terrace','California',605453,'United States','415-868-1309','B','tortor duis','2023-02-22','2024-01-16',74),(308,'Kare','Erridge',64,'1 Beilfuss Terrace','California',589248,'United States','213-197-7525','A','adipiscing lorem vitae mattis nibh ligula','2023-03-14','2023-07-15',370),(309,'Thibaud','McIlvaney',68,'43 Walton Junction','Texas',158550,'United States','281-481-4227','C','donec vitae nisi nam ultrices libero non','2023-03-07','2024-01-13',861),(310,'Chelsy','Maryott',88,'00540 Dexter Court','Minnesota',393133,'United States','952-717-9117','A','et ultrices posuere cubilia curae mauris viverra','2023-02-24','2023-12-05',844),(311,'Lefty','McGrath',8,'992 Pankratz Road','Illinois',129488,'United States','773-986-8791','C','faucibus orci luctus et','2023-02-21','2024-02-22',238),(312,'Salem','Scatchard',44,'7561 Comanche Avenue','Florida',368847,'United States','786-632-0763','A','enim in tempor turpis nec euismod scelerisque quam','2023-03-11','2024-03-14',374),(313,'Phaedra','Feldharker',55,'341 Park Meadow Road','Colorado',297326,'United States','303-696-5570','C','mauris non','2023-02-16','2023-04-07',295),(314,'Stephie','Clibbery',45,'33374 Farragut Way','Texas',327316,'United States','210-476-3097','A','quisque arcu libero rutrum ac lobortis vel dapibus','2023-03-06','2023-09-10',686),(315,'Chip','Pina',32,'0 Prairie Rose Alley','Maryland',322781,'United States','410-712-5875','B','viverra eget congue eget','2023-03-13','2023-11-18',805),(316,'Isac','Manzell',50,'6 Algoma Junction','Pennsylvania',200842,'United States','-884-1923','A','lobortis vel dapibus at diam nam tristique','2023-02-24','2023-03-15',907),(317,'Andras','Richardet',72,'9 Morningstar Place','Texas',380440,'United States','915-822-6353','C','aenean auctor gravida sem praesent id massa','2023-03-01','2023-09-24',624),(318,'Kylen','Kahan',29,'382 Sauthoff Hill','New Hampshire',493302,'United States','603-568-3502','C','sit amet lobortis sapien sapien non mi','2023-03-12','2023-09-07',897),(319,'Marys','Colerick',41,'3391 Talisman Place','Texas',486414,'United States','361-947-4027','B','justo aliquam quis turpis eget','2023-02-23','2023-11-06',645),(320,'Merrielle','Leverette',28,'59379 Elgar Alley','Ohio',799289,'United States','513-875-7708','C','orci nullam molestie nibh in lectus pellentesque','2023-02-23','2023-10-20',214),(321,'Christyna','Vlasin',5,'006 Florence Avenue','Alaska',375108,'United States','907-964-6090','C','nisi venenatis tristique fusce congue diam','2023-02-16','2024-01-05',857),(322,'Adelheid','Humby',63,'50371 Crowley Center','Arizona',508703,'United States','520-863-5108','A','mi nulla ac enim in tempor turpis','2023-02-20','2023-10-31',261),(323,'Kile','Trimbey',5,'71 Pond Circle','Nevada',588390,'United States','702-890-9428','B','eleifend luctus ultricies','2023-03-01','2023-12-09',191),(324,'Rachele','Bortolutti',91,'62 Colorado Center','Kentucky',359160,'United States','502-954-9920','C','maecenas tristique est et tempus semper est','2023-02-27','2024-01-01',995),(325,'Audy','Houlden',59,'0404 Park Meadow Lane','Oregon',347399,'United States','503-166-3381','A','sagittis sapien cum sociis','2023-03-09','2023-03-23',897),(326,'Ian','Westraw',100,'5 Steensland Pass','California',578103,'United States','818-123-3158','A','nisi volutpat eleifend donec ut dolor morbi','2023-03-06','2023-12-15',760),(327,'Hank','Jeanes',41,'18412 Lotheville Way','Texas',151134,'United States','713-279-3599','A','fusce posuere felis sed lacus','2023-03-14','2023-06-15',831),(328,'Euell','Fausch',89,'0 Shelley Trail','Mississippi',101534,'United States','601-122-2454','A','ut ultrices vel augue vestibulum','2023-03-13','2024-01-20',374),(329,'Lavena','Klassman',32,'04 Manitowish Road','New Mexico',259254,'United States','505-851-4267','A','a libero nam dui proin leo odio','2023-02-24','2023-11-14',831),(330,'Hewitt','Enoch',18,'00115 Talmadge Center','California',221964,'United States','909-445-5507','B','integer tincidunt','2023-03-10','2023-08-15',472),(331,'Dorine','Ajean',66,'86108 Mccormick Center','Florida',557922,'United States','407-800-4402','C','dictumst aliquam augue','2023-02-19','2023-06-16',454),(332,'Mart','Crickett',50,'3529 Ronald Regan Lane','Michigan',134580,'United States','810-308-0087','A','et magnis dis parturient montes nascetur ridiculus mus','2023-02-18','2023-05-21',978),(333,'Gusella','Ratnege',81,'5380 Burrows Park','Washington',176323,'United States','509-962-7925','C','cubilia curae nulla dapibus dolor vel est donec','2023-03-14','2023-10-05',846),(334,'Maggi','Enden',27,'99216 Pawling Street','Minnesota',566211,'United States','651-497-3932','C','a odio in hac habitasse platea','2023-03-17','2023-08-08',233),(335,'Clerc','Sobey',78,'2 Shasta Parkway','Kansas',381191,'United States','913-386-7734','B','in sapien','2023-03-09','2023-07-10',495),(336,'Rutledge','Hartfield',52,'6490 Lawn Park','Florida',480542,'United States','813-407-0668','A','pede libero quis orci nullam molestie nibh','2023-03-04','2023-07-14',236),(337,'Karna','Camelia',50,'60461 Division Circle','New York',241959,'United States','212-349-9972','A','odio justo sollicitudin','2023-03-16','2023-05-24',67),(338,'Bradford','Baitey',58,'413 Logan Junction','Kansas',488299,'United States','316-885-0734','C','lectus vestibulum quam sapien','2023-03-18','2023-09-07',42),(339,'Rakel','Gelder',31,'616 Meadow Vale Center','Colorado',726726,'United States','303-295-7237','A','pretium iaculis diam erat fermentum justo nec condimentum','2023-02-27','2024-02-16',331),(340,'Cinderella','Longfoot',92,'6 Bluestem Court','Florida',214370,'United States','941-965-9846','A','dapibus duis at velit eu','2023-03-01','2024-01-14',126),(341,'Arel','Suttie',32,'01 Nobel Point','Oklahoma',247749,'United States','405-790-6916','C','nulla justo aliquam quis','2023-02-26','2024-01-11',848),(342,'Celia','MacBain',29,'38 West Plaza','Ohio',243357,'United States','513-382-0854','B','ultrices posuere cubilia curae mauris','2023-02-25','2023-04-03',338),(343,'Vern','Thulborn',39,'64896 Division Road','Georgia',209937,'United States','706-512-6342','C','erat curabitur gravida nisi at nibh','2023-02-19','2023-11-05',87),(344,'Rozelle','Trunby',94,'147 Fallview Terrace','Tennessee',265073,'United States','615-100-6358','B','mattis pulvinar nulla','2023-03-14','2023-05-22',983),(345,'Steffen','Chatten',55,'37 Calypso Park','Pennsylvania',170092,'United States','814-656-9679','A','tempus sit amet sem fusce consequat','2023-03-14','2024-03-05',963),(346,'Lazaro','Maggi',75,'0 Eggendart Avenue','Massachusetts',639279,'United States','508-543-5660','B','montes nascetur ridiculus','2023-03-06','2023-06-07',928),(347,'Ali','McIlhatton',35,'65549 Katie Parkway','Georgia',681723,'United States','404-809-9833','A','malesuada in imperdiet','2023-03-04','2023-10-16',891),(348,'Paulie','Eustice',10,'9 Jackson Terrace','Ohio',349588,'United States','614-431-3162','A','diam nam tristique','2023-02-16','2023-06-16',648),(349,'Cully','Van Hesteren',38,'6810 Packers Point','Ohio',284647,'United States','216-579-8604','C','ultrices enim lorem','2023-02-20','2023-05-10',426),(350,'Antonin','Basnett',21,'2 Debs Point','Iowa',713836,'United States','515-791-0184','C','parturient montes nascetur ridiculus mus','2023-03-18','2023-08-15',419),(351,'Tyson','Bickerdyke',56,'582 Fairfield Alley','California',292426,'United States','213-130-1665','B','velit vivamus vel nulla eget eros','2023-03-13','2023-04-22',899),(352,'Emilee','Fancutt',22,'90 Bobwhite Place','New York',726369,'United States','518-781-8888','A','cubilia curae duis faucibus accumsan','2023-03-17','2023-10-19',324),(353,'Lezley','Pittwood',40,'00991 4th Lane','Columbia',156856,'United States','202-982-7067','A','nisi vulputate nonummy maecenas tincidunt lacus','2023-03-14','2023-11-20',71),(354,'Obidiah','Binnell',88,'0 Pennsylvania Alley','South Carolina',518100,'United States','803-686-0061','B','felis ut at dolor quis','2023-02-18','2023-04-10',179),(355,'Saw','Phipson',86,'31 Hintze Trail','Texas',725479,'United States','361-596-0931','C','vel est donec odio justo sollicitudin ut suscipit','2023-03-13','2024-03-03',941),(356,'Lilian','Pumphrey',31,'1255 Sundown Lane','Utah',593048,'United States','801-127-5451','A','quis turpis eget','2023-03-06','2023-09-25',81),(357,'Tori','Averall',84,'13 Sommers Trail','Alabama',364055,'United States','251-146-9445','B','luctus et ultrices posuere cubilia curae donec pharetra','2023-02-26','2023-08-23',137),(358,'Micaela','Reubens',59,'25291 Gerald Place','Virginia',190369,'United States','540-101-0431','C','augue vel accumsan tellus nisi eu orci mauris','2023-03-16','2023-03-19',649),(359,'Martino','Baigrie',46,'0401 Eliot Lane','Kentucky',534202,'United States','502-647-4799','C','non sodales sed tincidunt','2023-02-27','2023-06-26',624),(360,'Alfonse','Paolo',18,'896 Canary Lane','New Mexico',453025,'United States','505-596-7570','C','turpis donec posuere metus vitae ipsum','2023-02-15','2024-01-03',216),(361,'Carlin','Bottoms',65,'53139 Chinook Lane','Arkansas',132180,'United States','501-460-8762','A','nulla facilisi cras non','2023-03-13','2023-06-14',167),(362,'Willa','Grishanov',92,'8 Nova Trail','Washington',627500,'United States','253-974-8961','C','justo morbi ut','2023-03-04','2023-04-22',621),(363,'Abram','McAusland',43,'9694 Arkansas Parkway','North Carolina',547894,'United States','910-169-0743','A','metus aenean fermentum','2023-03-02','2023-11-26',236),(364,'Florella','Highton',35,'16 Hovde Trail','Pennsylvania',751153,'United States','724-801-8906','B','in tempor turpis nec euismod scelerisque quam','2023-03-07','2023-06-12',534),(365,'Cheryl','Gronaver',57,'0763 Paget Lane','Pennsylvania',359106,'United States','215-858-8803','C','nonummy integer','2023-03-02','2023-12-30',245),(366,'Ade','Hamman',74,'46110 Swallow Way','Ohio',796992,'United States','330-205-0218','A','donec ut dolor morbi vel','2023-03-14','2023-10-24',611),(367,'Peta','Pelling',43,'437 Bunker Hill Way','California',329063,'United States','619-799-9499','B','etiam justo etiam pretium iaculis justo in','2023-02-20','2024-01-14',798),(368,'Lamond','Polye',41,'2478 Dawn Circle','Texas',594062,'United States','361-789-6576','B','lacinia nisi venenatis tristique fusce congue diam id','2023-02-23','2023-09-17',904),(369,'Brennan','Maryet',79,'6403 Hudson Junction','Utah',476553,'United States','801-859-4697','C','purus eu magna vulputate','2023-03-08','2023-04-14',785),(370,'Lorry','Skain',86,'90 Leroy Alley','Colorado',395768,'United States','719-191-1872','A','congue diam','2023-03-06','2023-07-22',547),(371,'Wilfred','Bourton',75,'37698 Bashford Street','Colorado',391618,'United States','970-599-7815','A','mauris sit amet eros suspendisse accumsan','2023-02-22','2023-05-07',5),(372,'Ashton','Gaffney',82,'610 Prentice Center','New York',723273,'United States','212-582-2980','C','ligula nec sem duis','2023-02-17','2023-04-05',259),(373,'Gweneth','Oxx',5,'74 John Wall Drive','California',699595,'United States','408-210-8929','A','rhoncus sed vestibulum sit amet cursus id turpis','2023-03-01','2023-07-27',189),(374,'Michelina','Walsham',88,'75357 Vahlen Trail','North Carolina',665777,'United States','828-676-3547','B','venenatis turpis enim blandit mi','2023-03-11','2023-12-13',517),(375,'Amitie','Hethron',83,'853 Messerschmidt Court','Colorado',683536,'United States','303-238-1517','A','faucibus orci luctus et ultrices posuere','2023-03-11','2024-03-01',932),(376,'Doris','Bridgstock',43,'7694 Caliangt Alley','Texas',782845,'United States','915-647-7880','B','non velit donec diam neque vestibulum','2023-03-09','2024-03-04',999),(377,'Hanan','Tranter',62,'100 Eastwood Alley','Tennessee',337934,'United States','731-984-7446','C','vitae quam suspendisse potenti nullam porttitor','2023-03-13','2023-03-17',904),(378,'Bobette','Fownes',9,'925 Gerald Parkway','New Jersey',603790,'United States','862-147-1483','C','gravida sem praesent id massa id nisl venenatis','2023-03-07','2023-12-01',110),(379,'Candra','Pennings',90,'38 Golf Course Avenue','Washington',215763,'United States','253-925-7011','C','pulvinar nulla pede ullamcorper','2023-02-15','2024-03-13',950),(380,'Noe','Ferrey',58,'6732 Pond Drive','Montana',144343,'United States','406-802-1636','B','justo eu massa donec dapibus','2023-03-06','2023-11-30',583),(381,'Meaghan','Reubens',63,'0624 Sloan Terrace','Ohio',613471,'United States','937-233-5000','A','diam vitae quam','2023-02-24','2023-08-22',893),(382,'Alissa','Postance',50,'55167 Colorado Point','Texas',654898,'United States','915-635-0350','C','felis sed lacus','2023-03-11','2024-02-13',129),(383,'Penelope','O\'Kynsillaghe',86,'927 Grim Road','California',759470,'United States','909-717-8781','B','laoreet ut rhoncus aliquet pulvinar sed nisl','2023-03-09','2023-12-03',194),(384,'Chucho','Chance',63,'7837 Sheridan Point','Georgia',544098,'United States','478-478-4292','A','aliquam sit amet','2023-03-11','2023-08-09',327),(385,'Cherey','Petken',43,'1 Clove Park','Minnesota',383094,'United States','952-465-1801','B','mauris lacinia','2023-03-07','2023-09-16',784),(386,'Elle','Rosenvasser',15,'7443 Sunnyside Trail','Iowa',361381,'United States','515-856-7766','C','pellentesque volutpat dui maecenas tristique','2023-03-11','2024-02-28',477),(387,'Angelita','Newborn',47,'21346 Montana Road','Florida',484602,'United States','407-804-6707','C','sed nisl nunc rhoncus dui vel sem','2023-03-03','2023-07-30',515),(388,'Celestyn','Renfield',53,'69 Portage Road','Florida',443080,'United States','904-272-8395','A','habitasse platea dictumst maecenas','2023-03-09','2023-04-20',650),(389,'Clerkclaude','Duckels',48,'89 Northridge Lane','Louisiana',148490,'United States','504-625-3871','C','erat curabitur gravida nisi at nibh in hac','2023-02-22','2023-09-18',500),(390,'Arny','Boog',62,'0389 Bunting Alley','Texas',681513,'United States','713-298-9460','A','cubilia curae duis faucibus','2023-03-08','2023-12-18',679),(391,'Gerladina','Bladesmith',24,'3 Mallory Crossing','Tennessee',486285,'United States','901-935-1120','C','ullamcorper augue','2023-02-16','2023-04-06',747),(392,'Kakalina','Batsford',73,'92 South Drive','Columbia',393104,'United States','703-273-6319','C','rhoncus dui vel','2023-03-02','2023-10-17',782),(393,'Nickey','Crassweller',6,'632 Kim Point','Arizona',159987,'United States','602-281-3630','C','libero non mattis pulvinar','2023-03-02','2023-08-04',773),(394,'Zackariah','Tibbits',3,'38628 Northview Crossing','Tennessee',678934,'United States','615-267-8349','B','velit id','2023-03-14','2023-03-24',749),(395,'Carena','Bradbury',47,'3 Hudson Pass','Hawaii',552373,'United States','808-944-9002','B','rhoncus sed vestibulum sit','2023-02-23','2023-10-24',500),(396,'Willi','Buttrey',39,'3251 Barby Junction','Washington',437674,'United States','206-282-8814','A','nulla sed','2023-03-14','2023-09-22',173),(397,'Fanchette','Sutch',21,'59919 Amoth Court','California',345251,'United States','310-574-2825','A','justo maecenas rhoncus aliquam lacus morbi quis tortor','2023-03-18','2023-09-16',628),(398,'Faun','Caccavella',60,'234 Lindbergh Junction','Illinois',478986,'United States','815-505-1767','A','montes nascetur','2023-02-16','2023-11-28',599),(399,'Charmine','Galbreath',45,'10840 Alpine Terrace','California',376806,'United States','818-585-2303','C','tortor quis turpis','2023-03-12','2023-12-16',782),(400,'Cornie','MacLese',16,'91554 Lunder Avenue','Illinois',173169,'United States','312-952-8945','C','cras in purus eu magna vulputate luctus cum','2023-03-19','2024-01-04',278),(401,'Tony','Gilvary',46,'538 Fairfield Trail','Georgia',163681,'United States','478-762-9544','A','eu orci mauris lacinia sapien quis libero','2023-03-10','2023-12-13',51),(402,'Gearalt','Vaszoly',23,'35 David Circle','Illinois',388784,'United States','312-907-7973','A','ante vivamus tortor duis mattis','2023-02-19','2023-06-23',711),(403,'Fey','Reach',75,'049 Buell Point','New York',102890,'United States','585-787-5914','C','non pretium quis','2023-02-25','2023-04-17',983),(404,'Annadiane','Brownlow',24,'3 Northwestern Plaza','Virginia',455669,'United States','540-422-9902','B','lacus at turpis donec posuere','2023-03-04','2023-05-31',211),(405,'Joella','Bus',81,'2754 Mccormick Lane','Ohio',759756,'United States','937-577-0253','B','consequat dui','2023-02-21','2023-11-10',428),(406,'Sharron','Skydall',86,'9 Warbler Crossing','New York',462687,'United States','518-325-2118','C','felis sed interdum venenatis','2023-02-28','2023-06-27',883),(407,'Cesare','Venn',4,'290 Ridge Oak Street','Minnesota',712261,'United States','763-362-5456','A','libero nam dui proin leo','2023-02-22','2024-02-27',386),(408,'Carmencita','Wimpenny',37,'70 Farragut Lane','Columbia',753069,'United States','202-893-9393','B','bibendum felis sed','2023-03-04','2023-09-03',652),(409,'Currie','Corbishley',91,'521 Toban Alley','New York',747321,'United States','315-718-7151','A','at dolor quis','2023-03-01','2023-12-22',482),(410,'Dyanne','Rama',70,'466 Grover Hill','California',786430,'United States','909-115-3686','C','nulla sed','2023-02-25','2023-08-31',563),(411,'Amanda','Crinidge',58,'14825 Carey Junction','Missouri',112163,'United States','816-858-2502','A','tortor duis mattis','2023-02-16','2023-07-05',738),(412,'Penelope','Kingsland',23,'39622 Barby Plaza','California',608792,'United States','916-251-1580','A','a libero nam dui proin leo odio','2023-03-01','2024-02-12',190),(413,'Adolpho','Quadrio',75,'542 Brown Terrace','Kansas',643760,'United States','816-998-8408','A','donec ut mauris eget massa tempor','2023-02-17','2024-01-04',571),(414,'Perry','Worlock',95,'4 Kinsman Way','California',342461,'United States','626-945-6363','A','non mi integer ac neque duis','2023-03-08','2024-02-23',578),(415,'Tybi','Fremantle',27,'52775 Ronald Regan Place','Wisconsin',224085,'United States','414-367-5987','B','vehicula consequat morbi a','2023-03-19','2024-01-17',851),(416,'Bethina','Biesterfeld',56,'1072 Oriole Center','Connecticut',583744,'United States','860-148-6547','B','est lacinia','2023-03-04','2023-12-20',997),(417,'Staci','McTavy',95,'066 Susan Pass','Florida',520355,'United States','954-160-6385','B','nisl aenean lectus pellentesque eget nunc donec quis','2023-03-13','2023-05-16',551),(418,'Raf','Gerssam',29,'1270 David Crossing','Missouri',515541,'United States','573-967-4702','B','sem sed sagittis nam congue risus','2023-03-15','2023-05-22',176),(419,'Maryann','Puckham',88,'82 Maywood Way','Indiana',668494,'United States','765-120-6714','A','vestibulum sit amet cursus id','2023-03-10','2023-03-29',823),(420,'Adria','Snaden',47,'3 Lyons Pass','Texas',100305,'United States','512-145-9038','C','dapibus augue vel accumsan tellus','2023-03-17','2023-07-13',382),(421,'Cyrillus','Grevatt',86,'8291 Red Cloud Road','Mississippi',315250,'United States','228-514-4796','A','justo maecenas rhoncus aliquam','2023-03-03','2024-01-25',647),(422,'Helsa','Heak',71,'2 Welch Street','Florida',538939,'United States','305-654-6300','A','nam congue risus semper porta volutpat quam pede','2023-03-17','2023-06-18',174),(423,'Myrtia','De Domenici',93,'57 Maywood Street','Wisconsin',351340,'United States','414-826-5824','B','lacus at turpis donec posuere metus vitae ipsum','2023-03-16','2023-09-28',501),(424,'Ursola','Deverille',31,'0 Stuart Drive','Michigan',664130,'United States','248-781-3579','A','massa id lobortis convallis','2023-03-04','2023-10-02',818),(425,'Casie','Herity',75,'05893 Arizona Circle','Michigan',503822,'United States','616-825-1995','C','massa quis augue luctus tincidunt nulla mollis molestie','2023-02-17','2024-01-31',555),(426,'Linnet','Adcock',50,'500 Scoville Pass','Oklahoma',611359,'United States','918-405-5786','B','massa tempor convallis nulla','2023-02-22','2023-10-14',659),(427,'Lorilyn','Tick',94,'67599 Coolidge Avenue','Minnesota',139133,'United States','320-844-5009','C','consectetuer adipiscing elit proin risus','2023-02-17','2023-12-25',398),(428,'June','Rounsivall',7,'60764 Eagle Crest Terrace','Texas',441543,'United States','936-799-8253','B','vestibulum sagittis sapien cum','2023-02-18','2023-10-18',317),(429,'Orelia','Elsy',45,'66556 Brown Avenue','California',169240,'United States','714-606-4322','A','volutpat dui maecenas tristique est et tempus semper','2023-03-11','2023-09-05',557),(430,'Darcey','Gissing',33,'065 Pearson Way','Texas',524296,'United States','214-981-8217','B','nec nisi vulputate nonummy maecenas tincidunt lacus at','2023-03-13','2023-06-05',855),(431,'Lurline','Jeune',56,'386 Golden Leaf Park','Texas',241257,'United States','210-844-0505','C','quis augue luctus tincidunt nulla mollis','2023-03-09','2023-03-12',642),(432,'Griffin','Waldie',74,'3 Annamark Pass','Michigan',394057,'United States','810-109-0557','A','donec diam neque vestibulum eget vulputate','2023-02-26','2023-07-15',512),(433,'Rudolfo','Sirett',97,'8 Redwing Lane','Maryland',448512,'United States','240-148-2403','C','hac habitasse platea dictumst maecenas ut','2023-02-27','2023-04-03',278),(434,'Lorain','Hotton',98,'2 Anhalt Place','California',600991,'United States','661-242-4573','A','at dolor quis odio consequat varius integer','2023-03-12','2024-01-24',101),(435,'Bettine','Popplewell',18,'5482 Union Alley','Illinois',768915,'United States','312-111-1319','C','ligula nec','2023-02-27','2023-11-19',41),(436,'Costanza','Shearsby',35,'943 Pond Street','Texas',754777,'United States','806-225-3017','C','commodo vulputate','2023-02-26','2023-06-10',544),(437,'Sarette','Robke',71,'7 Roth Terrace','Arizona',233966,'United States','480-195-0353','C','luctus cum sociis','2023-03-16','2024-01-18',717),(438,'Alexina','Sends',75,'3276 Reindahl Center','Oklahoma',792202,'United States','405-771-9915','C','semper est quam pharetra magna','2023-03-02','2023-12-07',773),(439,'Oneida','Trenaman',1,'2181 Nevada Point','New Jersey',218822,'United States','862-897-9413','B','lectus pellentesque eget nunc donec','2023-03-05','2024-02-07',1000),(440,'Francis','Vondrasek',85,'1649 Hovde Avenue','California',512571,'United States','559-200-3900','A','sit amet erat nulla tempus vivamus','2023-03-10','2023-11-10',456),(441,'Noak','Scullin',52,'6023 Green Ridge Park','Oregon',466558,'United States','971-839-8215','A','orci mauris lacinia sapien quis libero','2023-03-02','2023-07-20',43),(442,'Archambault','Pemble',59,'06556 Iowa Road','Florida',227427,'United States','786-697-4101','C','maecenas ut massa quis','2023-03-12','2023-09-15',975),(443,'Paulo','Cona',4,'603 Jay Drive','Florida',481110,'United States','727-971-3044','C','nisi eu orci mauris lacinia sapien quis','2023-02-19','2023-09-05',669),(444,'Isidoro','Tetlow',17,'01838 Colorado Street','Columbia',795848,'United States','202-840-0737','B','urna ut tellus nulla ut','2023-03-18','2023-04-24',291),(445,'Clarie','Costard',56,'027 Elmside Park','California',318997,'United States','213-899-7817','C','massa donec dapibus','2023-03-05','2023-04-20',262),(446,'Ethe','Learmont',64,'8 Harbort Street','Arizona',215266,'United States','602-891-4678','B','pretium quis','2023-03-06','2023-07-22',206),(447,'Sonja','Pavey',81,'6 Stuart Court','Minnesota',469022,'United States','952-908-3753','A','pede libero quis orci nullam molestie','2023-02-21','2024-01-02',230),(448,'Sloan','Myhan',45,'6360 Forest Junction','Ohio',156032,'United States','937-477-7633','B','ac tellus','2023-02-28','2023-08-18',129),(449,'Rockie','Allabush',70,'80775 Nelson Hill','New York',236626,'United States','212-468-3565','A','ultrices posuere cubilia','2023-02-19','2023-06-26',288),(450,'Latrena','Deighton',72,'80 Dorton Drive','California',265274,'United States','213-340-7676','C','dapibus nulla suscipit ligula in lacus','2023-02-17','2023-04-25',972),(451,'Manfred','Timlin',42,'26 Buhler Point','California',742207,'United States','858-714-2324','C','consequat ut nulla sed','2023-03-08','2023-07-10',840),(452,'Marnie','Greatbatch',1,'28 Calypso Alley','Pennsylvania',413182,'United States','717-729-0797','C','semper sapien','2023-02-23','2023-03-13',542),(453,'Nevin','Goodin',47,'5001 Lakeland Circle','Florida',456252,'United States','305-754-9114','C','lacus at turpis donec posuere metus','2023-03-14','2023-05-20',33),(454,'Elbertina','Middlehurst',70,'8 Linden Alley','Columbia',396562,'United States','202-683-8179','A','adipiscing elit proin risus praesent lectus vestibulum quam','2023-03-19','2024-01-30',209),(455,'Kalil','Dufton',40,'642 Mosinee Trail','New Jersey',651133,'United States','908-956-5758','B','donec semper sapien','2023-03-17','2024-01-06',671),(456,'Tory','Hendron',89,'455 Memorial Junction','Minnesota',486353,'United States','651-751-5180','B','scelerisque mauris sit amet eros suspendisse','2023-03-15','2023-04-30',950),(457,'Sammy','Ferber',91,'49151 Monument Lane','Washington',377896,'United States','206-401-0936','A','eget congue eget semper rutrum nulla','2023-02-24','2023-09-08',73),(458,'Esteban','Lorens',91,'156 Myrtle Center','Kansas',296678,'United States','913-422-5178','C','cras pellentesque','2023-03-15','2023-11-07',95),(459,'Vernor','Petraitis',76,'58 Haas Crossing','Minnesota',517705,'United States','320-656-7732','A','consequat lectus in est risus','2023-03-16','2023-08-05',557),(460,'Alard','Yell',81,'0031 5th Point','Tennessee',194641,'United States','901-499-6294','C','nulla suscipit ligula in','2023-03-10','2023-04-07',517),(461,'Rudolfo','O\'Dare',65,'4 Jackson Court','Georgia',336137,'United States','706-499-9330','A','duis bibendum felis sed interdum venenatis','2023-03-16','2023-09-08',140),(462,'Huberto','Pilkinton',32,'015 Mallory Center','North Carolina',177763,'United States','704-930-4207','A','vel enim sit','2023-02-28','2023-11-28',304),(463,'Delphine','Thaller',95,'591 Northridge Drive','Colorado',146966,'United States','303-543-2269','C','etiam vel augue vestibulum rutrum rutrum neque','2023-03-13','2023-10-15',467),(464,'Jdavie','Cabrara',1,'196 Service Crossing','Columbia',655462,'United States','202-432-0344','C','donec diam','2023-02-19','2023-04-28',822),(465,'Tucker','Alkin',21,'4986 Graedel Way','Wisconsin',619926,'United States','920-621-1987','A','facilisi cras non velit nec','2023-02-18','2023-09-28',568),(466,'Jacky','Finessy',70,'07726 Hoepker Terrace','Florida',434660,'United States','786-329-4208','A','hac habitasse','2023-03-10','2023-08-08',805),(467,'Giovanni','Halliburton',51,'1418 Forest Dale Road','Michigan',326670,'United States','810-376-8552','B','est donec odio justo','2023-03-04','2023-05-17',296),(468,'Lorettalorna','Blakey',56,'897 Rigney Street','Oregon',605472,'United States','971-216-2204','A','hendrerit at vulputate','2023-02-20','2023-08-16',995),(469,'Aldwin','Cromley',71,'74205 Norway Maple Center','Texas',391307,'United States','713-746-1013','A','eu interdum eu tincidunt in leo maecenas','2023-02-18','2023-09-23',261),(470,'Sheba','Jobke',95,'36 Oneill Alley','Virginia',162334,'United States','571-571-5037','A','tempus vivamus in felis eu sapien cursus','2023-03-19','2023-11-23',210),(471,'Ashley','Gasken',25,'858 Miller Trail','Columbia',236873,'United States','202-427-0211','C','etiam vel augue vestibulum','2023-03-06','2023-04-03',712),(472,'Selig','Weathers',96,'56 Lotheville Circle','Connecticut',677588,'United States','203-791-5981','A','amet turpis elementum ligula vehicula','2023-03-18','2023-10-28',475),(473,'Meriel','Yockney',78,'7895 Redwing Avenue','North Carolina',205003,'United States','919-312-3925','B','mauris sit amet eros suspendisse accumsan tortor','2023-03-15','2023-08-16',443),(474,'Darda','Dorking',67,'8899 Hudson Terrace','Pennsylvania',396057,'United States','814-142-3048','C','odio justo sollicitudin ut','2023-03-17','2024-02-03',79),(475,'Tory','McKnockiter',9,'34 Farwell Place','Texas',491233,'United States','210-327-3774','A','fusce consequat','2023-02-21','2023-09-11',805),(476,'Chrissie','Presland',25,'7 Fulton Drive','Columbia',165008,'United States','202-258-9500','B','nunc viverra','2023-02-22','2023-07-14',150),(477,'Raynard','Ladds',92,'79 Starling Hill','Texas',500788,'United States','512-244-0359','C','erat quisque','2023-02-22','2024-03-09',314),(478,'Coleman','Caddies',97,'49913 Charing Cross Way','Columbia',754093,'United States','202-956-4360','B','nisl duis bibendum felis sed interdum venenatis turpis','2023-03-08','2024-02-10',146),(479,'Jo-ann','Traviss',1,'47504 Debs Lane','Virginia',451884,'United States','571-822-5163','A','vestibulum vestibulum','2023-03-16','2023-05-08',566),(480,'Ivett','Fellgatt',10,'87 Forest Run Circle','Texas',434675,'United States','682-415-9047','B','fusce posuere felis','2023-02-25','2023-10-13',902),(481,'See','Church',76,'93 Springview Place','Indiana',360747,'United States','219-528-2360','A','at velit vivamus','2023-03-01','2024-03-09',199),(482,'Cinda','Paulot',84,'21 Mendota Lane','North Carolina',151833,'United States','704-726-5365','A','eros vestibulum ac est lacinia nisi','2023-02-23','2023-03-25',379),(483,'Robby','Gerner',6,'1 Vermont Junction','Massachusetts',353438,'United States','617-225-9190','A','semper porta volutpat quam pede lobortis ligula sit','2023-03-13','2023-11-08',394),(484,'Colan','Vaun',50,'3318 Cambridge Point','Illinois',427710,'United States','630-353-1187','B','aliquet ultrices erat tortor sollicitudin mi','2023-03-18','2024-03-04',164),(485,'Jere','Ellesworth',91,'86 Carioca Hill','Florida',367636,'United States','727-325-8425','A','pellentesque at nulla suspendisse potenti','2023-03-19','2024-02-17',790),(486,'Burch','Farryn',49,'2 Vera Place','Washington',194371,'United States','253-278-1133','A','amet eleifend pede libero quis orci nullam molestie','2023-03-04','2023-04-01',599),(487,'Lyn','Westmerland',87,'2 Holy Cross Junction','Florida',266001,'United States','305-361-5531','A','porttitor lacus','2023-02-27','2023-11-03',295),(488,'Antin','Treversh',33,'595 Eastlawn Hill','Illinois',294926,'United States','847-707-3652','A','sit amet consectetuer','2023-03-04','2023-07-10',461),(489,'Juan','Marvelley',57,'951 Mayfield Avenue','Arkansas',242260,'United States','501-434-3631','B','erat curabitur gravida nisi at nibh in','2023-03-02','2023-06-17',759),(490,'Pauly','Drewe',53,'199 Onsgard Lane','Texas',588955,'United States','713-658-5430','B','suspendisse potenti nullam porttitor lacus at','2023-02-15','2023-04-01',998),(491,'Brandie','Liveing',46,'583 Maywood Center','Florida',196778,'United States','941-133-3042','C','turpis elementum ligula vehicula consequat morbi','2023-03-15','2023-08-04',253),(492,'Derron','Tosh',82,'86 Haas Center','California',695037,'United States','626-439-6323','B','porttitor lorem id ligula suspendisse ornare consequat lectus','2023-03-08','2023-04-04',186),(493,'Curt','Dunkerley',18,'1365 Summerview Pass','Indiana',256893,'United States','812-510-0579','C','justo pellentesque viverra pede','2023-02-15','2023-05-15',956),(494,'Kyle','Tennison',79,'0 Fieldstone Junction','California',154541,'United States','661-285-3707','C','in porttitor pede justo eu','2023-03-05','2023-09-09',257),(495,'Chery','Darben',49,'1697 Pond Trail','Alabama',651824,'United States','205-166-3195','A','adipiscing molestie hendrerit at vulputate vitae nisl','2023-03-11','2023-11-06',790),(496,'Lucina','Petruska',59,'1 Bunker Hill Terrace','Florida',543470,'United States','561-819-7912','C','sit amet diam in magna bibendum','2023-02-26','2023-06-10',88),(497,'Rouvin','Hache',81,'26465 Hazelcrest Crossing','Illinois',123255,'United States','847-508-0515','C','nulla ultrices aliquet maecenas leo','2023-03-10','2023-11-29',479),(498,'Camille','Tresler',43,'5 Schmedeman Street','Florida',223315,'United States','850-437-3413','B','eu orci mauris lacinia sapien','2023-03-07','2023-05-11',29),(499,'Max','Loutheane',21,'3 Sunbrook Pass','Texas',284608,'United States','409-189-7841','A','montes nascetur ridiculus','2023-03-16','2023-06-24',304),(500,'Kriste','Kitcher',98,'13 Transport Circle','New York',207340,'United States','716-397-1065','B','nascetur ridiculus mus vivamus vestibulum sagittis','2023-02-25','2023-07-18',432);
/*!40000 ALTER TABLE `past_guests` ENABLE KEYS */;
UNLOCK TABLES;

--
-- Table structure for table `requires_maintenance`
--

DROP TABLE IF EXISTS `requires_maintenance`;
/*!40101 SET @saved_cs_client     = @@character_set_client */;
/*!50503 SET character_set_client = utf8mb4 */;
CREATE TABLE `requires_maintenance` (
  `request_id` int NOT NULL,
  `room_no` int DEFAULT NULL,
  `maintenance_request_open` tinyint(1) DEFAULT NULL,
  PRIMARY KEY (`request_id`),
  KEY `room_no` (`room_no`),
  CONSTRAINT `requires_maintenance_ibfk_1` FOREIGN KEY (`request_id`) REFERENCES `maintenance_request` (`request_id`) ON DELETE CASCADE,
  CONSTRAINT `requires_maintenance_ibfk_2` FOREIGN KEY (`room_no`) REFERENCES `room` (`room_no`) ON DELETE CASCADE
) ENGINE=InnoDB DEFAULT CHARSET=utf8mb4 COLLATE=utf8mb4_0900_ai_ci;
/*!40101 SET character_set_client = @saved_cs_client */;

--
-- Dumping data for table `requires_maintenance`
--

LOCK TABLES `requires_maintenance` WRITE;
/*!40000 ALTER TABLE `requires_maintenance` DISABLE KEYS */;
INSERT INTO `requires_maintenance` VALUES (2,403,1),(7,309,0),(11,193,1),(12,476,1),(21,305,1),(22,311,1),(23,184,1),(24,496,1),(27,168,1),(28,137,0),(33,424,0),(40,483,1),(46,225,1),(50,472,1);
/*!40000 ALTER TABLE `requires_maintenance` ENABLE KEYS */;
UNLOCK TABLES;

--
-- Table structure for table `reservation`
--

DROP TABLE IF EXISTS `reservation`;
/*!40101 SET @saved_cs_client     = @@character_set_client */;
/*!50503 SET character_set_client = utf8mb4 */;
CREATE TABLE `reservation` (
  `reservation_id` int NOT NULL,
  `number_of_people` int DEFAULT NULL,
  `check_in_date` date NOT NULL,
  `check_out_date` date NOT NULL,
  `room_type` varchar(10) DEFAULT NULL,
  `specially_enabled_room_required` tinyint(1) DEFAULT NULL,
  `comments` text,
  `email_id` varchar(255) DEFAULT NULL,
  `checked_in` tinyint(1) DEFAULT NULL,
  `checked_out` tinyint(1) DEFAULT NULL,
  `iitgn_id` int DEFAULT NULL,
  PRIMARY KEY (`reservation_id`)
) ENGINE=InnoDB DEFAULT CHARSET=utf8mb4 COLLATE=utf8mb4_0900_ai_ci;
/*!40101 SET character_set_client = @saved_cs_client */;

--
-- Dumping data for table `reservation`
--

LOCK TABLES `reservation` WRITE;
/*!40000 ALTER TABLE `reservation` DISABLE KEYS */;
INSERT INTO `reservation` VALUES (1,3,'2023-04-06','2023-11-08','Double Bed',1,'tempus vel pede morbi porttitor','1@gmail.com',1,1,103),(2,4,'2023-11-07','2023-08-18','Suite',1,'molestie lorem quisque ut erat curabitur gravida','2@gmail.com',1,1,2),(3,3,'2023-07-31','2023-03-04','Double Bed',1,'mauris laoreet ut','3@gmail.com',1,1,35),(4,2,'2023-12-09','2023-04-28','Suite',1,'ante vel ipsum praesent blandit lacinia erat vestibulum','4@gmail.com',1,1,78),(5,2,'2023-04-26','2024-01-03','Twin Bed',0,'proin risus','5@gmail.com',1,1,91),(6,2,'2023-12-01','2023-03-30','Twin Bed',0,'varius ut blandit','6@gmail.com',1,1,1),(7,2,'2023-05-07','2023-11-19','Double Bed',0,'rutrum nulla nunc purus phasellus','7@gmail.com',1,1,34),(8,4,'2023-09-29','2023-10-17','Double Bed',0,'habitasse platea','8@gmail.com',1,1,65),(9,2,'2023-03-31','2023-02-25','Twin Bed',1,'nulla nunc purus phasellus in felis donec semper','9@gmail.com',1,1,89),(10,3,'2023-12-30','2023-12-31','Twin Bed',1,'cubilia curae nulla dapibus dolor vel','10@gmail.com',1,1,145),(11,1,'2023-07-09','2023-05-08','Double Bed',1,'amet cursus id turpis integer aliquet massa','11@gmail.com',1,1,4),(12,3,'2023-07-31','2023-09-07','Suite',0,'sed tristique in tempus sit amet sem fusce','12@gmail.com',1,1,212),(13,1,'2023-09-23','2023-10-31','Double Bed',1,'dui maecenas tristique est et tempus','13@gmail.com',1,1,39),(14,2,'2023-10-17','2024-02-02','Twin Bed',1,'ligula in lacus curabitur at ipsum ac tellus','14@gmail.com',1,1,57),(15,2,'2024-01-28','2023-03-23','Suite',0,'turpis donec posuere metus','15@gmail.com',1,1,69),(16,3,'2023-08-12','2023-10-03','Twin Bed',0,'risus praesent lectus vestibulum quam','16@gmail.com',1,1,28),(17,4,'2023-11-10','2023-10-29','Double Bed',0,'ultrices vel augue vestibulum ante ipsum primis in','17@gmail.com',1,1,11),(18,2,'2023-05-02','2023-10-11','Suite',0,'ac nibh fusce lacus purus aliquet','18@gmail.com',1,1,101),(19,1,'2023-11-08','2023-08-08','Double Bed',0,'ac est','19@gmail.com',1,1,105),(20,1,'2023-10-25','2023-07-27','Suite',0,'pede venenatis non sodales sed tincidunt','20@gmail.com',1,1,110),(21,2,'2023-11-07','2023-03-22','Twin Bed',1,'augue vestibulum rutrum rutrum neque aenean auctor gravida','21@gmail.com',1,1,168),(22,3,'2023-05-06','2023-11-06','Twin Bed',0,'enim in tempor turpis nec euismod scelerisque quam','22@gmail.com',1,1,17),(23,1,'2023-12-16','2023-12-12','Suite',0,'vitae mattis','23@gmail.com',1,1,9),(24,4,'2023-12-09','2023-12-07','Twin Bed',1,'amet sapien dignissim vestibulum vestibulum ante','24@gmail.com',1,1,200),(25,1,'2024-01-21','2023-11-03','Suite',0,'maecenas leo odio condimentum id','25@gmail.com',1,1,100),(26,3,'2023-07-28','2023-04-29','Twin Bed',0,'tincidunt eget tempus vel','26@gmail.com',1,1,300),(27,2,'2023-08-24','2023-04-06','Double Bed',0,'mauris non ligula','27@gmail.com',1,1,121),(28,2,'2023-08-02','2023-04-13','Twin Bed',0,'sapien a','28@gmail.com',1,1,130),(29,4,'2023-12-04','2023-05-19','Twin Bed',1,'curae donec pharetra magna','29@gmail.com',1,1,321),(30,2,'2023-08-05','2023-12-24','Twin Bed',1,'sagittis dui vel','30@gmail.com',1,1,301),(31,1,'2023-02-23','2023-10-11','Twin Bed',0,'nibh ligula','31@gmail.com',1,1,302),(32,4,'2023-08-20','2023-10-23','Suite',1,'est phasellus sit amet erat nulla tempus','32@gmail.com',1,1,303),(33,4,'2023-12-28','2023-10-25','Double Bed',0,'ultrices vel augue vestibulum ante ipsum primis in','33@gmail.com',1,1,108),(34,2,'2023-02-13','2023-10-06','Double Bed',0,'in sapien iaculis congue vivamus','34@gmail.com',1,1,111),(35,3,'2023-08-31','2023-03-01','Double Bed',1,'leo pellentesque ultrices mattis odio donec','35@gmail.com',1,1,196),(36,4,'2023-05-19','2023-07-02','Twin Bed',0,'elit sodales scelerisque mauris','36@gmail.com',1,1,198),(37,1,'2023-05-15','2023-08-09','Suite',0,'ut massa volutpat convallis morbi','37@gmail.com',1,1,178),(38,4,'2023-04-25','2023-11-12','Double Bed',1,'dictumst etiam faucibus cursus urna ut','38@gmail.com',1,1,164),(39,3,'2024-02-09','2023-09-17','Double Bed',0,'lacus at turpis','39@gmail.com',1,1,31),(40,2,'2023-11-03','2024-02-14','Double Bed',1,'posuere cubilia curae duis faucibus','40@gmail.com',1,1,37),(41,1,'2023-11-25','2023-09-24','Twin Bed',1,'lacus at velit vivamus vel nulla eget eros','41@gmail.com',1,1,38),(42,1,'2023-07-28','2023-11-29','Double Bed',1,'dis parturient montes nascetur ridiculus mus etiam','42@gmail.com',1,1,85),(43,4,'2024-02-03','2023-03-27','Double Bed',1,'nam tristique tortor','43@gmail.com',1,1,64),(44,1,'2023-12-25','2023-03-12','Suite',1,'ipsum primis in','44@gmail.com',1,1,63),(45,3,'2023-09-09','2023-08-14','Suite',0,'ac tellus semper interdum mauris','45@gmail.com',1,1,66),(46,4,'2023-06-07','2023-06-20','Double Bed',0,'laoreet ut rhoncus aliquet pulvinar sed','46@gmail.com',1,1,51),(47,3,'2023-02-15','2023-11-30','Twin Bed',1,'nulla eget eros elementum pellentesque','47@gmail.com',1,1,52),(48,2,'2023-12-06','2023-12-16','Twin Bed',1,'justo maecenas rhoncus aliquam','48@gmail.com',1,1,24),(49,3,'2023-09-13','2023-03-07','Twin Bed',0,'augue vel accumsan tellus nisi eu orci mauris','49@gmail.com',1,1,177),(50,4,'2024-01-22','2023-12-13','Double Bed',1,'lacus purus aliquet at','50@gmail.com',1,1,144),(51,3,'2024-04-06','2024-04-12','double',1,'qw',NULL,NULL,NULL,NULL),(52,2,'2024-04-06','2024-04-07','single',1,'sdff',NULL,NULL,NULL,NULL),(53,2,'2024-04-06','2024-04-13','suite',1,'sfasf','mighty.thor@gmail.com',0,0,130),(54,2,'2024-04-06','2024-04-13','single',1,'none','iron.man@avengers.com',0,0,101);
/*!40000 ALTER TABLE `reservation` ENABLE KEYS */;
UNLOCK TABLES;

--
-- Table structure for table `room`
--

DROP TABLE IF EXISTS `room`;
/*!40101 SET @saved_cs_client     = @@character_set_client */;
/*!50503 SET character_set_client = utf8mb4 */;
CREATE TABLE `room` (
  `room_no` int NOT NULL,
  `room_type` varchar(10) DEFAULT NULL,
  `is_specially_enabled` tinyint(1) DEFAULT NULL,
  `room_rent` int NOT NULL,
  `intercom_number` varchar(10) DEFAULT NULL,
  PRIMARY KEY (`room_no`),
  UNIQUE KEY `intercom_number` (`intercom_number`),
  CONSTRAINT `room_chk_1` CHECK (((`room_no` >= 100) and (`room_no` <= 500)))
) ENGINE=InnoDB DEFAULT CHARSET=utf8mb4 COLLATE=utf8mb4_0900_ai_ci;
/*!40101 SET character_set_client = @saved_cs_client */;

--
-- Dumping data for table `room`
--

LOCK TABLES `room` WRITE;
/*!40000 ALTER TABLE `room` DISABLE KEYS */;
INSERT INTO `room` VALUES (100,'double bed',1,4000,'100'),(101,'twin bed',1,4000,'101'),(102,'suite',0,4000,'102'),(103,'double bed',1,5000,'103'),(104,'double bed',1,4500,'104'),(105,'suite',1,2500,'105'),(106,'suite',1,4000,'106'),(107,'suite',1,3500,'107'),(108,'twin bed',1,4500,'108'),(109,'suite',0,3000,'109'),(110,'suite',1,4500,'110'),(111,'double bed',0,4000,'111'),(112,'double bed',1,4000,'112'),(113,'twin bed',0,4000,'113'),(114,'double bed',0,4000,'114'),(115,'suite',0,2500,'115'),(116,'suite',0,4000,'116'),(117,'twin bed',0,5000,'117'),(118,'twin bed',1,4500,'118'),(119,'double bed',0,4000,'119'),(120,'suite',1,4000,'120'),(121,'suite',1,2500,'121'),(122,'twin bed',0,2500,'122'),(123,'double bed',0,3000,'123'),(124,'suite',1,4500,'124'),(125,'twin bed',1,3500,'125'),(126,'suite',1,3000,'126'),(127,'suite',1,4000,'127'),(128,'suite',1,2500,'128'),(129,'double bed',0,2500,'129'),(130,'double bed',1,4500,'130'),(131,'double bed',0,4000,'131'),(132,'twin bed',1,3000,'132'),(133,'double bed',1,4500,'133'),(134,'double bed',1,2500,'134'),(135,'suite',0,2500,'135'),(136,'twin bed',1,4000,'136'),(137,'suite',0,4000,'137'),(138,'twin bed',1,5000,'138'),(139,'suite',0,4000,'139'),(140,'twin bed',0,5000,'140'),(141,'twin bed',1,3500,'141'),(142,'suite',1,3000,'142'),(143,'twin bed',0,2500,'143'),(144,'suite',0,4500,'144'),(145,'twin bed',1,4000,'145'),(146,'twin bed',1,3500,'146'),(147,'double bed',1,2500,'147'),(148,'twin bed',0,3000,'148'),(149,'double bed',0,2500,'149'),(150,'twin bed',0,3500,'150'),(151,'suite',0,3000,'151'),(152,'suite',1,2500,'152'),(153,'twin bed',1,4500,'153'),(154,'suite',0,5000,'154'),(155,'suite',1,4000,'155'),(156,'suite',1,5000,'156'),(157,'suite',0,3000,'157'),(158,'double bed',1,2500,'158'),(159,'twin bed',0,4500,'159'),(160,'double bed',0,5000,'160'),(161,'double bed',0,5000,'161'),(162,'suite',0,3500,'162'),(163,'twin bed',0,4500,'163'),(164,'suite',1,3500,'164'),(165,'double bed',0,4500,'165'),(166,'double bed',1,3500,'166'),(167,'suite',0,3000,'167'),(168,'twin bed',0,4000,'168'),(169,'double bed',0,3500,'169'),(170,'double bed',0,3000,'170'),(171,'double bed',0,4500,'171'),(172,'double bed',1,4000,'172'),(173,'twin bed',0,2500,'173'),(174,'twin bed',0,2500,'174'),(175,'twin bed',1,5000,'175'),(176,'double bed',1,4000,'176'),(177,'double bed',1,2500,'177'),(178,'twin bed',0,4500,'178'),(179,'double bed',0,2500,'179'),(180,'twin bed',0,4500,'180'),(181,'suite',0,3000,'181'),(182,'suite',1,4000,'182'),(183,'suite',0,5000,'183'),(184,'suite',1,3000,'184'),(185,'suite',1,3500,'185'),(186,'twin bed',1,5000,'186'),(187,'double bed',1,3500,'187'),(188,'double bed',0,4000,'188'),(189,'twin bed',0,3500,'189'),(190,'twin bed',0,5000,'190'),(191,'double bed',0,5000,'191'),(192,'double bed',0,5000,'192'),(193,'suite',1,3500,'193'),(194,'suite',0,4500,'194'),(195,'twin bed',0,2500,'195'),(196,'suite',1,3000,'196'),(197,'twin bed',0,5000,'197'),(198,'twin bed',0,4000,'198'),(199,'suite',1,3000,'199'),(200,'double bed',1,4000,'200'),(201,'double bed',0,5000,'201'),(202,'suite',0,3500,'202'),(203,'twin bed',1,3000,'203'),(204,'suite',1,5000,'204'),(205,'suite',0,5000,'205'),(206,'twin bed',1,4500,'206'),(207,'double bed',1,2500,'207'),(208,'twin bed',1,5000,'208'),(209,'twin bed',1,5000,'209'),(210,'double bed',1,4500,'210'),(211,'suite',1,3500,'211'),(212,'suite',1,3500,'212'),(213,'suite',0,4000,'213'),(214,'double bed',0,4000,'214'),(215,'suite',0,4000,'215'),(216,'twin bed',0,4000,'216'),(217,'suite',0,3500,'217'),(218,'twin bed',0,4000,'218'),(219,'suite',0,3000,'219'),(220,'double bed',1,5000,'220'),(221,'twin bed',0,4000,'221'),(222,'double bed',0,2500,'222'),(223,'suite',0,3500,'223'),(224,'double bed',1,4500,'224'),(225,'twin bed',0,3000,'225'),(226,'suite',0,3500,'226'),(227,'double bed',0,4500,'227'),(228,'suite',1,2500,'228'),(229,'twin bed',0,3000,'229'),(230,'twin bed',1,2500,'230'),(231,'suite',1,2500,'231'),(232,'twin bed',1,5000,'232'),(233,'suite',1,5000,'233'),(234,'suite',1,3500,'234'),(235,'suite',0,4500,'235'),(236,'twin bed',0,3000,'236'),(237,'suite',0,2500,'237'),(238,'double bed',0,4000,'238'),(239,'twin bed',0,3500,'239'),(240,'suite',1,2500,'240'),(241,'twin bed',1,4000,'241'),(242,'suite',0,4500,'242'),(243,'twin bed',0,4000,'243'),(244,'suite',1,2500,'244'),(245,'twin bed',0,2500,'245'),(246,'double bed',0,4000,'246'),(247,'double bed',0,5000,'247'),(248,'twin bed',0,4500,'248'),(249,'twin bed',1,2500,'249'),(250,'twin bed',0,2500,'250'),(251,'suite',1,4500,'251'),(252,'suite',1,3000,'252'),(253,'suite',0,3500,'253'),(254,'double bed',0,4000,'254'),(255,'suite',0,2500,'255'),(256,'suite',0,3000,'256'),(257,'twin bed',0,5000,'257'),(258,'double bed',0,4500,'258'),(259,'double bed',1,2500,'259'),(260,'double bed',1,3500,'260'),(261,'double bed',1,4500,'261'),(262,'double bed',1,4000,'262'),(263,'twin bed',1,4500,'263'),(264,'suite',1,4000,'264'),(265,'double bed',1,3500,'265'),(266,'twin bed',1,5000,'266'),(267,'double bed',1,3000,'267'),(268,'suite',0,4000,'268'),(269,'double bed',0,4000,'269'),(270,'twin bed',1,3500,'270'),(271,'double bed',1,5000,'271'),(272,'twin bed',0,4500,'272'),(273,'suite',1,5000,'273'),(274,'suite',0,3500,'274'),(275,'twin bed',0,4500,'275'),(276,'suite',1,3000,'276'),(277,'suite',0,4500,'277'),(278,'twin bed',1,3000,'278'),(279,'twin bed',0,5000,'279'),(280,'twin bed',0,5000,'280'),(281,'double bed',1,3000,'281'),(282,'twin bed',1,4500,'282'),(283,'twin bed',0,5000,'283'),(284,'suite',1,3000,'284'),(285,'twin bed',0,2500,'285'),(286,'suite',0,2500,'286'),(287,'suite',1,3000,'287'),(288,'twin bed',0,4000,'288'),(289,'double bed',1,2500,'289'),(290,'twin bed',1,3000,'290'),(291,'suite',0,5000,'291'),(292,'double bed',0,5000,'292'),(293,'twin bed',1,5000,'293'),(294,'suite',1,4500,'294'),(295,'twin bed',1,3000,'295'),(296,'suite',0,4000,'296'),(297,'twin bed',0,3500,'297'),(298,'twin bed',0,3500,'298'),(299,'double bed',0,4000,'299'),(300,'twin bed',1,2500,'300'),(301,'twin bed',0,3500,'301'),(302,'twin bed',0,5000,'302'),(303,'twin bed',0,4000,'303'),(304,'suite',1,5000,'304'),(305,'suite',1,4500,'305'),(306,'twin bed',0,3500,'306'),(307,'double bed',0,3000,'307'),(308,'twin bed',1,3500,'308'),(309,'double bed',0,4000,'309'),(310,'suite',1,3000,'310'),(311,'twin bed',0,2500,'311'),(312,'double bed',0,4000,'312'),(313,'double bed',0,4500,'313'),(314,'suite',1,5000,'314'),(315,'suite',1,2500,'315'),(316,'suite',0,4000,'316'),(317,'suite',1,4500,'317'),(318,'twin bed',1,2500,'318'),(319,'double bed',0,3500,'319'),(320,'twin bed',1,5000,'320'),(321,'double bed',1,3000,'321'),(322,'suite',0,3500,'322'),(323,'suite',0,3000,'323'),(324,'double bed',1,4500,'324'),(325,'double bed',0,2500,'325'),(326,'double bed',0,4500,'326'),(327,'twin bed',0,3000,'327'),(328,'double bed',1,4000,'328'),(329,'twin bed',0,4500,'329'),(330,'suite',1,2500,'330'),(331,'double bed',0,2500,'331'),(332,'twin bed',1,3500,'332'),(333,'twin bed',0,3000,'333'),(334,'double bed',0,2500,'334'),(335,'twin bed',1,5000,'335'),(336,'twin bed',0,4500,'336'),(337,'suite',0,3500,'337'),(338,'double bed',1,4000,'338'),(339,'twin bed',1,3000,'339'),(340,'suite',1,4000,'340'),(341,'suite',0,3000,'341'),(342,'double bed',0,5000,'342'),(343,'double bed',0,3000,'343'),(344,'double bed',1,3000,'344'),(345,'suite',1,4500,'345'),(346,'suite',0,3000,'346'),(347,'suite',0,4500,'347'),(348,'twin bed',1,4000,'348'),(349,'twin bed',1,3000,'349'),(350,'suite',1,4500,'350'),(351,'suite',0,4000,'351'),(352,'twin bed',0,5000,'352'),(353,'double bed',0,3500,'353'),(354,'suite',0,5000,'354'),(355,'double bed',1,2500,'355'),(356,'double bed',1,3500,'356'),(357,'double bed',1,5000,'357'),(358,'twin bed',0,3500,'358'),(359,'double bed',1,3000,'359'),(360,'double bed',0,4500,'360'),(361,'double bed',0,3500,'361'),(362,'suite',0,3000,'362'),(363,'double bed',1,4000,'363'),(364,'twin bed',1,4500,'364'),(365,'twin bed',0,3500,'365'),(366,'twin bed',1,5000,'366'),(367,'suite',1,2500,'367'),(368,'double bed',1,4000,'368'),(369,'double bed',1,3500,'369'),(370,'double bed',0,4500,'370'),(371,'twin bed',1,4500,'371'),(372,'twin bed',0,5000,'372'),(373,'twin bed',1,2500,'373'),(374,'suite',0,4500,'374'),(375,'suite',1,5000,'375'),(376,'suite',1,3000,'376'),(377,'suite',1,5000,'377'),(378,'suite',0,4500,'378'),(379,'twin bed',1,2500,'379'),(380,'suite',1,3500,'380'),(381,'double bed',1,4500,'381'),(382,'twin bed',1,4500,'382'),(383,'double bed',0,3000,'383'),(384,'suite',0,3000,'384'),(385,'suite',1,4500,'385'),(386,'suite',1,4000,'386'),(387,'suite',0,3500,'387'),(388,'twin bed',1,3000,'388'),(389,'suite',0,3500,'389'),(390,'twin bed',1,3000,'390'),(391,'double bed',0,3500,'391'),(392,'double bed',1,4500,'392'),(393,'double bed',1,2500,'393'),(394,'suite',1,3500,'394'),(395,'suite',1,4000,'395'),(396,'suite',0,4500,'396'),(397,'suite',0,5000,'397'),(398,'twin bed',1,2500,'398'),(399,'twin bed',0,3000,'399'),(400,'double bed',1,5000,'400'),(401,'twin bed',0,5000,'401'),(402,'double bed',0,3000,'402'),(403,'suite',0,4500,'403'),(404,'twin bed',0,4000,'404'),(405,'suite',0,3000,'405'),(406,'twin bed',0,3000,'406'),(407,'suite',1,4000,'407'),(408,'double bed',0,4500,'408'),(409,'twin bed',1,2500,'409'),(410,'suite',1,4500,'410'),(411,'double bed',1,3500,'411'),(412,'twin bed',0,2500,'412'),(413,'twin bed',1,3000,'413'),(414,'suite',1,4000,'414'),(415,'suite',0,4000,'415'),(416,'twin bed',1,3500,'416'),(417,'twin bed',1,4500,'417'),(418,'double bed',0,3000,'418'),(419,'suite',1,3500,'419'),(420,'twin bed',0,3500,'420'),(421,'suite',0,3000,'421'),(422,'twin bed',1,3500,'422'),(423,'suite',0,4000,'423'),(424,'twin bed',1,3000,'424'),(425,'twin bed',0,3500,'425'),(426,'double bed',0,4000,'426'),(427,'twin bed',1,3000,'427'),(428,'twin bed',1,3500,'428'),(429,'twin bed',0,3000,'429'),(430,'twin bed',0,3000,'430'),(431,'twin bed',1,5000,'431'),(432,'suite',1,4500,'432'),(433,'double bed',0,4000,'433'),(434,'double bed',1,5000,'434'),(435,'suite',1,5000,'435'),(436,'double bed',0,3500,'436'),(437,'twin bed',0,3500,'437'),(438,'double bed',0,5000,'438'),(439,'double bed',0,2500,'439'),(440,'twin bed',0,4500,'440'),(441,'twin bed',0,4000,'441'),(442,'suite',1,5000,'442'),(443,'twin bed',1,2500,'443'),(444,'double bed',1,3500,'444'),(445,'twin bed',0,5000,'445'),(446,'suite',1,4500,'446'),(447,'twin bed',0,5000,'447'),(448,'double bed',1,2500,'448'),(449,'suite',1,4500,'449'),(450,'twin bed',1,4500,'450'),(451,'suite',1,2500,'451'),(452,'double bed',1,4000,'452'),(453,'suite',0,4000,'453'),(454,'suite',0,2500,'454'),(455,'suite',1,4500,'455'),(456,'suite',0,4500,'456'),(457,'twin bed',0,3500,'457'),(458,'suite',1,4500,'458'),(459,'double bed',1,3000,'459'),(460,'double bed',1,3500,'460'),(461,'suite',0,2500,'461'),(462,'twin bed',0,3000,'462'),(463,'twin bed',0,4500,'463'),(464,'suite',0,4000,'464'),(465,'suite',1,3000,'465'),(466,'suite',0,3500,'466'),(467,'double bed',0,3500,'467'),(468,'suite',1,2500,'468'),(469,'double bed',1,3000,'469'),(470,'suite',0,5000,'470'),(471,'double bed',0,5000,'471'),(472,'suite',1,4000,'472'),(473,'suite',0,5000,'473'),(474,'suite',0,3500,'474'),(475,'suite',0,3000,'475'),(476,'twin bed',1,3500,'476'),(477,'double bed',1,4500,'477'),(478,'double bed',1,3000,'478'),(479,'double bed',1,3000,'479'),(480,'twin bed',0,2500,'480'),(481,'double bed',1,4500,'481'),(482,'twin bed',0,2500,'482'),(483,'suite',0,3500,'483'),(484,'twin bed',1,4000,'484'),(485,'twin bed',0,2500,'485'),(486,'double bed',1,2500,'486'),(487,'twin bed',0,4500,'487'),(488,'twin bed',0,4500,'488'),(489,'double bed',0,3500,'489'),(490,'double bed',0,4500,'490'),(491,'twin bed',0,3000,'491'),(492,'twin bed',0,2500,'492'),(493,'twin bed',0,4500,'493'),(494,'suite',1,4500,'494'),(495,'twin bed',0,5000,'495'),(496,'double bed',1,3500,'496'),(497,'twin bed',0,4500,'497'),(498,'suite',1,5000,'498'),(499,'suite',0,2500,'499'),(500,'suite',1,2500,'500');
/*!40000 ALTER TABLE `room` ENABLE KEYS */;
UNLOCK TABLES;

--
-- Table structure for table `travel_request`
--

DROP TABLE IF EXISTS `travel_request`;
/*!40101 SET @saved_cs_client     = @@character_set_client */;
/*!50503 SET character_set_client = utf8mb4 */;
CREATE TABLE `travel_request` (
  `travel_request_id` int NOT NULL,
  `number_of_travellers` int DEFAULT NULL,
  `date_of_travel` date NOT NULL,
  `destination` varchar(100) NOT NULL,
  `travel_purpose` varchar(100) NOT NULL,
  `driver_license` varchar(20) DEFAULT NULL,
  `pick_up_time` varchar(10) DEFAULT NULL,
  PRIMARY KEY (`travel_request_id`),
  KEY `driver_license` (`driver_license`),
  CONSTRAINT `travel_request_ibfk_1` FOREIGN KEY (`driver_license`) REFERENCES `driver` (`driver_license`) ON DELETE SET NULL
) ENGINE=InnoDB DEFAULT CHARSET=utf8mb4 COLLATE=utf8mb4_0900_ai_ci;
/*!40101 SET character_set_client = @saved_cs_client */;

--
-- Dumping data for table `travel_request`
--

LOCK TABLES `travel_request` WRITE;
/*!40000 ALTER TABLE `travel_request` DISABLE KEYS */;
INSERT INTO `travel_request` VALUES (1,2,'2024-04-05','BOM','NONE\r\n',NULL,'20:14:00'),(2,3,'2024-04-06','Ahmedabad','NONE',NULL,'21:14:00'),(3,1,'2024-04-03','Ahmedabad','NONE','4','20:15:00'),(4,4,'2024-04-01','Mumbai','NONE','3','20:14:00'),(5,5,'2024-03-06','Ahmedabad','NONE\r\n','1','19:16:00'),(6,2,'2024-04-06','Ahmedabad','NONE',NULL,'20:24:00'),(7,3,'2024-04-06','Ahmedabad','NONE',NULL,'20:25:00'),(8,3,'2024-04-06','Ahmedabad','NONE\r\n',NULL,'20:25:00');
/*!40000 ALTER TABLE `travel_request` ENABLE KEYS */;
UNLOCK TABLES;
/*!40103 SET TIME_ZONE=@OLD_TIME_ZONE */;

/*!40101 SET SQL_MODE=@OLD_SQL_MODE */;
/*!40014 SET FOREIGN_KEY_CHECKS=@OLD_FOREIGN_KEY_CHECKS */;
/*!40014 SET UNIQUE_CHECKS=@OLD_UNIQUE_CHECKS */;
/*!40101 SET CHARACTER_SET_CLIENT=@OLD_CHARACTER_SET_CLIENT */;
/*!40101 SET CHARACTER_SET_RESULTS=@OLD_CHARACTER_SET_RESULTS */;
/*!40101 SET COLLATION_CONNECTION=@OLD_COLLATION_CONNECTION */;
/*!40111 SET SQL_NOTES=@OLD_SQL_NOTES */;

-- Dump completed on 2024-04-06 15:00:13
